Time,PosX,PosY,Alt,VelN,VelE,VelD,Roll,Pitch,Yaw,Qw,Qx,Qy,Qz,TAS,Alpha,Beta,Elevator,Aileron,Rudder,Throttle,AccZ,Lat,Lon,GPS_Alt,GPS_Spd
0.0000,1.5000,0.0000,2999.9995,149.9968,0.0000,0.0977,0.0000,-0.0000,0.0000,1.0000,0.0000,-0.0000,0.0000,150.0000,0.0000,0.0000,0.0000,0.0000,0.0000,0.6000,-0.0000,0.000000,0.000000,0.00,0.00
0.0100,2.9999,0.0000,2999.9980,149.9936,0.0000,0.1945,0.0000,-0.0000,0.0000,1.0000,0.0000,-0.0000,0.0000,149.9968,0.0373,0.0000,0.0000,0.0000,0.0000,0.6000,-0.0803,0.000000,0.000000,0.00,0.00
0.0200,4.4999,0.0000,2999.9956,149.9904,0.0000,0.2905,0.0000,-0.0000,0.0000,1.0000,0.0000,-0.0000,0.0000,149.9937,0.0743,0.0000,0.0000,0.0000,0.0000,0.6000,-0.1598,0.000000,0.000000,0.00,0.00
0.0300,5.9997,0.0000,2999.9922,149.9872,0.0000,0.3858,0.0000,-0.0001,0.0000,1.0000,0.0000,-0.0000,0.0000,149.9907,0.1110,0.0000,0.0000,0.0000,0.0000,0.6000,-0.2388,0.000000,0.000000,0.00,0.00
0.0400,7.4996,0.0000,2999.9879,149.9840,0.0000,0.4801,0.0000,-0.0001,0.0000,1.0000,0.0000,-0.0000,0.0000,149.9877,0.1474,0.0000,0.0000,0.0000,0.0000,0.6000,-0.3170,0.000000,0.000000,0.00,0.00
0.0500,8.9994,0.0000,2999.9826,149.9808,0.0000,0.5737,0.0000,-0.0002,0.0000,1.0000,0.0000,-0.0000,0.0000,149.9847,0.1834,0.0000,0.0000,0.0000,0.0000,0.6000,-0.3945,0.000000,0.000000,0.00,0.00
0.0600,10.4992,0.0000,2999.9764,149.9776,0.0000,0.6664,0.0000,-0.0003,0.0000,1.0000,0.0000,-0.0000,0.0000,149.9819,0.2192,0.0000,0.0000,0.0000,0.0000,0.6000,-0.4714,0.000000,0.000000,0.00,0.00
0.0700,11.9990,0.0000,2999.9693,149.9744,0.0000,0.7583,0.0000,-0.0004,0.0000,1.0000,0.0000,-0.0000,0.0000,149.9790,0.2546,0.0000,0.0000,0.0000,0.0000,0.6000,-0.5476,0.000000,0.000000,0.00,0.00
0.0800,13.4987,0.0000,2999.9612,149.9712,0.0000,0.8493,0.0000,-0.0006,0.0000,1.0000,0.0000,-0.0000,0.0000,149.9763,0.2897,0.0000,0.0000,0.0000,0.0000,0.6000,-0.6230,0.000000,0.000000,0.00,0.00
0.0900,14.9984,0.0000,2999.9523,149.9680,0.0000,0.9394,0.0000,-0.0008,0.0000,1.0000,0.0000,-0.0000,0.0000,149.9736,0.3245,0.0000,0.0000,0.0000,0.0000,0.6000,-0.6978,0.000000,0.000000,0.00,0.00
0.1000,16.4981,0.0000,2999.9424,149.9648,0.0000,1.0287,0.0000,-0.0010,0.0000,1.0000,0.0000,-0.0000,0.0000,149.9709,0.3589,0.0000,0.0000,0.0000,0.0000,0.6000,-0.7719,0.000000,0.000000,0.00,0.00
0.1100,17.9977,0.0000,2999.9317,149.9617,0.0000,1.1172,0.0000,-0.0014,0.0000,1.0000,0.0000,-0.0000,0.0000,149.9684,0.3930,0.0000,0.0000,0.0000,0.0000,0.6000,-0.8453,0.000000,0.000000,0.00,0.00
0.1200,19.4973,0.0000,2999.9200,149.9585,0.0000,1.2048,0.0000,-0.0017,0.0000,1.0000,0.0000,-0.0000,0.0000,149.9658,0.4268,0.0000,0.0000,0.0000,0.0000,0.6000,-0.9179,0.000000,0.000000,0.00,0.00
0.1300,20.9969,0.0000,2999.9075,149.9553,0.0000,1.2915,0.0000,-0.0021,0.0000,1.0000,0.0000,-0.0000,0.0000,149.9633,0.4603,0.0000,0.0000,0.0000,0.0000,0.6000,-0.9899,0.000000,0.000000,0.00,0.00
0.1400,22.4964,0.0000,2999.8941,149.9522,0.0000,1.3773,0.0000,-0.0026,0.0000,1.0000,0.0000,-0.0000,0.0000,149.9609,0.4934,0.0000,0.0000,0.0000,0.0000,0.6000,-1.0611,0.000000,0.000000,0.00,0.00
0.1500,23.9959,0.0000,2999.8798,149.9491,0.0000,1.4623,0.0000,-0.0032,0.0000,1.0000,0.0000,-0.0000,0.0000,149.9585,0.5263,0.0000,0.0000,0.0000,0.0000,0.6000,-1.1316,0.000000,0.000000,0.00,0.00
0.1600,25.4954,0.0000,2999.8647,149.9459,0.0000,1.5464,0.0000,-0.0038,0.0000,1.0000,0.0000,-0.0000,0.0000,149.9562,0.5587,0.0000,0.0000,0.0000,0.0000,0.6000,-1.2014,0.000000,0.000000,0.00,0.00
0.1700,26.9948,0.0000,2999.8487,149.9428,0.0000,1.6296,0.0000,-0.0045,0.0000,1.0000,0.0000,-0.0000,0.0000,149.9539,0.5909,0.0000,0.0000,0.0000,0.0000,0.6000,-1.2705,0.000000,0.000000,0.00,0.00
0.1800,28.4942,0.0000,2999.8318,149.9397,0.0000,1.7119,0.0000,-0.0052,0.0000,1.0000,0.0000,-0.0000,0.0000,149.9517,0.6227,0.0000,0.0000,0.0000,0.0000,0.6000,-1.3388,0.000000,0.000000,0.00,0.00
0.1900,29.9936,0.0000,2999.8142,149.9367,0.0000,1.7933,0.0000,-0.0061,0.0000,1.0000,0.0000,-0.0001,0.0000,149.9495,0.6541,0.0000,0.0000,0.0000,0.0000,0.6000,-1.4064,0.000000,0.000000,0.00,0.00
0.2000,31.4930,0.0000,2999.7956,149.9336,0.0000,1.8739,0.0000,-0.0070,0.0000,1.0000,0.0000,-0.0001,0.0000,149.9474,0.6853,0.0000,0.0000,0.0000,0.0000,0.6000,-1.4733,0.000000,0.000000,0.00,0.00
0.2100,32.9923,0.0000,2999.7763,149.9305,0.0000,1.9535,0.0000,-0.0081,0.0000,1.0000,0.0000,-0.0001,0.0000,149.9453,0.7161,0.0000,0.0000,0.0000,0.0000,0.6000,-1.5395,0.000000,0.000000,0.00,0.00
0.2200,34.4916,0.0000,2999.7562,149.9275,0.0000,2.0323,0.0000,-0.0092,0.0000,1.0000,0.0000,-0.0001,0.0000,149.9433,0.7465,0.0000,0.0000,0.0000,0.0000,0.6000,-1.6049,0.000000,0.000000,0.00,0.00
0.2300,35.9908,0.0000,2999.7352,149.9245,0.0000,2.1102,0.0000,-0.0104,0.0000,1.0000,0.0000,-0.0001,0.0000,149.9413,0.7766,0.0000,0.0000,0.0000,0.0000,0.6000,-1.6696,0.000000,0.000000,0.00,0.00
0.2400,37.4900,0.0000,2999.7134,149.9215,0.0000,2.1871,0.0000,-0.0117,0.0000,1.0000,0.0000,-0.0001,0.0000,149.9393,0.8064,0.0000,0.0000,0.0000,0.0000,0.6000,-1.7335,0.000000,0.000000,0.00,0.00
0.2500,38.9892,0.0000,2999.6908,149.9185,0.0000,2.2632,0.0000,-0.0131,0.0000,1.0000,0.0000,-0.0001,0.0000,149.9374,0.8358,0.0000,0.0000,0.0000,0.0000,0.6000,-1.7967,0.000000,0.000000,0.00,0.00
0.2600,40.4884,0.0000,2999.6675,149.9155,0.0000,2.3384,0.0000,-0.0147,0.0000,1.0000,0.0000,-0.0001,0.0000,149.9356,0.8649,0.0000,0.0000,0.0000,0.0000,0.6000,-1.8592,0.000000,0.000000,0.00,0.00
0.2700,41.9875,0.0000,2999.6433,149.9126,0.0000,2.4126,0.0000,-0.0163,0.0000,1.0000,0.0000,-0.0001,0.0000,149.9337,0.8936,0.0000,0.0000,0.0000,0.0000,0.6000,-1.9210,0.000000,0.000000,0.00,0.00
0.2800,43.4866,0.0000,2999.6184,149.9096,0.0000,2.4860,0.0000,-0.0181,0.0000,1.0000,0.0000,-0.0002,0.0000,149.9320,0.9220,0.0000,0.0000,0.0000,0.0000,0.6000,-1.9820,0.000000,0.000000,0.00,0.00
0.2900,44.9857,0.0000,2999.5926,149.9067,0.0000,2.5584,0.0000,-0.0199,0.0000,1.0000,0.0000,-0.0002,0.0000,149.9302,0.9501,0.0000,0.0000,0.0000,0.0000,0.6000,-2.0422,0.000000,0.000000,0.00,0.00
0.3000,46.4848,0.0000,2999.5661,149.9038,0.0000,2.6300,0.0000,-0.0219,0.0000,1.0000,0.0000,-0.0002,0.0000,149.9285,0.9778,0.0000,0.0000,0.0000,0.0000,0.6000,-2.1017,0.000000,0.000000,0.00,0.00
0.3100,47.9838,0.0000,2999.5389,149.9010,0.0000,2.7007,0.0000,-0.0240,0.0000,1.0000,0.0000,-0.0002,0.0000,149.9269,1.0051,0.0000,0.0000,0.0000,0.0000,0.6000,-2.1605,0.000000,0.000000,0.00,0.00
0.3200,49.4828,0.0000,2999.5109,149.8981,0.0000,2.7704,0.0000,-0.0263,0.0000,1.0000,0.0000,-0.0002,0.0000,149.9253,1.0321,0.0000,0.0000,0.0000,0.0000,0.6000,-2.2185,0.000000,0.000000,0.00,0.00
0.3300,50.9817,0.0000,2999.4821,149.8953,0.0000,2.8392,0.0000,-0.0286,0.0000,1.0000,0.0000,-0.0002,0.0000,149.9237,1.0588,0.0000,0.0000,0.0000,0.0000,0.6000,-2.2758,0.000000,0.000000,0.00,0.00
0.3400,52.4806,0.0000,2999.4526,149.8925,0.0000,2.9072,0.0000,-0.0311,0.0000,1.0000,0.0000,-0.0003,0.0000,149.9222,1.0851,0.0000,0.0000,0.0000,0.0000,0.6000,-2.3323,0.000000,0.000000,0.00,0.00
0.3500,53.9795,0.0000,2999.4223,149.8897,0.0000,2.9742,0.0000,-0.0338,0.0000,1.0000,0.0000,-0.0003,0.0000,149.9207,1.1111,0.0000,0.0000,0.0000,0.0000,0.6000,-2.3881,0.000000,0.000000,0.00,0.00
0.3600,55.4784,0.0000,2999.3914,149.8870,0.0000,3.0403,0.0000,-0.0365,0.0000,1.0000,0.0000,-0.0003,0.0000,149.9192,1.1367,0.0000,0.0000,0.0000,0.0000,0.6000,-2.4432,0.000000,0.000000,0.00,0.00
0.3700,56.9772,0.0000,2999.3596,149.8843,0.0000,3.1055,0.0000,-0.0394,0.0000,1.0000,0.0000,-0.0003,0.0000,149.9178,1.1620,0.0000,0.0000,0.0000,0.0000,0.6000,-2.4975,0.000000,0.000000,0.00,0.00
0.3800,58.4760,0.0000,2999.3272,149.8816,0.0000,3.1698,0.0000,-0.0425,0.0000,1.0000,0.0000,-0.0004,0.0000,149.9165,1.1870,0.0000,0.0000,0.0000,0.0000,0.6000,-2.5510,0.000000,0.000000,0.00,0.00
0.3900,59.9748,0.0000,2999.2940,149.8789,0.0000,3.2332,0.0000,-0.0457,0.0000,1.0000,0.0000,-0.0004,0.0000,149.9151,1.2116,0.0000,0.0000,0.0000,0.0000,0.6000,-2.6038,0.000000,0.000000,0.00,0.00
0.4000,61.4736,0.0000,2999.2601,149.8763,0.0000,3.2957,0.0000,-0.0490,0.0000,1.0000,0.0000,-0.0004,0.0000,149.9138,1.2358,0.0000,0.0000,0.0000,0.0000,0.6000,-2.6559,0.000000,0.000000,0.00,0.00
0.4100,62.9723,0.0000,2999.2255,149.8737,0.0000,3.3573,0.0000,-0.0525,0.0000,1.0000,0.0000,-0.0005,0.0000,149.9125,1.2597,0.0000,0.0000,0.0000,0.0000,0.6000,-2.7073,0.000000,0.000000,0.00,0.00
0.4200,64.4710,0.0000,2999.1902,149.8711,0.0000,3.4180,0.0000,-0.0562,0.0000,1.0000,0.0000,-0.0005,0.0000,149.9113,1.2833,0.0000,0.0000,0.0000,0.0000,0.6000,-2.7578,0.000000,0.000000,0.00,0.00
0.4300,65.9696,0.0000,2999.1542,149.8686,0.0000,3.4778,0.0000,-0.0600,0.0000,1.0000,0.0000,-0.0005,0.0000,149.9101,1.3065,0.0000,0.0000,0.0000,0.0000,0.6000,-2.8077,0.000000,0.000000,0.00,0.00
0.4400,67.4683,0.0000,2999.1175,149.8661,0.0000,3.5367,0.0000,-0.0640,0.0000,1.0000,0.0000,-0.0006,0.0000,149.9090,1.3293,0.0000,0.0000,0.0000,0.0000,0.6000,-2.8568,0.000000,0.000000,0.00,0.00
0.4500,68.9669,0.0000,2999.0802,149.8636,0.0000,3.5947,0.0000,-0.0681,0.0000,1.0000,0.0000,-0.0006,0.0000,149.9078,1.3519,0.0000,0.0000,0.0000,0.0000,0.6000,-2.9052,0.000000,0.000000,0.00,0.00
0.4600,70.4655,0.0000,2999.0421,149.8612,0.0000,3.6518,0.0000,-0.0724,0.0000,1.0000,0.0000,-0.0006,0.0000,149.9067,1.3740,0.0000,0.0000,0.0000,0.0000,0.6000,-2.9528,0.000000,0.000000,0.00,0.00
0.4700,71.9640,0.0000,2999.0033,149.8588,0.0000,3.7080,0.0000,-0.0768,0.0000,1.0000,0.0000,-0.0007,0.0000,149.9057,1.3959,0.0000,0.0000,0.0000,0.0000,0.6000,-2.9997,0.000000,0.000000,0.00,0.00
0.4800,73.4625,0.0000,2998.9639,149.8564,0.0000,3.7633,0.0000,-0.0814,0.0000,1.0000,0.0000,-0.0007,0.0000,149.9047,1.4174,0.0000,0.0000,0.0000,0.0000,0.6000,-3.0459,0.000000,0.000000,0.00,0.00
0.4900,74.9610,0.0000,2998.9238,149.8541,0.0000,3.8177,0.0000,-0.0862,0.0000,1.0000,0.0000,-0.0008,0.0000,149.9037,1.4385,0.0000,0.0000,0.0000,0.0000,0.6000,-3.0913,0.000000,0.000000,0.00,0.00
0.5000,76.4595,0.0000,2998.8831,149.8518,0.0000,3.8712,0.0000,-0.0912,0.0000,1.0000,0.0000,-0.0008,0.0000,149.9027,1.4593,0.0000,0.0000,0.0000,0.0000,0.6000,-3.1360,0.000000,0.000000,0.00,0.00
0.5100,77.9579,0.0000,2998.8416,149.8495,0.0000,3.9238,0.0000,-0.0963,0.0000,1.0000,0.0000,-0.0008,0.0000,149.9018,1.4798,0.0000,0.0000,0.0000,0.0000,0.6000,-3.1799,0.000000,0.000000,0.00,0.00
0.5200,79.4563,0.0000,2998.7995,149.8473,0.0000,3.9755,0.0000,-0.1016,0.0000,1.0000,0.0000,-0.0009,0.0000,149.9009,1.4999,0.0000,0.0000,0.0000,0.0000,0.6000,-3.2232,0.000000,0.000000,0.00,0.00
0.5300,80.9547,0.0000,2998.7568,149.8451,0.0000,4.0264,0.0000,-0.1071,0.0000,1.0000,0.0000,-0.0009,0.0000,149.9000,1.5197,0.0000,0.0000,0.0000,0.0000,0.6000,-3.2657,0.000000,0.000000,0.00,0.00
0.5400,82.4531,0.0000,2998.7134,149.8430,0.0000,4.0764,0.0000,-0.1128,0.0000,1.0000,0.0000,-0.0010,0.0000,149.8992,1.5392,0.0000,0.0000,0.0000,0.0000,0.6000,-3.3075,0.000000,0.000000,0.00,0.00
0.5500,83.9514,0.0000,2998.6694,149.8409,0.0000,4.1255,0.0000,-0.1186,0.0000,1.0000,0.0000,-0.0010,0.0000,149.8984,1.5583,0.0000,0.0000,0.0000,0.0000,0.6000,-3.3485,0.000000,0.000000,0.00,0.00
0.5600,85.4497,0.0000,2998.6247,149.8388,0.0000,4.1737,0.0000,-0.1246,0.0000,1.0000,0.0000,-0.0011,0.0000,149.8976,1.5771,0.0000,0.0000,0.0000,0.0000,0.6000,-3.3888,0.000000,0.000000,0.00,0.00
0.5700,86.9480,0.0000,2998.5794,149.8368,0.0000,4.2210,0.0000,-0.1309,0.0000,1.0000,0.0000,-0.0011,0.0000,149.8969,1.5955,0.0000,0.0000,0.0000,0.0000,0.6000,-3.4285,0.000000,0.000000,0.00,0.00
0.5800,88.4463,0.0000,2998.5334,149.8348,0.0000,4.2675,0.0000,-0.1372,0.0000,1.0000,0.0000,-0.0012,0.0000,149.8962,1.6136,0.0000,0.0000,0.0000,0.0000,0.6000,-3.4674,0.000000,0.000000,0.00,0.00
0.5900,89.9445,0.0000,2998.4869,149.8328,0.0000,4.3131,0.0000,-0.1438,0.0000,1.0000,0.0000,-0.0013,0.0000,149.8955,1.6314,0.0000,0.0000,0.0000,0.0000,0.6000,-3.5055,0.000000,0.000000,0.00,0.00
0.6000,91.4427,0.0000,2998.4397,149.8309,0.0000,4.3578,0.0000,-0.1506,0.0000,1.0000,0.0000,-0.0013,0.0000,149.8949,1.6489,0.0000,0.0000,0.0000,0.0000,0.6000,-3.5430,0.000000,0.000000,0.00,0.00
0.6100,92.9409,0.0000,2998.3918,149.8291,0.0000,4.4017,0.0000,-0.1576,0.0000,1.0000,0.0000,-0.0014,0.0000,149.8943,1.6660,0.0000,0.0000,0.0000,0.0000,0.6000,-3.5798,0.000000,0.000000,0.00,0.00
0.6200,94.4390,0.0000,2998.3434,149.8272,0.0000,4.4447,0.0000,-0.1647,0.0000,1.0000,0.0000,-0.0014,0.0000,149.8937,1.6828,0.0000,0.0000,0.0000,0.0000,0.6000,-3.6158,0.000000,0.000000,0.00,0.00
0.6300,95.9372,0.0000,2998.2943,149.8255,0.0000,4.4869,0.0000,-0.1721,0.0000,1.0000,0.0000,-0.0015,0.0000,149.8932,1.6992,0.0000,0.0000,0.0000,0.0000,0.6000,-3.6512,0.000000,0.000000,0.00,0.00
0.6400,97.4353,0.0000,2998.2446,149.8237,0.0000,4.5282,0.0000,-0.1796,0.0000,1.0000,0.0000,-0.0016,0.0000,149.8926,1.7154,0.0000,0.0000,0.0000,0.0000,0.6000,-3.6858,0.000000,0.000000,0.00,0.00
0.6500,98.9333,0.0000,2998.1944,149.8221,0.0000,4.5687,0.0000,-0.1874,0.0000,1.0000,0.0000,-0.0016,0.0000,149.8922,1.7312,0.0000,0.0000,0.0000,0.0000,0.6000,-3.7198,0.000000,0.000000,0.00,0.00
0.6600,100.4314,0.0000,2998.1435,149.8204,0.0000,4.6083,0.0000,-0.1953,0.0000,1.0000,0.0000,-0.0017,0.0000,149.8917,1.7466,0.0000,0.0000,0.0000,0.0000,0.6000,-3.7530,0.000000,0.000000,0.00,0.00
0.6700,101.9294,0.0000,2998.0920,149.8188,0.0000,4.6470,0.0000,-0.2034,0.0000,1.0000,0.0000,-0.0018,0.0000,149.8913,1.7618,0.0000,0.0000,0.0000,0.0000,0.6000,-3.7856,0.000000,0.000000,0.00,0.00
0.6800,103.4274,0.0000,2998.0399,149.8173,0.0000,4.6850,0.0000,-0.2118,0.0000,1.0000,0.0000,-0.0018,0.0000,149.8909,1.7766,0.0000,0.0000,0.0000,0.0000,0.6000,-3.8175,0.000000,0.000000,0.00,0.00
0.6900,104.9254,0.0000,2997.9872,149.8158,0.0000,4.7221,0.0000,-0.2203,0.0000,1.0000,0.0000,-0.0019,0.0000,149.8905,1.7911,0.0000,0.0000,0.0000,0.0000,0.6000,-3.8486,0.000000,0.000000,0.00,0.00
0.7000,106.4233,0.0000,2997.9339,149.8143,0.0000,4.7584,0.0000,-0.2291,0.0000,1.0000,0.0000,-0.0020,0.0000,149.8902,1.8053,0.0000,0.0000,0.0000,0.0000,0.6000,-3.8791,0.000000,0.000000,0.00,0.00
0.7100,107.9213,0.0000,2997.8801,149.8129,0.0000,4.7938,0.0000,-0.2380,0.0000,1.0000,0.0000,-0.0021,0.0000,149.8899,1.8192,0.0000,0.0000,0.0000,0.0000,0.6000,-3.9090,0.000000,0.000000,0.00,0.00
0.7200,109.4192,0.0000,2997.8256,149.8116,0.0000,4.8284,0.0000,-0.2471,0.0000,1.0000,0.0000,-0.0022,0.0000,149.8896,1.8328,0.0000,0.0000,0.0000,0.0000,0.6000,-3.9381,0.000000,0.000000,0.00,0.00
0.7300,110.9171,0.0000,2997.7706,149.8102,0.0000,4.8622,0.0000,-0.2565,0.0000,1.0000,0.0000,-0.0022,0.0000,149.8893,1.8460,0.0000,0.0000,0.0000,0.0000,0.6000,-3.9666,0.000000,0.000000,0.00,0.00
0.7400,112.4149,0.0000,2997.7150,149.8090,0.0000,4.8952,0.0000,-0.2661,0.0000,1.0000,0.0000,-0.0023,0.0000,149.8891,1.8589,0.0000,0.0000,0.0000,0.0000,0.6000,-3.9944,0.000000,0.000000,0.00,0.00
0.7500,113.9127,0.0000,2997.6588,149.8078,0.0000,4.9274,0.0000,-0.2758,0.0000,1.0000,0.0000,-0.0024,0.0000,149.8889,1.8716,0.0000,0.0000,0.0000,0.0000,0.6000,-4.0215,0.000000,0.000000,0.00,0.00
0.7600,115.4106,0.0000,2997.6020,149.8066,0.0000,4.9588,0.0000,-0.2858,0.0000,1.0000,0.0000,-0.0025,0.0000,149.8888,1.8839,0.0000,0.0000,0.0000,0.0000,0.6000,-4.0480,0.000000,0.000000,0.00,0.00
0.7700,116.9083,0.0000,2997.5446,149.8055,0.0000,4.9894,0.0000,-0.2960,0.0000,1.0000,0.0000,-0.0026,0.0000,149.8886,1.8959,0.0000,0.0000,0.0000,0.0000,0.6000,-4.0738,0.000000,0.000000,0.00,0.00
0.7800,118.4061,0.0000,2997.4867,149.8044,0.0000,5.0192,0.0000,-0.3064,0.0000,1.0000,0.0000,-0.0027,0.0000,149.8885,1.9076,0.0000,0.0000,0.0000,0.0000,0.6000,-4.0989,0.000000,0.000000,0.00,0.00
0.7900,119.9039,0.0000,2997.4282,149.8034,0.0000,5.0482,0.0000,-0.3170,0.0000,1.0000,0.0000,-0.0028,0.0000,149.8885,1.9190,0.0000,0.0000,0.0000,0.0000,0.6000,-4.1234,0.000000,0.000000,0.00,0.00
0.8000,121.4016,0.0000,2997.3692,149.8024,0.0000,5.0764,0.0000,-0.3278,0.0000,1.0000,0.0000,-0.0029,0.0000,149.8884,1.9301,0.0000,0.0000,0.0000,0.0000,0.6000,-4.1473,0.000000,0.000000,0.00,0.00
0.8100,122.8993,0.0000,2997.3096,149.8015,0.0000,5.1038,0.0000,-0.3388,0.0000,1.0000,0.0000,-0.0030,0.0000,149.8884,1.9408,0.0000,0.0000,0.0000,0.0000,0.6000,-4.1705,0.000000,0.000000,0.00,0.00
0.8200,124.3970,0.0000,2997.2494,149.8006,0.0000,5.1305,0.0000,-0.3500,0.0000,1.0000,0.0000,-0.0031,0.0000,149.8884,1.9513,0.0000,0.0000,0.0000,0.0000,0.6000,-4.1931,0.000000,0.000000,0.00,0.00
0.8300,125.8946,0.0000,2997.1887,149.7998,0.0000,5.1563,0.0000,-0.3615,0.0000,1.0000,0.0000,-0.0032,0.0000,149.8885,1.9615,0.0000,0.0000,0.0000,0.0000,0.6000,-4.2150,0.000000,0.000000,0.00,0.00
0.8400,127.3922,0.0000,2997.1274,149.7991,0.0000,5.1815,0.0000,-0.3731,0.0000,1.0000,0.0000,-0.0033,0.0000,149.8886,1.9714,0.0000,0.0000,0.0000,0.0000,0.6000,-4.2363,0.000000,0.000000,0.00,0.00
0.8500,128.8898,0.0000,2997.0655,149.7984,0.0000,5.2058,0.0000,-0.3850,0.0000,1.0000,0.0000,-0.0034,0.0000,149.8887,1.9810,0.0000,0.0000,0.0000,0.0000,0.6000,-4.2570,0.000000,0.000000,0.00,0.00
0.8600,130.3874,0.0000,2997.0031,149.7977,0.0000,5.2294,0.0000,-0.3971,0.0000,1.0000,0.0000,-0.0035,0.0000,149.8888,1.9904,0.0000,0.0000,0.0000,0.0000,0.6000,-4.2770,0.000000,0.000000,0.00,0.00
0.8700,131.8850,0.0000,2996.9402,149.7971,0.0000,5.2523,0.0000,-0.4094,0.0000,1.0000,0.0000,-0.0036,0.0000,149.8890,1.9994,0.0000,0.0000,0.0000,0.0000,0.6000,-4.2965,0.000000,0.000000,0.00,0.00
0.8800,133.3826,0.0000,2996.8767,149.7965,0.0000,5.2744,0.0000,-0.4219,0.0000,1.0000,0.0000,-0.0037,0.0000,149.8892,2.0081,0.0000,0.0000,0.0000,0.0000,0.6000,-4.3153,0.000000,0.000000,0.00,0.00
0.8900,134.8801,0.0000,2996.8126,149.7960,0.0000,5.2957,0.0000,-0.4346,0.0000,1.0000,0.0000,-0.0038,0.0000,149.8894,2.0166,0.0000,0.0000,0.0000,0.0000,0.6000,-4.3335,0.000000,0.000000,0.00,0.00
0.9000,136.3776,0.0000,2996.7480,149.7956,0.0000,5.3164,0.0000,-0.4476,0.0000,1.0000,0.0000,-0.0039,0.0000,149.8896,2.0247,0.0000,0.0000,0.0000,0.0000,0.6000,-4.3511,0.000000,0.000000,0.00,0.00
0.9100,137.8751,0.0000,2996.6829,149.7952,0.0000,5.3363,0.0000,-0.4607,0.0000,1.0000,0.0000,-0.0040,0.0000,149.8899,2.0326,0.0000,0.0000,0.0000,0.0000,0.6000,-4.3681,0.000000,0.000000,0.00,0.00
0.9200,139.3725,0.0000,2996.6172,149.7949,0.0000,5.3554,0.0000,-0.4741,0.0000,1.0000,0.0000,-0.0041,0.0000,149.8902,2.0402,0.0000,0.0000,0.0000,0.0000,0.6000,-4.3845,0.000000,0.000000,0.00,0.00
0.9300,140.8700,0.0000,2996.5510,149.7946,0.0000,5.3739,0.0000,-0.4877,0.0000,1.0000,0.0000,-0.0043,0.0000,149.8906,2.0476,0.0000,0.0000,0.0000,0.0000,0.6000,-4.4003,0.000000,0.000000,0.00,0.00
0.9400,142.3674,0.0000,2996.4843,149.7943,0.0000,5.3916,0.0000,-0.5015,0.0000,1.0000,0.0000,-0.0044,0.0000,149.8909,2.0546,0.0000,0.0000,0.0000,0.0000,0.6000,-4.4155,0.000000,0.000000,0.00,0.00
0.9500,143.8648,0.0000,2996.4170,149.7942,0.0000,5.4087,0.0000,-0.5155,0.0000,1.0000,0.0000,-0.0045,0.0000,149.8913,2.0614,0.0000,0.0000,0.0000,0.0000,0.6000,-4.4301,0.000000,0.000000,0.00,0.00
0.9600,145.3622,0.0000,2996.3491,149.7940,0.0000,5.4250,0.0000,-0.5298,0.0000,1.0000,0.0000,-0.0046,0.0000,149.8918,2.0679,0.0000,0.0000,0.0000,0.0000,0.6000,-4.4441,0.000000,0.000000,0.00,0.00
0.9700,146.8596,0.0000,2996.2808,149.7940,0.0000,5.4407,0.0000,-0.5442,0.0000,1.0000,0.0000,-0.0047,0.0000,149.8922,2.0741,0.0000,0.0000,0.0000,0.0000,0.6000,-4.4576,0.000000,0.000000,0.00,0.00
0.9800,148.3569,0.0000,2996.2119,149.7939,0.0000,5.4556,0.0000,-0.5589,0.0000,1.0000,0.0000,-0.0049,0.0000,149.8927,2.0801,0.0000,0.0000,0.0000,0.0000,0.6000,-4.4705,0.000000,0.000000,0.00,0.00
0.9900,149.8542,0.0000,2996.1424,149.7940,0.0000,5.4699,0.0000,-0.5738,0.0000,1.0000,0.0000,-0.0050,0.0000,149.8933,2.0858,0.0000,0.0000,0.0000,0.0000,0.6000,-4.4829,0.000000,0.000000,0.00,0.00
1.0000,151.3515,0.0000,2996.0725,149.7941,0.0000,5.4835,0.0000,-0.5889,0.0000,1.0000,0.0000,-0.0051,0.0000,149.8938,2.0913,0.0000,0.0000,0.0000,0.0000,0.6000,-4.4946,0.000000,0.000000,0.00,0.00
1.0100,152.8488,0.0000,2996.0020,149.7942,0.0000,5.4964,0.0000,-0.6042,0.0000,1.0000,0.0000,-0.0053,0.0000,149.8944,2.0965,0.0000,0.0000,0.0000,0.0000,0.6000,-4.5058,0.000000,0.000000,0.00,0.00
1.0200,154.3461,0.0000,2995.9310,149.7944,0.0000,5.5086,0.0000,-0.6197,0.0000,1.0000,0.0000,-0.0054,0.0000,149.8950,2.1014,0.0000,0.0000,0.0000,0.0000,0.6000,-4.5165,0.000000,0.000000,0.00,0.00
1.0300,155.8433,0.0000,2995.8594,149.7946,0.0000,5.5202,0.0000,-0.6354,0.0000,1.0000,0.0000,-0.0055,0.0000,149.8957,2.1061,0.0000,0.0000,0.0000,0.0000,0.6000,-4.5266,0.000000,0.000000,0.00,0.00
1.0400,157.3406,0.0000,2995.7873,149.7950,0.0000,5.5311,0.0000,-0.6514,0.0000,1.0000,0.0000,-0.0057,0.0000,149.8963,2.1105,0.0000,0.0000,0.0000,0.0000,0.6000,-4.5362,0.000000,0.000000,0.00,0.00
1.0500,158.8378,0.0000,2995.7147,149.7953,0.0000,5.5414,0.0000,-0.6676,0.0000,1.0000,0.0000,-0.0058,0.0000,149.8970,2.1147,0.0000,0.0000,0.0000,0.0000,0.6000,-4.5452,0.000000,0.000000,0.00,0.00
1.0600,160.3350,0.0000,2995.6416,149.7957,0.0000,5.5510,0.0000,-0.6840,0.0000,1.0000,0.0000,-0.0060,0.0000,149.8978,2.1186,0.0000,0.0000,0.0000,0.0000,0.6000,-4.5538,0.000000,0.000000,0.00,0.00
1.0700,161.8322,0.0000,2995.5680,149.7962,0.0000,5.5600,0.0000,-0.7006,0.0000,1.0000,0.0000,-0.0061,0.0000,149.8985,2.1223,0.0000,0.0000,0.0000,0.0000,0.6000,-4.5617,0.000000,0.000000,0.00,0.00
1.0800,163.3293,0.0000,2995.4938,149.7967,0.0000,5.5684,0.0000,-0.7174,0.0000,1.0000,0.0000,-0.0063,0.0000,149.8994,2.1257,0.0000,0.0000,0.0000,0.0000,0.6000,-4.5692,0.000000,0.000000,0.00,0.00
1.0900,164.8265,0.0000,2995.4191,149.7973,0.0000,5.5762,0.0000,-0.7344,0.0000,1.0000,0.0000,-0.0064,0.0000,149.9002,2.1289,0.0000,0.0000,0.0000,0.0000,0.6000,-4.5761,0.000000,0.000000,0.00,0.00
1.1000,166.3236,0.0000,2995.3439,149.7979,0.0000,5.5833,0.0000,-0.7516,0.0000,1.0000,0.0000,-0.0066,0.0000,149.9011,2.1318,0.0000,0.0000,0.0000,0.0000,0.6000,-4.5826,0.000000,0.000000,0.00,0.00
1.1100,167.8207,0.0000,2995.2681,149.7986,0.0000,5.5898,0.0000,-0.7691,0.0000,1.0000,0.0000,-0.0067,0.0000,149.9019,2.1345,0.0000,0.0000,0.0000,0.0000,0.6000,-4.5885,0.000000,0.000000,0.00,0.00
1.1200,169.3178,0.0000,2995.1919,149.7994,0.0000,5.5957,0.0000,-0.7868,0.0000,1.0000,0.0000,-0.0069,0.0000,149.9029,2.1370,0.0000,0.0000,0.0000,0.0000,0.6000,-4.5939,0.000000,0.000000,0.00,0.00
1.1300,170.8149,0.0000,2995.1151,149.8002,0.0000,5.6010,0.0000,-0.8046,0.0000,1.0000,0.0000,-0.0070,0.0000,149.9038,2.1393,0.0000,0.0000,0.0000,0.0000,0.6000,-4.5988,0.000000,0.000000,0.00,0.00
1.1400,172.3119,0.0000,2995.0378,149.8010,0.0000,5.6057,0.0000,-0.8227,0.0000,1.0000,0.0000,-0.0072,0.0000,149.9048,2.1413,0.0000,0.0000,0.0000,0.0000,0.6000,-4.6033,0.000000,0.000000,0.00,0.00
1.1500,173.8090,0.0000,2994.9600,149.8019,0.0000,5.6099,0.0000,-0.8410,0.0000,1.0000,0.0000,-0.0073,0.0000,149.9059,2.1431,0.0000,0.0000,0.0000,0.0000,0.6000,-4.6072,0.000000,0.000000,0.00,0.00
1.1600,175.3060,0.0000,2994.8816,149.8029,0.0000,5.6134,0.0000,-0.8595,0.0000,1.0000,0.0000,-0.0075,0.0000,149.9069,2.1446,0.0000,0.0000,0.0000,0.0000,0.6000,-4.6107,0.000000,0.000000,0.00,0.00
1.1700,176.8030,0.0000,2994.8028,149.8039,0.0000,5.6164,0.0000,-0.8782,0.0000,1.0000,0.0000,-0.0077,0.0000,149.9080,2.1460,0.0000,0.0000,0.0000,0.0000,0.6000,-4.6137,0.000000,0.000000,0.00,0.00
1.1800,178.3000,0.0000,2994.7234,149.8050,0.0000,5.6188,0.0000,-0.8972,0.0000,1.0000,0.0000,-0.0078,0.0000,149.9091,2.1471,0.0000,0.0000,0.0000,0.0000,0.6000,-4.6162,0.000000,0.000000,0.00,0.00
1.1900,179.7970,0.0000,2994.6435,149.8061,0.0000,5.6206,0.0000,-0.9163,0.0000,1.0000,0.0000,-0.0080,0.0000,149.9103,2.1480,0.0000,0.0000,0.0000,0.0000,0.6000,-4.6182,0.000000,0.000000,0.00,0.00
1.2000,181.2940,0.0000,2994.5631,149.8073,0.0000,5.6219,0.0000,-0.9356,0.0000,1.0000,0.0000,-0.0082,0.0000,149.9115,2.1487,0.0000,0.0000,0.0000,0.0000,0.6000,-4.6198,0.000000,0.000000,0.00,0.00
1.2100,182.7909,0.0000,2994.4822,149.8085,0.0000,5.6226,0.0000,-0.9552,0.0000,1.0000,0.0000,-0.0083,0.0000,149.9127,2.1492,0.0000,0.0000,0.0000,0.0000,0.6000,-4.6209,0.000000,0.000000,0.00,0.00
1.2200,184.2878,0.0000,2994.4007,149.8098,0.0000,5.6228,0.0000,-0.9749,0.0000,1.0000,0.0000,-0.0085,0.0000,149.9140,2.1494,0.0000,0.0000,0.0000,0.0000,0.6000,-4.6216,0.000000,0.000000,0.00,0.00
1.2300,185.7847,0.0000,2994.3187,149.8111,0.0000,5.6225,0.0000,-0.9949,0.0000,1.0000,0.0000,-0.0087,0.0000,149.9152,2.1495,0.0000,0.0000,0.0000,0.0000,0.6000,-4.6218,0.000000,0.000000,0.00,0.00
1.2400,187.2816,0.0000,2994.2363,149.8125,0.0000,5.6216,0.0000,-1.0151,0.0000,1.0000,0.0000,-0.0089,0.0000,149.9166,2.1493,0.0000,0.0000,0.0000,0.0000,0.6000,-4.6216,0.000000,0.000000,0.00,0.00
1.2500,188.7785,0.0000,2994.1532,149.8139,0.0000,5.6202,0.0000,-1.0354,0.0000,1.0000,0.0000,-0.0090,0.0000,149.9179,2.1490,0.0000,0.0000,0.0000,0.0000,0.6000,-4.6210,0.000000,0.000000,0.00,0.00
1.2600,190.2754,0.0000,2994.0697,149.8154,0.0000,5.6183,0.0000,-1.0560,0.0000,1.0000,0.0000,-0.0092,0.0000,149.9193,2.1484,0.0000,0.0000,0.0000,0.0000,0.6000,-4.6199,0.000000,0.000000,0.00,0.00
1.2700,191.7723,0.0000,2993.9857,149.8170,0.0000,5.6158,0.0000,-1.0768,0.0000,1.0000,0.0000,-0.0094,0.0000,149.9207,2.1477,0.0000,0.0000,0.0000,0.0000,0.6000,-4.6184,0.000000,0.000000,0.00,0.00
1.2800,193.2691,0.0000,2993.9011,149.8186,0.0000,5.6129,0.0000,-1.0977,0.0000,1.0000,0.0000,-0.0096,0.0000,149.9222,2.1467,0.0000,0.0000,0.0000,0.0000,0.6000,-4.6165,0.000000,0.000000,0.00,0.00
1.2900,194.7659,0.0000,2993.8160,149.8203,0.0000,5.6095,0.0000,-1.1189,0.0000,1.0000,0.0000,-0.0098,0.0000,149.9237,2.1456,0.0000,0.0000,0.0000,0.0000,0.6000,-4.6142,0.000000,0.000000,0.00,0.00
1.3000,196.2627,0.0000,2993.7304,149.8220,0.0000,5.6055,0.0000,-1.1403,0.0000,1.0000,0.0000,-0.0100,0.0000,149.9252,2.1442,0.0000,0.0000,0.0000,0.0000,0.6000,-4.6114,0.000000,0.000000,0.00,0.00
1.3100,197.7595,0.0000,2993.6443,149.8237,0.0000,5.6011,0.0000,-1.1618,0.0000,0.9999,0.0000,-0.0101,0.0000,149.9268,2.1427,0.0000,0.0000,0.0000,0.0000,0.6000,-4.6083,0.000000,0.000000,0.00,0.00
1.3200,199.2563,0.0000,2993.5577,149.8256,0.0000,5.5962,0.0000,-1.1836,0.0000,0.9999,0.0000,-0.0103,0.0000,149.9284,2.1410,0.0000,0.0000,0.0000,0.0000,0.6000,-4.6048,0.000000,0.000000,0.00,0.00
1.3300,200.7531,0.0000,2993.4705,149.8274,0.0000,5.5908,0.0000,-1.2056,0.0000,0.9999,0.0000,-0.0105,0.0000,149.9300,2.1391,0.0000,0.0000,0.0000,0.0000,0.6000,-4.6008,0.000000,0.000000,0.00,0.00
1.3400,202.2499,0.0000,2993.3828,149.8293,0.0000,5.5850,0.0000,-1.2277,0.0000,0.9999,0.0000,-0.0107,0.0000,149.9317,2.1370,0.0000,0.0000,0.0000,0.0000,0.6000,-4.5965,0.000000,0.000000,0.00,0.00
1.3500,203.7466,0.0000,2993.2946,149.8313,0.0000,5.5787,0.0000,-1.2501,0.0000,0.9999,0.0000,-0.0109,0.0000,149.9334,2.1348,0.0000,0.0000,0.0000,0.0000,0.6000,-4.5918,0.000000,0.000000,0.00,0.00
1.3600,205.2433,0.0000,2993.2059,149.8334,0.0000,5.5720,0.0000,-1.2726,0.0000,0.9999,0.0000,-0.0111,0.0000,149.9351,2.1323,0.0000,0.0000,0.0000,0.0000,0.6000,-4.5867,0.000000,0.000000,0.00,0.00
1.3700,206.7401,0.0000,2993.1167,149.8354,0.0000,5.5648,0.0000,-1.2954,0.0000,0.9999,0.0000,-0.0113,0.0000,149.9369,2.1297,0.0000,0.0000,0.0000,0.0000,0.6000,-4.5813,0.000000,0.000000,0.00,0.00
1.3800,208.2368,0.0000,2993.0269,149.8376,0.0000,5.5571,0.0000,-1.3183,0.0000,0.9999,0.0000,-0.0115,0.0000,149.9387,2.1269,0.0000,0.0000,0.0000,0.0000,0.6000,-4.5754,0.000000,0.000000,0.00,0.00
1.3900,209.7335,0.0000,2992.9366,149.8397,0.0000,5.5491,0.0000,-1.3414,0.0000,0.9999,0.0000,-0.0117,0.0000,149.9406,2.1240,0.0000,0.0000,0.0000,0.0000,0.6000,-4.5693,0.000000,0.000000,0.00,0.00
1.4000,211.2302,0.0000,2992.8458,149.8420,0.0000,5.5406,0.0000,-1.3647,0.0000,0.9999,0.0000,-0.0119,0.0000,149.9425,2.1209,0.0000,0.0000,0.0000,0.0000,0.6000,-4.5627,0.000000,0.000000,0.00,0.00
1.4100,212.7268,0.0000,2992.7545,149.8443,0.0000,5.5316,0.0000,-1.3882,0.0000,0.9999,0.0000,-0.0121,0.0000,149.9444,2.1176,0.0000,0.0000,0.0000,0.0000,0.6000,-4.5558,0.000000,0.000000,0.00,0.00
1.4200,214.2235,0.0000,2992.6626,149.8466,0.0000,5.5223,0.0000,-1.4119,0.0000,0.9999,0.0000,-0.0123,0.0000,149.9463,2.1142,0.0000,0.0000,0.0000,0.0000,0.6000,-4.5486,0.000000,0.000000,0.00,0.00
1.4300,215.7201,0.0000,2992.5702,149.8490,0.0000,5.5125,0.0000,-1.4357,0.0000,0.9999,0.0000,-0.0125,0.0000,149.9483,2.1106,0.0000,0.0000,0.0000,0.0000,0.6000,-4.5410,0.000000,0.000000,0.00,0.00
1.4400,217.2168,0.0000,2992.4773,149.8514,0.0000,5.5024,0.0000,-1.4598,0.0000,0.9999,0.0000,-0.0127,0.0000,149.9504,2.1068,0.0000,0.0000,0.0000,0.0000,0.6000,-4.5331,0.000000,0.000000,0.00,0.00
1.4500,218.7134,0.0000,2992.3838,149.8539,0.0000,5.4918,0.0000,-1.4840,0.0000,0.9999,0.0000,-0.0130,0.0000,149.9524,2.1029,0.0000,0.0000,0.0000,0.0000,0.6000,-4.5248,0.000000,0.000000,0.00,0.00
1.4600,220.2100,0.0000,2992.2899,149.8565,0.0000,5.4809,0.0000,-1.5084,0.0000,0.9999,0.0000,-0.0132,0.0000,149.9545,2.0988,0.0000,0.0000,0.0000,0.0000,0.6000,-4.5163,0.000000,0.000000,0.00,0.00
1.4700,221.7066,0.0000,2992.1954,149.8591,0.0000,5.4696,0.0000,-1.5330,0.0000,0.9999,0.0000,-0.0134,0.0000,149.9567,2.0946,0.0000,0.0000,0.0000,0.0000,0.6000,-4.5074,0.000000,0.000000,0.00,0.00
1.4800,223.2032,0.0000,2992.1003,149.8617,0.0000,5.4579,0.0000,-1.5578,0.0000,0.9999,0.0000,-0.0136,0.0000,149.9589,2.0903,0.0000,0.0000,0.0000,0.0000,0.6000,-4.4982,0.000000,0.000000,0.00,0.00
1.4900,224.6997,0.0000,2992.0048,149.8644,0.0000,5.4458,0.0000,-1.5828,0.0000,0.9999,0.0000,-0.0138,0.0000,149.9611,2.0858,0.0000,0.0000,0.0000,0.0000,0.6000,-4.4886,0.000000,0.000000,0.00,0.00
1.5000,226.1963,0.0000,2991.9087,149.8672,0.0000,5.4334,0.0000,-1.6079,0.0000,0.9999,0.0000,-0.0140,0.0000,149.9633,2.0811,0.0000,0.0000,0.0000,0.0000,0.6000,-4.4788,0.000000,0.000000,0.00,0.00
1.5100,227.6929,0.0000,2991.8120,149.8700,0.0000,5.4206,0.0000,-1.6332,0.0000,0.9999,0.0000,-0.0143,0.0000,149.9656,2.0763,0.0000,0.0000,0.0000,0.0000,0.6000,-4.4687,0.000000,0.000000,0.00,0.00
1.5200,229.1894,0.0000,2991.7149,149.8728,0.0000,5.4074,0.0000,-1.6587,0.0000,0.9999,0.0000,-0.0145,0.0000,149.9680,2.0714,0.0000,0.0000,0.0000,0.0000,0.6000,-4.4583,0.000000,0.000000,0.00,0.00
1.5300,230.6859,0.0000,2991.6172,149.8757,0.0000,5.3939,0.0000,-1.6843,0.0000,0.9999,0.0000,-0.0147,0.0000,149.9703,2.0663,0.0000,0.0000,0.0000,0.0000,0.6000,-4.4476,0.000000,0.000000,0.00,0.00
1.5400,232.1824,0.0000,2991.5189,149.8787,0.0000,5.3801,0.0000,-1.7101,0.0000,0.9999,0.0000,-0.0149,0.0000,149.9727,2.0611,0.0000,0.0000,0.0000,0.0000,0.6000,-4.4366,0.000000,0.000000,0.00,0.00
1.5500,233.6789,0.0000,2991.4202,149.8816,0.0000,5.3659,0.0000,-1.7361,0.0000,0.9999,0.0000,-0.0152,0.0000,149.9752,2.0558,0.0000,0.0000,0.0000,0.0000,0.6000,-4.4253,0.000000,0.000000,0.00,0.00
1.5600,235.1754,0.0000,2991.3209,149.8847,0.0000,5.3514,0.0000,-1.7623,0.0000,0.9999,0.0000,-0.0154,0.0000,149.9777,2.0504,0.0000,0.0000,0.0000,0.0000,0.6000,-4.4138,0.000000,0.000000,0.00,0.00
1.5700,236.6719,0.0000,2991.2210,149.8878,0.0000,5.3366,0.0000,-1.7886,0.0000,0.9999,0.0000,-0.0156,0.0000,149.9802,2.0448,0.0000,0.0000,0.0000,0.0000,0.6000,-4.4020,0.000000,0.000000,0.00,0.00
1.5800,238.1684,0.0000,2991.1206,149.8909,0.0000,5.3214,0.0000,-1.8151,0.0000,0.9999,0.0000,-0.0158,0.0000,149.9828,2.0391,0.0000,0.0000,0.0000,0.0000,0.6000,-4.3899,0.000000,0.000000,0.00,0.00
1.5900,239.6649,0.0000,2991.0197,149.8941,0.0000,5.3060,0.0000,-1.8418,0.0000,0.9999,0.0000,-0.0161,0.0000,149.9854,2.0333,0.0000,0.0000,0.0000,0.0000,0.6000,-4.3775,0.000000,0.000000,0.00,0.00
1.6000,241.1613,0.0000,2990.9182,149.8974,0.0000,5.2902,0.0000,-1.8686,0.0000,0.9999,0.0000,-0.0163,0.0000,149.9880,2.0273,0.0000,0.0000,0.0000,0.0000,0.6000,-4.3649,0.000000,0.000000,0.00,0.00
1.6100,242.6578,0.0000,2990.8162,149.9006,0.0000,5.2742,0.0000,-1.8956,0.0000,0.9999,0.0000,-0.0165,0.0000,149.9907,2.0213,0.0000,0.0000,0.0000,0.0000,0.6000,-4.3521,0.000000,0.000000,0.00,0.00
1.6200,244.1542,0.0000,2990.7136,149.9040,0.0000,5.2578,0.0000,-1.9228,0.0000,0.9999,0.0000,-0.0168,0.0000,149.9934,2.0151,0.0000,0.0000,0.0000,0.0000,0.6000,-4.3390,0.000000,0.000000,0.00,0.00
1.6300,245.6506,0.0000,2990.6105,149.9074,0.0000,5.2412,0.0000,-1.9501,0.0000,0.9999,0.0000,-0.0170,0.0000,149.9962,2.0088,0.0000,0.0000,0.0000,0.0000,0.6000,-4.3257,0.000000,0.000000,0.00,0.00
1.6400,247.1471,0.0000,2990.5068,149.9108,0.0000,5.2243,0.0000,-1.9775,0.0000,0.9999,0.0000,-0.0173,0.0000,149.9990,2.0024,0.0000,0.0000,0.0000,0.0000,0.6000,-4.3121,0.000000,0.000000,0.00,0.00
1.6500,248.6435,0.0000,2990.4026,149.9143,0.0000,5.2071,0.0000,-2.0052,0.0000,0.9998,0.0000,-0.0175,0.0000,150.0018,1.9959,0.0000,0.0000,0.0000,0.0000,0.6000,-4.2983,0.000000,0.000000,0.00,0.00
1.6600,250.1399,0.0000,2990.2978,149.9178,0.0000,5.1897,0.0000,-2.0329,0.0000,0.9998,0.0000,-0.0177,0.0000,150.0047,1.9893,0.0000,0.0000,0.0000,0.0000,0.6000,-4.2843,0.000000,0.000000,0.00,0.00
1.6700,251.6363,0.0000,2990.1925,149.9214,0.0000,5.1719,0.0000,-2.0609,0.0000,0.9998,0.0000,-0.0180,0.0000,150.0076,1.9826,0.0000,0.0000,0.0000,0.0000,0.6000,-4.2701,0.000000,0.000000,0.00,0.00
1.6800,253.1326,0.0000,2990.0866,149.9250,0.0000,5.1540,0.0000,-2.0890,0.0000,0.9998,0.0000,-0.0182,0.0000,150.0106,1.9758,0.0000,0.0000,0.0000,0.0000,0.6000,-4.2556,0.000000,0.000000,0.00,0.00
1.6900,254.6290,0.0000,2989.9802,149.9287,0.0000,5.1357,0.0000,-2.1172,0.0000,0.9998,0.0000,-0.0185,0.0000,150.0136,1.9689,0.0000,0.0000,0.0000,0.0000,0.6000,-4.2410,0.000000,0.000000,0.00,0.00
1.7000,256.1254,0.0000,2989.8732,149.9324,0.0000,5.1173,0.0000,-2.1456,0.0000,0.9998,0.0000,-0.0187,0.0000,150.0166,1.9619,0.0000,0.0000,0.0000,0.0000,0.6000,-4.2261,0.000000,0.000000,0.00,0.00
1.7100,257.6217,0.0000,2989.7656,149.9362,0.0000,5.0986,0.0000,-2.1741,0.0000,0.9998,0.0000,-0.0190,0.0000,150.0197,1.9548,0.0000,0.0000,0.0000,0.0000,0.6000,-4.2110,0.000000,0.000000,0.00,0.00
1.7200,259.1181,0.0000,2989.6575,149.9400,0.0000,5.0796,0.0000,-2.2028,0.0000,0.9998,0.0000,-0.0192,0.0000,150.0228,1.9476,0.0000,0.0000,0.0000,0.0000,0.6000,-4.1958,0.000000,0.000000,0.00,0.00
1.7300,260.6144,0.0000,2989.5489,149.9438,0.0000,5.0605,0.0000,-2.2316,0.0000,0.9998,0.0000,-0.0195,0.0000,150.0260,1.9403,0.0000,0.0000,0.0000,0.0000,0.6000,-4.1803,0.000000,0.000000,0.00,0.00
1.7400,262.1107,0.0000,2989.4396,149.9477,0.0000,5.0411,0.0000,-2.2606,0.0000,0.9998,0.0000,-0.0197,0.0000,150.0292,1.9329,0.0000,0.0000,0.0000,0.0000,0.6000,-4.1647,0.000000,0.000000,0.00,0.00
1.7500,263.6070,0.0000,2989.3298,149.9517,0.0000,5.0215,0.0000,-2.2897,0.0000,0.9998,0.0000,-0.0200,0.0000,150.0324,1.9255,0.0000,0.0000,0.0000,0.0000,0.6000,-4.1489,0.000000,0.000000,0.00,0.00
1.7600,265.1034,0.0000,2989.2195,149.9557,0.0000,5.0017,0.0000,-2.3190,0.0000,0.9998,0.0000,-0.0202,0.0000,150.0357,1.9180,0.0000,0.0000,0.0000,0.0000,0.6000,-4.1329,0.000000,0.000000,0.00,0.00
1.7700,266.5997,0.0000,2989.1085,149.9597,0.0000,4.9816,0.0000,-2.3483,0.0000,0.9998,0.0000,-0.0205,0.0000,150.0391,1.9104,0.0000,0.0000,0.0000,0.0000,0.6000,-4.1167,0.000000,0.000000,0.00,0.00
1.7800,268.0959,0.0000,2988.9970,149.9638,0.0000,4.9614,0.0000,-2.3779,0.0000,0.9998,0.0000,-0.0207,0.0000,150.0424,1.9027,0.0000,0.0000,0.0000,0.0000,0.6000,-4.1003,0.000000,0.000000,0.00,0.00
1.7900,269.5922,0.0000,2988.8849,149.9679,0.0000,4.9410,0.0000,-2.4075,0.0000,0.9998,0.0000,-0.0210,0.0000,150.0459,1.8949,0.0000,0.0000,0.0000,0.0000,0.6000,-4.0838,0.000000,0.000000,0.00,0.00
1.8000,271.0885,0.0000,2988.7723,149.9721,0.0000,4.9204,0.0000,-2.4373,0.0000,0.9998,0.0000,-0.0213,0.0000,150.0493,1.8870,0.0000,0.0000,0.0000,0.0000,0.6000,-4.0672,0.000000,0.000000,0.00,0.00
1.8100,272.5848,0.0000,2988.6591,149.9763,0.0000,4.8996,0.0000,-2.4673,0.0000,0.9998,0.0000,-0.0215,0.0000,150.0528,1.8791,0.0000,0.0000,0.0000,0.0000,0.6000,-4.0503,0.000000,0.000000,0.00,0.00
1.8200,274.0810,0.0000,2988.5453,149.9806,0.0000,4.8787,0.0000,-2.4973,0.0000,0.9998,0.0000,-0.0218,0.0000,150.0564,1.8711,0.0000,0.0000,0.0000,0.0000,0.6000,-4.0334,0.000000,0.000000,0.00,0.00
1.8300,275.5773,0.0000,2988.4309,149.9849,0.0000,4.8575,0.0000,-2.5275,0.0000,0.9998,0.0000,-0.0221,0.0000,150.0599,1.8631,0.0000,0.0000,0.0000,0.0000,0.6000,-4.0162,0.000000,0.000000,0.00,0.00
1.8400,277.0735,0.0000,2988.3159,149.9893,0.0000,4.8362,0.0000,-2.5578,0.0000,0.9998,0.0000,-0.0223,0.0000,150.0636,1.8550,0.0000,0.0000,0.0000,0.0000,0.6000,-3.9990,0.000000,0.000000,0.00,0.00
1.8500,278.5698,0.0000,2988.2004,149.9937,0.0000,4.8147,0.0000,-2.5883,0.0000,0.9997,0.0000,-0.0226,0.0000,150.0672,1.8468,0.0000,0.0000,0.0000,0.0000,0.6000,-3.9816,0.000000,0.000000,0.00,0.00
1.8600,280.0660,0.0000,2988.0843,149.9982,0.0000,4.7931,0.0000,-2.6189,0.0000,0.9997,0.0000,-0.0229,0.0000,150.0710,1.8385,0.0000,0.0000,0.0000,0.0000,0.6000,-3.9641,0.000000,0.000000,0.00,0.00
1.8700,281.5622,0.0000,2987.9675,150.0026,0.0000,4.7714,0.0000,-2.6495,0.0000,0.9997,0.0000,-0.0231,0.0000,150.0747,1.8302,0.0000,0.0000,0.0000,0.0000,0.6000,-3.9464,0.000000,0.000000,0.00,0.00
1.8800,283.0584,0.0000,2987.8502,150.0072,0.0000,4.7494,0.0000,-2.6804,0.0000,0.9997,0.0000,-0.0234,0.0000,150.0785,1.8219,0.0000,0.0000,0.0000,0.0000,0.6000,-3.9286,0.000000,0.000000,0.00,0.00
1.8900,284.5546,0.0000,2987.7324,150.0118,0.0000,4.7274,0.0000,-2.7113,0.0000,0.9997,0.0000,-0.0237,0.0000,150.0824,1.8135,0.0000,0.0000,0.0000,0.0000,0.6000,-3.9107,0.000000,0.000000,0.00,0.00
1.9000,286.0508,0.0000,2987.6139,150.0164,0.0000,4.7052,0.0000,-2.7424,0.0000,0.9997,0.0000,-0.0239,0.0000,150.0862,1.8050,0.0000,0.0000,0.0000,0.0000,0.6000,-3.8927,0.000000,0.000000,0.00,0.00
1.9100,287.5470,0.0000,2987.4948,150.0211,0.0000,4.6828,0.0000,-2.7735,0.0000,0.9997,0.0000,-0.0242,0.0000,150.0902,1.7965,0.0000,0.0000,0.0000,0.0000,0.6000,-3.8745,0.000000,0.000000,0.00,0.00
1.9200,289.0432,0.0000,2987.3752,150.0258,0.0000,4.6604,0.0000,-2.8048,0.0000,0.9997,0.0000,-0.0245,0.0000,150.0941,1.7879,0.0000,0.0000,0.0000,0.0000,0.6000,-3.8563,0.000000,0.000000,0.00,0.00
1.9300,290.5394,0.0000,2987.2549,150.0306,0.0000,4.6378,0.0000,-2.8362,0.0000,0.9997,0.0000,-0.0247,0.0000,150.0982,1.7793,0.0000,0.0000,0.0000,0.0000,0.6000,-3.8380,0.000000,0.000000,0.00,0.00
1.9400,292.0356,0.0000,2987.1340,150.0354,0.0000,4.6151,0.0000,-2.8678,0.0000,0.9997,0.0000,-0.0250,0.0000,150.1022,1.7706,0.0000,0.0000,0.0000,0.0000,0.6000,-3.8195,0.000000,0.000000,0.00,0.00
1.9500,293.5317,0.0000,2987.0126,150.0402,0.0000,4.5923,0.0000,-2.8994,0.0000,0.9997,0.0000,-0.0253,0.0000,150.1063,1.7619,0.0000,0.0000,0.0000,0.0000,0.6000,-3.8010,0.000000,0.000000,0.00,0.00
1.9600,295.0279,0.0000,2986.8905,150.0451,0.0000,4.5694,0.0000,-2.9311,0.0000,0.9997,0.0000,-0.0256,0.0000,150.1105,1.7531,0.0000,0.0000,0.0000,0.0000,0.6000,-3.7823,0.000000,0.000000,0.00,0.00
1.9700,296.5240,0.0000,2986.7679,150.0500,0.0000,4.5464,0.0000,-2.9630,0.0000,0.9997,0.0000,-0.0259,0.0000,150.1147,1.7443,0.0000,0.0000,0.0000,0.0000,0.6000,-3.7636,0.000000,0.000000,0.00,0.00
1.9800,298.0202,0.0000,2986.6446,150.0550,0.0000,4.5233,0.0000,-2.9949,0.0000,0.9997,0.0000,-0.0261,0.0000,150.1189,1.7355,0.0000,0.0000,0.0000,0.0000,0.6000,-3.7448,0.000000,0.000000,0.00,0.00
1.9900,299.5163,0.0000,2986.5207,150.0601,0.0000,4.5001,0.0000,-3.0270,0.0000,0.9997,0.0000,-0.0264,0.0000,150.1232,1.7266,0.0000,0.0000,0.0000,0.0000,0.6000,-3.7259,0.000000,0.000000,0.00,0.00
2.0000,301.0124,0.0000,2986.3955,150.0548,0.0000,4.7760,0.0000,-3.0032,0.0000,0.9997,0.0000,-0.0262,0.0000,150.1275,1.7177,0.0000,-1.0000,0.0000,0.0000,0.4000,11.6619,0.000000,0.000000,0.00,0.00
2.0100,302.5083,0.0000,2986.2681,150.0392,0.0000,5.3404,0.0000,-2.8679,0.0000,0.9997,0.0000,-0.0250,0.0000,150.1308,1.8230,0.0000,-1.0000,0.0000,0.0000,0.4000,11.4344,0.000000,0.000000,0.00,0.00
2.0200,304.0040,0.0000,2986.1387,150.0098,0.0000,6.1898,0.0000,-2.6216,0.0000,0.9997,0.0000,-0.0229,0.0000,150.1342,2.0385,0.0000,-1.0000,0.0000,0.0000,0.4000,10.9680,0.000000,0.000000,0.00,0.00
2.0300,305.4997,0.0000,2986.0072,149.9620,0.0000,7.3204,0.0000,-2.2646,0.0000,0.9998,0.0000,-0.0198,0.0000,150.1375,2.3628,0.0000,-1.0000,0.0000,0.0000,0.4000,10.2653,0.000000,0.000000,0.00,0.00
2.0400,306.9951,0.0000,2985.8739,149.8893,0.0000,8.7283,0.0000,-1.7975,0.0000,0.9999,0.0000,-0.0157,0.0000,150.1405,2.7947,0.0000,-1.0000,0.0000,0.0000,0.4000,9.3286,0.000000,0.000000,0.00,0.00
2.0500,308.4905,0.0000,2985.7388,149.7841,0.0000,10.4095,0.0000,-1.2207,0.0000,0.9999,0.0000,-0.0107,0.0000,150.1433,3.3327,0.0000,-1.0000,0.0000,0.0000,0.4000,8.1602,0.000000,0.000000,0.00,0.00
2.0600,309.9857,0.0000,2985.6020,149.6370,0.0000,12.3597,0.0000,-0.5347,0.0000,1.0000,0.0000,-0.0047,0.0000,150.1454,3.9755,0.0000,-1.0000,0.0000,0.0000,0.4000,6.7621,0.000000,0.000000,0.00,0.00
2.0700,311.4808,0.0000,2985.4637,149.4375,0.0000,14.5741,0.0000,0.2599,0.0000,1.0000,0.0000,0.0023,0.0000,150.1466,4.7218,0.0000,-1.0000,0.0000,0.0000,0.4000,5.1366,0.000000,0.000000,0.00,0.00
2.0800,312.9758,0.0000,2985.3241,149.1738,0.0000,17.0475,0.0000,1.1627,0.0000,0.9999,0.0000,0.0101,0.0000,150.1465,5.5702,0.0000,-1.0000,0.0000,0.0000,0.4000,3.2855,0.000000,0.000000,0.00,0.00
2.0900,314.4706,0.0000,2985.1834,148.8328,0.0000,19.7742,0.0000,2.1732,0.0000,0.9998,0.0000,0.0190,0.0000,150.1448,6.5194,0.0000,-1.0000,0.0000,0.0000,0.4000,1.2108,0.000000,0.000000,0.00,0.00
2.1000,315.9653,0.0000,2985.0419,148.4004,0.0000,22.7478,0.0000,3.2907,0.0000,0.9996,0.0000,0.0287,0.0000,150.1407,7.5681,0.0000,-1.0000,0.0000,0.0000,0.4000,-1.0854,0.000000,0.000000,0.00,0.00
2.1100,317.4598,0.0000,2984.8997,147.8612,0.0000,25.9610,0.0000,4.5148,0.0000,0.9992,0.0000,0.0394,0.0000,150.1337,8.7148,0.0000,-1.0000,0.0000,0.0000,0.4000,-3.6009,0.000000,0.000000,0.00,0.00
2.1200,318.9542,0.0000,2984.7572,147.1992,0.0000,29.4056,0.0000,5.8449,0.0000,0.9987,0.0000,0.0510,0.0000,150.1230,9.9583,0.0000,-1.0000,0.0000,0.0000,0.4000,-6.3336,0.000000,0.000000,0.00,0.00
2.1300,320.4484,0.0000,2984.6145,146.3974,0.0000,33.0725,0.0000,7.2803,0.0000,0.9980,0.0000,0.0635,0.0000,150.1076,11.2971,0.0000,-1.0000,0.0000,0.0000,0.4000,-9.2809,0.000000,0.000000,0.00,0.00
2.1400,321.9423,0.0000,2984.4722,145.4382,0.0000,36.9512,0.0000,8.8205,0.0000,0.9970,0.0000,0.0769,0.0000,150.0867,12.7300,0.0000,-1.0000,0.0000,0.0000,0.4000,-12.4399,0.000000,0.000000,0.00,0.00
2.1500,323.4360,0.0000,2984.3304,144.3033,0.0000,41.0300,0.0000,10.4648,0.0000,0.9958,0.0000,0.0912,0.0000,150.0589,14.2554,0.0000,-1.0000,0.0000,0.0000,0.4000,-15.8069,0.000000,0.000000,0.00,0.00
2.1600,324.9294,0.0000,2984.1896,142.9740,0.0000,45.2957,0.0000,12.2126,0.0000,0.9943,0.0000,0.1064,0.0000,150.0230,15.8721,0.0000,-1.0000,0.0000,0.0000,0.4000,-19.3763,0.000000,0.000000,0.00,0.00
2.1700,326.4224,0.0000,2984.0500,141.4315,0.0000,49.7336,0.0000,14.0631,0.0000,0.9925,0.0000,0.1224,0.0000,149.9776,17.5788,0.0000,-1.0000,0.0000,0.0000,0.4000,-23.1335,0.000000,0.000000,0.00,0.00
2.1800,327.9149,0.0000,2983.9121,139.6566,0.0000,54.3281,0.0000,16.0152,0.0000,0.9902,0.0000,0.1393,0.0000,149.9210,19.3739,0.0000,-1.0000,0.0000,0.0000,0.4000,-27.0160,0.000000,0.000000,0.00,0.00
2.1900,329.4069,0.0000,2983.7763,137.6279,0.0000,59.0668,0.0000,18.0661,0.0000,0.9876,0.0000,0.1570,0.0000,149.8516,21.2567,0.0000,-1.0000,0.0000,0.0000,0.4000,-30.6785,0.000000,0.000000,0.00,0.00
2.2000,330.8981,0.0000,2983.6426,135.3174,0.0000,63.9493,0.0000,20.2065,0.0000,0.9845,0.0000,0.1754,0.0000,149.7675,23.2279,0.0000,-1.0000,0.0000,0.0000,0.4000,-32.3674,0.000000,0.000000,0.00,0.00
2.2100,332.3883,0.0000,2983.5106,132.7069,0.0000,68.9500,0.0000,22.4155,0.0000,0.9809,0.0000,0.1944,0.0000,149.6673,25.2948,0.0000,-1.0000,0.0000,0.0000,0.4000,-28.4155,0.000000,0.000000,0.00,0.00
2.2200,333.8774,0.0000,2983.3798,129.8148,0.0000,73.9782,0.0000,24.6753,0.0000,0.9769,0.0000,0.2137,0.0000,149.5500,27.4549,0.0000,-1.0000,0.0000,0.0000,0.4000,-24.0723,0.000000,0.000000,0.00,0.00
2.2300,335.3652,0.0000,2983.2500,126.6549,0.0000,78.9725,0.0000,26.9794,0.0000,0.9724,0.0000,0.2333,0.0000,149.4144,29.6778,0.0000,-1.0000,0.0000,0.0000,0.4000,-24.2927,0.000000,0.000000,0.00,0.00
2.2400,336.8513,0.0000,2983.1215,123.2278,0.0000,83.9055,0.0000,29.3263,0.0000,0.9674,0.0000,0.2531,0.0000,149.2586,31.9446,0.0000,-1.0000,0.0000,0.0000,0.4000,-26.1290,0.000000,0.000000,0.00,0.00
2.2500,338.3357,0.0000,2982.9941,119.5309,0.0000,88.7585,0.0000,31.7152,0.0000,0.9619,0.0000,0.2732,0.0000,149.0813,34.2509,0.0000,-1.0000,0.0000,0.0000,0.4000,-28.2456,0.000000,0.000000,0.00,0.00
2.2600,339.8181,0.0000,2982.8681,115.5619,0.0000,93.5134,0.0000,34.1457,0.0000,0.9559,0.0000,0.2936,0.0000,148.8815,36.5960,0.0000,-1.0000,0.0000,0.0000,0.4000,-30.3808,0.000000,0.000000,0.00,0.00
2.2700,341.2982,0.0000,2982.7436,111.3197,0.0000,98.1518,0.0000,36.6169,0.0000,0.9494,0.0000,0.3141,0.0000,148.6583,38.9800,0.0000,-1.0000,0.0000,0.0000,0.4000,-32.4856,0.000000,0.000000,0.00,0.00
2.2800,342.7759,0.0000,2982.6205,106.8042,0.0000,102.6551,0.0000,39.1285,0.0000,0.9423,0.0000,0.3349,0.0000,148.4111,41.4030,0.0000,-1.0000,0.0000,0.0000,0.4000,-34.5457,0.000000,0.000000,0.00,0.00
2.2900,344.2508,0.0000,2982.4989,102.0169,0.0000,107.0043,0.0000,41.6797,0.0000,0.9346,0.0000,0.3558,0.0000,148.1392,43.8652,0.0000,-1.0000,0.0000,0.0000,0.4000,-36.5514,0.000000,0.000000,0.00,0.00
2.3000,345.7228,0.0000,2982.3793,97.0723,0.0000,111.0855,0.0000,44.2428,0.0000,0.9264,0.0000,0.3766,0.0000,147.8424,46.3669,0.0000,0.0000,0.0000,0.0000,1.0000,-43.6406,0.000000,0.000000,0.00,0.00
2.3100,347.1917,0.0000,2982.2619,91.9789,0.0000,114.8983,0.0000,46.7903,0.0000,0.9178,0.0000,0.3971,0.0000,147.5229,48.8513,0.0000,0.0000,0.0000,0.0000,1.0000,-45.2078,0.000000,0.000000,0.00,0.00
2.3200,348.6571,0.0000,2982.1467,86.7513,0.0000,118.4400,0.0000,49.3221,0.0000,0.9088,0.0000,0.4172,0.0000,147.1792,51.3219,0.0000,0.0000,0.0000,0.0000,1.0000,-46.6511,0.000000,0.000000,0.00,0.00
2.3300,350.1189,0.0000,2982.0337,81.4041,0.0000,121.7088,0.0000,51.8379,0.0000,0.8994,0.0000,0.4371,0.0000,146.8122,53.7791,0.0000,0.0000,0.0000,0.0000,1.0000,-47.9698,0.000000,0.000000,0.00,0.00
2.3400,351.5769,0.0000,2981.9227,75.9516,0.0000,124.7037,0.0000,54.3376,0.0000,0.8897,0.0000,0.4566,0.0000,146.4229,56.2237,0.0000,0.0000,0.0000,0.0000,1.0000,-49.1635,0.000000,0.000000,0.00,0.00
2.3500,353.0308,0.0000,2981.8137,70.4081,0.0000,127.4242,0.0000,56.8209,0.0000,0.8796,0.0000,0.4758,0.0000,146.0125,58.6562,0.0000,0.0000,0.0000,0.0000,1.0000,-50.2327,0.000000,0.000000,0.00,0.00
2.3600,354.4805,0.0000,2981.7066,64.7876,0.0000,129.8709,0.0000,59.2878,0.0000,0.8691,0.0000,0.4946,0.0000,145.5824,61.0772,0.0000,0.0000,0.0000,0.0000,1.0000,-51.1779,0.000000,0.000000,0.00,0.00
2.3700,355.9257,0.0000,2981.6011,59.1038,0.0000,132.0450,0.0000,61.7381,0.0000,0.8583,0.0000,0.5131,0.0000,145.1340,63.4872,0.0000,0.0000,0.0000,0.0000,1.0000,-52.0005,0.000000,0.000000,0.00,0.00
2.3800,357.3662,0.0000,2981.4972,53.3700,0.0000,133.9483,0.0000,64.1715,0.0000,0.8473,0.0000,0.5312,0.0000,144.6691,65.8866,0.0000,0.0000,0.0000,0.0000,1.0000,-52.7022,0.000000,0.000000,0.00,0.00
2.3900,358.8020,0.0000,2981.3946,47.5993,0.0000,135.5834,0.0000,66.5880,0.0000,0.8359,0.0000,0.5489,0.0000,144.1891,68.2758,0.0000,0.0000,0.0000,0.0000,1.0000,-53.2851,0.000000,0.000000,0.00,0.00
2.4000,360.2329,0.0000,2981.2933,41.8046,0.0000,136.9533,0.0000,68.9874,0.0000,0.8242,0.0000,0.5663,0.0000,143.6960,70.6553,0.0000,0.0000,0.0000,0.0000,1.0000,-53.7516,0.000000,0.000000,0.00,0.00
2.4100,361.6587,0.0000,2981.1929,35.9980,0.0000,138.0618,0.0000,71.3697,0.0000,0.8122,0.0000,0.5833,0.0000,143.1916,73.0253,0.0000,0.0000,0.0000,0.0000,1.0000,-54.1047,0.000000,0.000000,0.00,0.00
2.4200,363.0794,0.0000,2981.0933,30.1916,0.0000,138.9131,0.0000,73.7345,0.0000,0.8000,0.0000,0.6000,0.0000,142.6777,75.3862,0.0000,0.0000,0.0000,0.0000,1.0000,-54.3474,0.000000,0.000000,0.00,0.00
2.4300,364.4948,0.0000,2980.9944,24.3967,0.0000,139.5119,0.0000,76.0820,0.0000,0.7876,0.0000,0.6162,0.0000,142.1561,77.7380,0.0000,0.0000,0.0000,0.0000,1.0000,-54.4832,0.000000,0.000000,0.00,0.00
2.4400,365.9050,0.0000,2980.8957,18.6245,0.0000,139.8634,0.0000,78.4119,0.0000,0.7749,0.0000,0.6321,0.0000,141.6289,80.0809,0.0000,0.0000,0.0000,0.0000,1.0000,-54.5157,0.000000,0.000000,0.00,0.00
2.4500,367.3099,0.0000,2980.7973,12.8855,0.0000,139.9732,0.0000,80.7241,0.0000,0.7620,0.0000,0.6476,0.0000,141.0979,82.4150,0.0000,0.0000,0.0000,0.0000,1.0000,-54.4487,0.000000,0.000000,0.00,0.00
2.4600,368.7094,0.0000,2980.6988,7.1898,0.0000,139.8473,0.0000,83.0185,0.0000,0.7488,0.0000,0.6627,0.0000,140.5650,84.7404,0.0000,0.0000,0.0000,0.0000,1.0000,-54.2862,0.000000,0.000000,0.00,0.00
2.4700,370.1036,0.0000,2980.6000,1.5471,0.0000,139.4922,0.0000,85.2951,0.0000,0.7355,0.0000,0.6775,0.0000,140.0320,87.0569,0.0000,0.0000,0.0000,0.0000,1.0000,-54.0323,0.000000,0.000000,0.00,0.00
2.4800,371.4924,0.0000,2980.5007,-4.0335,0.0000,138.9143,0.0000,87.5537,0.0000,0.7220,0.0000,0.6919,0.0000,139.5007,89.3646,0.0000,0.0000,0.0000,0.0000,1.0000,-53.6911,0.000000,0.000000,0.00,0.00
2.4900,372.8759,0.0000,2980.4010,-9.4201,0.0000,138.1292,0.0000,89.7703,0.0000,0.7085,0.0000,0.7057,0.0000,138.9729,91.6632,0.0000,1.0000,0.0000,0.0000,1.0000,-53.0756,0.000000,0.000000,0.00,0.00
2.5000,374.2542,0.0000,2980.3012,-14.6154,0.0000,137.1573,180.0000,88.0787,180.0000,0.6952,0.0000,0.7189,0.0000,138.4501,93.9014,0.0000,1.0000,0.0000,0.0000,1.0000,-52.3220,0.000000,0.000000,0.00,0.00
2.5100,375.6274,0.0000,2980.2008,-19.6160,0.0000,136.0181,180.0000,85.9928,180.0000,0.6820,0.0000,0.7314,0.0000,137.9338,96.0825,0.0000,1.0000,0.0000,0.0000,1.0000,-51.5129,0.000000,0.000000,0.00,0.00
2.5200,376.9954,0.0000,2980.0998,-24.4199,0.0000,134.7306,180.0000,83.9718,180.0000,0.6689,0.0000,0.7433,0.0000,137.4253,98.2064,0.0000,1.0000,0.0000,0.0000,1.0000,-50.6570,0.000000,0.000000,0.00,0.00
2.5300,378.3584,0.0000,2979.9980,-29.0258,0.0000,133.3128,180.0000,82.0150,180.0000,0.6562,0.0000,0.7546,0.0000,136.9258,100.2733,0.0000,1.0000,0.0000,0.0000,1.0000,-49.7624,0.000000,0.000000,0.00,0.00
2.5400,379.7164,0.0000,2979.8950,-33.5484,0.0000,131.7531,180.0000,80.0991,180.0000,0.6434,0.0000,0.7655,0.0000,136.4361,102.2831,0.0000,0.0000,0.0000,0.0000,1.0000,-50.1885,0.000000,0.000000,0.00,0.00
2.5500,381.0696,0.0000,2979.7901,-37.9755,0.0000,130.0593,180.0000,78.2007,180.0000,0.6307,0.0000,0.7760,0.0000,135.9572,104.2857,0.0000,0.0000,0.0000,0.0000,1.0000,-49.4277,0.000000,0.000000,0.00,0.00
2.5600,382.4180,0.0000,2979.6833,-42.3037,0.0000,128.2379,180.0000,76.3201,180.0000,0.6179,0.0000,0.7863,0.0000,135.4901,106.2771,0.0000,0.0000,0.0000,0.0000,1.0000,-48.6252,0.000000,0.000000,0.00,0.00
2.5700,383.7618,0.0000,2979.5745,-46.5298,0.0000,126.2954,180.0000,74.4572,180.0000,0.6050,0.0000,0.7962,0.0000,135.0354,108.2569,0.0000,0.0000,0.0000,0.0000,1.0000,-47.7839,0.000000,0.000000,0.00,0.00
2.5800,385.1010,0.0000,2979.4636,-50.6510,0.0000,124.2381,180.0000,72.6120,180.0000,0.5921,0.0000,0.8059,0.0000,134.5940,110.2248,0.0000,0.0000,0.0000,0.0000,1.0000,-46.9067,0.000000,0.000000,0.00,0.00
2.5900,386.4357,0.0000,2979.3503,-54.6647,0.0000,122.0724,180.0000,70.7848,180.0000,0.5792,0.0000,0.8152,0.0000,134.1664,112.1804,0.0000,0.0000,0.0000,0.0000,1.0000,-45.9965,0.000000,0.000000,0.00,0.00
2.6000,387.7663,0.0000,2979.2347,-58.5688,0.0000,119.8048,180.0000,68.9754,180.0000,0.5662,0.0000,0.8242,0.0000,133.7532,114.1231,0.0000,0.0000,0.0000,0.0000,1.0000,-45.0561,0.000000,0.000000,0.00,0.00
2.6100,389.0926,0.0000,2979.1165,-62.3614,0.0000,117.4415,180.0000,67.1839,180.0000,0.5533,0.0000,0.8330,0.0000,133.3548,116.0526,0.0000,0.0000,0.0000,0.0000,1.0000,-44.0879,0.000000,0.000000,0.00,0.00
2.6200,390.4150,0.0000,2978.9958,-66.0409,0.0000,114.9888,180.0000,65.4104,180.0000,0.5403,0.0000,0.8415,0.0000,132.9716,117.9683,0.0000,0.0000,0.0000,0.0000,1.0000,-43.0946,0.000000,0.000000,0.00,0.00
2.6300,391.7335,0.0000,2978.8725,-69.6059,0.0000,112.4528,180.0000,63.6550,180.0000,0.5274,0.0000,0.8496,0.0000,132.6040,119.8698,0.0000,0.0000,0.0000,0.0000,1.0000,-42.0784,0.000000,0.000000,0.00,0.00
2.6400,393.0483,0.0000,2978.7464,-73.0555,0.0000,109.8397,180.0000,61.9176,180.0000,0.5144,0.0000,0.8575,0.0000,132.2521,121.7566,0.0000,0.0000,0.0000,0.0000,1.0000,-41.0418,0.000000,0.000000,0.00,0.00
2.6500,394.3595,0.0000,2978.6175,-76.3889,0.0000,107.1554,180.0000,60.1984,180.0000,0.5015,0.0000,0.8652,0.0000,131.9161,123.6283,0.0000,0.0000,0.0000,0.0000,1.0000,-39.9867,0.000000,0.000000,0.00,0.00
2.6600,395.6673,0.0000,2978.4857,-79.6056,0.0000,104.4059,180.0000,58.4974,180.0000,0.4886,0.0000,0.8725,0.0000,131.5962,125.4843,0.0000,0.0000,0.0000,0.0000,1.0000,-38.9154,0.000000,0.000000,0.00,0.00
2.6700,396.9719,0.0000,2978.3511,-82.7053,0.0000,101.5969,180.0000,56.8147,180.0000,0.4757,0.0000,0.8796,0.0000,131.2922,127.3242,0.0000,0.0000,0.0000,0.0000,1.0000,-37.8298,0.000000,0.000000,0.00,0.00
2.6800,398.2733,0.0000,2978.2136,-85.6881,0.0000,98.7341,180.0000,55.1503,180.0000,0.4629,0.0000,0.8864,0.0000,131.0042,129.1474,0.0000,0.0000,0.0000,0.0000,1.0000,-36.7318,0.000000,0.000000,0.00,0.00
2.6900,399.5717,0.0000,2978.0731,-88.5541,0.0000,95.8232,180.0000,53.5042,180.0000,0.4501,0.0000,0.8930,0.0000,130.7321,130.9536,0.0000,0.0000,0.0000,0.0000,1.0000,-35.6231,0.000000,0.000000,0.00,0.00
2.7000,400.8674,0.0000,2977.9296,-91.3037,0.0000,92.8693,180.0000,51.8765,180.0000,0.4374,0.0000,0.8993,0.0000,130.4757,132.7423,0.0000,0.0000,0.0000,0.0000,1.0000,-34.5055,0.000000,0.000000,0.00,0.00
2.7100,402.1603,0.0000,2977.7832,-93.9376,0.0000,89.8780,180.0000,50.2673,180.0000,0.4247,0.0000,0.9053,0.0000,130.2347,134.5129,0.0000,0.0000,0.0000,0.0000,1.0000,-33.3806,0.000000,0.000000,0.00,0.00
2.7200,403.4507,0.0000,2977.6338,-96.4567,0.0000,86.8544,180.0000,48.6766,180.0000,0.4121,0.0000,0.9111,0.0000,130.0090,136.2652,0.0000,0.0000,0.0000,0.0000,1.0000,-32.2499,0.000000,0.000000,0.00,0.00
2.7300,404.7387,0.0000,2977.4815,-98.8618,0.0000,83.8034,180.0000,47.1045,180.0000,0.3996,0.0000,0.9167,0.0000,129.7982,137.9986,0.0000,0.0000,0.0000,0.0000,1.0000,-31.1149,0.000000,0.000000,0.00,0.00
2.7400,406.0245,0.0000,2977.3261,-101.1543,0.0000,80.7299,180.0000,45.5511,180.0000,0.3871,0.0000,0.9220,0.0000,129.6019,139.7127,0.0000,0.0000,0.0000,0.0000,1.0000,-29.9770,0.000000,0.000000,0.00,0.00
2.7500,407.3081,0.0000,2977.1679,-103.3354,0.0000,77.6386,180.0000,44.0163,180.0000,0.3747,0.0000,0.9271,0.0000,129.4198,141.4071,0.0000,0.0000,0.0000,0.0000,1.0000,-28.8375,0.000000,0.000000,0.00,0.00
2.7600,408.5897,0.0000,2977.0067,-105.4066,0.0000,74.5342,180.0000,42.5003,180.0000,0.3624,0.0000,0.9320,0.0000,129.2515,143.0815,0.0000,0.0000,0.0000,0.0000,1.0000,-27.6976,0.000000,0.000000,0.00,0.00
2.7700,409.8695,0.0000,2976.8427,-107.3696,0.0000,71.4210,180.0000,41.0031,180.0000,0.3502,0.0000,0.9367,0.0000,129.0965,144.7354,0.0000,0.0000,0.0000,0.0000,1.0000,-26.5587,0.000000,0.000000,0.00,0.00
2.7800,411.1475,0.0000,2976.6758,-109.2262,0.0000,68.3032,180.0000,39.5249,180.0000,0.3381,0.0000,0.9411,0.0000,128.9542,146.3686,0.0000,0.0000,0.0000,0.0000,1.0000,-25.4217,0.000000,0.000000,0.00,0.00
2.7900,412.4240,0.0000,2976.5062,-110.9783,0.0000,65.1850,180.0000,38.0655,180.0000,0.3261,0.0000,0.9453,0.0000,128.8243,147.9807,0.0000,0.0000,0.0000,0.0000,1.0000,-24.2879,0.000000,0.000000,0.00,0.00
2.8000,413.6989,0.0000,2976.3338,-112.6279,0.0000,62.0704,180.0000,36.6252,180.0000,0.3142,0.0000,0.9494,0.0000,128.7061,149.5714,0.0000,0.0000,0.0000,0.0000,1.0000,-23.1583,0.000000,0.000000,0.00,0.00
2.8100,414.9724,0.0000,2976.1587,-114.1771,0.0000,58.9630,180.0000,35.2039,180.0000,0.3024,0.0000,0.9532,0.0000,128.5993,151.1404,0.0000,0.0000,0.0000,0.0000,1.0000,-22.0338,0.000000,0.000000,0.00,0.00
2.8200,416.2446,0.0000,2975.9809,-115.6281,0.0000,55.8665,180.0000,33.8017,180.0000,0.2907,0.0000,0.9568,0.0000,128.5031,152.6874,0.0000,0.0000,0.0000,0.0000,1.0000,-20.9155,0.000000,0.000000,0.00,0.00
2.8300,417.5157,0.0000,2975.8006,-116.9834,0.0000,52.7844,180.0000,32.4188,180.0000,0.2791,0.0000,0.9602,0.0000,128.4170,154.2122,0.0000,0.0000,0.0000,0.0000,1.0000,-19.8042,0.000000,0.000000,0.00,0.00
2.8400,418.7856,0.0000,2975.6178,-118.2451,0.0000,49.7200,180.0000,31.0551,180.0000,0.2677,0.0000,0.9635,0.0000,128.3406,155.7145,0.0000,0.0000,0.0000,0.0000,1.0000,-18.7008,0.000000,0.000000,0.00,0.00
2.8500,420.0546,0.0000,2975.4326,-119.4159,0.0000,46.6764,180.0000,29.7107,180.0000,0.2564,0.0000,0.9666,0.0000,128.2731,157.1941,0.0000,0.0000,0.0000,0.0000,1.0000,-17.6062,0.000000,0.000000,0.00,0.00
2.8600,421.3227,0.0000,2975.2449,-120.4983,0.0000,43.6566,180.0000,28.3857,180.0000,0.2452,0.0000,0.9695,0.0000,128.2141,158.6509,0.0000,0.0000,0.0000,0.0000,1.0000,-16.5211,0.000000,0.000000,0.00,0.00
2.8700,422.5900,0.0000,2975.0550,-121.4948,0.0000,40.6634,180.0000,27.0801,180.0000,0.2341,0.0000,0.9722,0.0000,128.1629,160.0845,0.0000,0.0000,0.0000,0.0000,1.0000,-15.4464,0.000000,0.000000,0.00,0.00
2.8800,423.8565,0.0000,2974.8629,-122.4082,0.0000,37.6995,180.0000,25.7940,180.0000,0.2232,0.0000,0.9748,0.0000,128.1191,161.4950,0.0000,0.0000,0.0000,0.0000,1.0000,-14.3827,0.000000,0.000000,0.00,0.00
2.8900,425.1223,0.0000,2974.6686,-123.2409,0.0000,34.7675,180.0000,24.5275,180.0000,0.2124,0.0000,0.9772,0.0000,128.0820,162.8821,0.0000,0.0000,0.0000,0.0000,1.0000,-13.3308,0.000000,0.000000,0.00,0.00
2.9000,426.3875,0.0000,2974.4723,-123.9959,0.0000,31.8696,180.0000,23.2806,180.0000,0.2018,0.0000,0.9794,0.0000,128.0512,164.2457,0.0000,0.0000,0.0000,0.0000,1.0000,-12.2913,0.000000,0.000000,0.00,0.00
2.9100,427.6522,0.0000,2974.2740,-124.6757,0.0000,29.0083,180.0000,22.0533,180.0000,0.1913,0.0000,0.9815,0.0000,128.0260,165.5857,0.0000,0.0000,0.0000,0.0000,1.0000,-11.2648,0.000000,0.000000,0.00,0.00
2.9200,428.9165,0.0000,2974.0738,-125.2832,0.0000,26.1854,180.0000,20.8458,180.0000,0.1809,0.0000,0.9835,0.0000,128.0059,166.9020,0.0000,0.0000,0.0000,0.0000,1.0000,-10.2520,0.000000,0.000000,0.00,0.00
2.9300,430.1803,0.0000,2973.8718,-125.8212,0.0000,23.4030,180.0000,19.6581,180.0000,0.1707,0.0000,0.9853,0.0000,127.9905,168.1946,0.0000,0.0000,0.0000,0.0000,1.0000,-9.2535,0.000000,0.000000,0.00,0.00
2.9400,431.4437,0.0000,2973.6681,-126.2923,0.0000,20.6629,180.0000,18.4902,180.0000,0.1607,0.0000,0.9870,0.0000,127.9792,169.4633,0.0000,0.0000,0.0000,0.0000,1.0000,-8.2697,0.000000,0.000000,0.00,0.00
2.9500,432.7068,0.0000,2973.4627,-126.6995,0.0000,17.9668,180.0000,17.3422,180.0000,0.1508,0.0000,0.9886,0.0000,127.9715,170.7080,0.0000,0.0000,0.0000,0.0000,1.0000,-7.3011,0.000000,0.000000,0.00,0.00
2.9600,433.9696,0.0000,2973.2558,-127.0454,0.0000,15.3161,180.0000,16.2141,180.0000,0.1410,0.0000,0.9900,0.0000,127.9670,171.9289,0.0000,0.0000,0.0000,0.0000,1.0000,-6.3484,0.000000,0.000000,0.00,0.00
2.9700,435.2322,0.0000,2973.0474,-127.3328,0.0000,12.7124,180.0000,15.1061,180.0000,0.1314,0.0000,0.9913,0.0000,127.9653,173.1258,0.0000,0.0000,0.0000,0.0000,1.0000,-5.4118,0.000000,0.000000,0.00,0.00
2.9800,436.4946,0.0000,2972.8376,-127.5645,0.0000,10.1568,180.0000,14.0180,180.0000,0.1220,0.0000,0.9925,0.0000,127.9658,174.2987,0.0000,0.0000,0.0000,0.0000,1.0000,-4.4919,0.000000,0.000000,0.00,0.00
2.9900,437.7567,0.0000,2972.6265,-127.7433,0.0000,7.6505,180.0000,12.9501,180.0000,0.1128,0.0000,0.9936,0.0000,127.9683,175.4477,0.0000,0.0000,0.0000,0.0000,1.0000,-3.5891,0.000000,0.000000,0.00,0.00
3.0000,439.0187,0.0000,2972.4142,-127.8718,0.0000,5.1947,180.0000,11.9023,180.0000,0.1037,0.0000,0.9946,0.0000,127.9722,176.5727,0.0000,0.0000,0.0000,0.0000,1.0000,-2.7036,0.000000,0.000000,0.00,0.00
3.0100,440.2806,0.0000,2972.2008,-127.9527,0.0000,2.7902,180.0000,10.8747,180.0000,0.0948,0.0000,0.9955,0.0000,127.9772,177.6737,0.0000,0.0000,0.0000,0.0000,1.0000,-1.8358,0.000000,0.000000,0.00,0.00
3.0200,441.5424,0.0000,2971.9862,-127.9886,0.0000,0.4379,180.0000,9.8672,180.0000,0.0860,0.0000,0.9963,0.0000,127.9831,178.7508,0.0000,0.0000,0.0000,0.0000,1.0000,-0.9862,0.000000,0.000000,0.00,0.00
3.0300,442.8040,0.0000,2971.7707,-127.9819,0.0000,-1.8869,180.0000,8.8687,180.0000,0.0773,0.0000,0.9970,0.0000,127.9894,179.8040,0.0000,0.0000,0.0000,0.0000,1.0000,-0.1548,0.000000,0.000000,0.00,0.00
3.0400,444.0656,0.0000,2971.5544,-127.9320,0.0000,-4.2339,180.0000,7.8564,180.0000,0.0685,0.0000,0.9977,0.0000,127.9958,-179.1553,0.0000,0.0000,0.0000,0.0000,1.0000,0.6670,0.000000,0.000000,0.00,0.00
3.0500,445.3271,0.0000,2971.3372,-127.8374,0.0000,-6.6021,180.0000,6.8304,180.0000,0.0596,0.0000,0.9982,0.0000,128.0020,-178.1045,0.0000,0.0000,0.0000,0.0000,1.0000,1.4967,0.000000,0.000000,0.00,0.00
3.0600,446.5885,0.0000,2971.1192,-127.6966,0.0000,-8.9901,180.0000,5.7909,180.0000,0.0505,0.0000,0.9987,0.0000,128.0077,-177.0436,0.0000,0.0000,0.0000,0.0000,1.0000,2.3340,0.000000,0.000000,0.00,0.00
3.0700,447.8498,0.0000,2970.9006,-127.5082,0.0000,-11.3966,180.0000,4.7380,180.0000,0.0413,0.0000,0.9991,0.0000,128.0127,-175.9729,0.0000,0.0000,0.0000,0.0000,1.0000,3.1785,0.000000,0.000000,0.00,0.00
3.0800,449.1111,0.0000,2970.6814,-127.2708,0.0000,-13.8201,180.0000,3.6720,180.0000,0.0320,0.0000,0.9995,0.0000,128.0165,-174.8925,0.0000,0.0000,0.0000,0.0000,1.0000,4.0295,0.000000,0.000000,0.00,0.00
3.0900,450.3723,0.0000,2970.4618,-126.9828,0.0000,-16.2593,180.0000,2.5929,180.0000,0.0226,0.0000,0.9997,0.0000,128.0189,-173.8026,0.0000,0.0000,0.0000,0.0000,1.0000,4.8866,0.000000,0.000000,0.00,0.00
3.1000,451.6335,0.0000,2970.2417,-126.6429,0.0000,-18.7126,180.0000,1.5008,180.0000,0.0131,0.0000,0.9999,0.0000,128.0195,-172.7034,0.0000,0.0000,0.0000,0.0000,1.0000,5.7492,0.000000,0.000000,0.00,0.00
3.1100,452.8945,0.0000,2970.0213,-126.2499,0.0000,-21.1785,180.0000,0.3960,180.0000,0.0035,0.0000,1.0000,0.0000,128.0179,-171.5949,0.0000,0.0000,0.0000,0.0000,1.0000,6.6167,0.000000,0.000000,0.00,0.00
3.1200,454.1555,0.0000,2969.8007,-125.8024,0.0000,-23.6553,180.0000,-0.7215,180.0000,-0.0063,0.0000,1.0000,0.0000,128.0139,-170.4773,0.0000,0.0000,0.0000,0.0000,1.0000,7.4886,0.000000,0.000000,0.00,0.00
3.1300,455.4163,0.0000,2969.5800,-125.2991,0.0000,-26.1414,180.0000,-1.8514,180.0000,-0.0162,0.0000,0.9999,0.0000,128.0071,-169.3507,0.0000,0.0000,0.0000,0.0000,1.0000,8.3641,0.000000,0.000000,0.00,0.00
3.1400,456.6770,0.0000,2969.3592,-124.7390,0.0000,-28.6351,180.0000,-2.9937,180.0000,-0.0261,0.0000,0.9997,0.0000,127.9971,-168.2153,0.0000,0.0000,0.0000,0.0000,1.0000,9.2427,0.000000,0.000000,0.00,0.00
3.1500,457.9376,0.0000,2969.1384,-124.1207,0.0000,-31.1346,180.0000,-4.1482,180.0000,-0.0362,0.0000,0.9993,0.0000,127.9835,-167.0712,0.0000,0.0000,0.0000,0.0000,1.0000,10.1235,0.000000,0.000000,0.00,0.00
3.1600,459.1980,0.0000,2968.9177,-123.4433,0.0000,-33.6380,180.0000,-5.3147,180.0000,-0.0464,0.0000,0.9989,0.0000,127.9661,-165.9184,0.0000,0.0000,0.0000,0.0000,1.0000,11.0059,0.000000,0.000000,0.00,0.00
3.1700,460.4581,0.0000,2968.6972,-122.7057,0.0000,-36.1436,180.0000,-6.4931,180.0000,-0.0566,0.0000,0.9984,0.0000,127.9444,-164.7571,0.0000,0.0000,0.0000,0.0000,1.0000,11.8891,0.000000,0.000000,0.00,0.00
3.1800,461.7181,0.0000,2968.4770,-121.9069,0.0000,-38.6493,180.0000,-7.6832,180.0000,-0.0670,0.0000,0.9978,0.0000,127.9181,-163.5874,0.0000,0.0000,0.0000,0.0000,1.0000,12.7724,0.000000,0.000000,0.00,0.00
3.1900,462.9777,0.0000,2968.2572,-121.0460,0.0000,-41.1532,180.0000,-8.8849,180.0000,-0.0775,0.0000,0.9970,0.0000,127.8869,-162.4093,0.0000,0.0000,0.0000,0.0000,1.0000,13.6548,0.000000,0.000000,0.00,0.00
3.2000,464.2370,0.0000,2968.0378,-120.1222,0.0000,-43.6534,180.0000,-10.0979,180.0000,-0.0880,0.0000,0.9961,0.0000,127.8504,-161.2230,0.0000,0.0000,0.0000,0.0000,1.0000,14.5356,0.000000,0.000000,0.00,0.00
3.2100,465.4960,0.0000,2967.8189,-119.1347,0.0000,-46.1476,180.0000,-11.3223,180.0000,-0.0986,0.0000,0.9951,0.0000,127.8083,-160.0285,0.0000,0.0000,0.0000,0.0000,1.0000,15.4140,0.000000,0.000000,0.00,0.00
3.2200,466.7546,0.0000,2967.6006,-118.0828,0.0000,-48.6339,180.0000,-12.5577,180.0000,-0.1094,0.0000,0.9940,0.0000,127.7603,-158.8258,0.0000,0.0000,0.0000,0.0000,1.0000,16.2889,0.000000,0.000000,0.00,0.00
3.2300,468.0126,0.0000,2967.3830,-116.9658,0.0000,-51.1101,180.0000,-13.8041,180.0000,-0.1202,0.0000,0.9928,0.0000,127.7059,-157.6151,0.0000,0.0000,0.0000,0.0000,1.0000,17.1596,0.000000,0.000000,0.00,0.00
3.2400,469.2702,0.0000,2967.1661,-115.7832,0.0000,-53.5740,180.0000,-15.0612,180.0000,-0.1311,0.0000,0.9914,0.0000,127.6450,-156.3963,0.0000,0.0000,0.0000,0.0000,1.0000,18.0251,0.000000,0.000000,0.00,0.00
3.2500,470.5272,0.0000,2966.9501,-114.5345,0.0000,-56.0235,180.0000,-16.3290,180.0000,-0.1420,0.0000,0.9899,0.0000,127.5772,-155.1696,0.0000,0.0000,0.0000,0.0000,1.0000,18.8844,0.000000,0.000000,0.00,0.00
3.2600,471.7835,0.0000,2966.7349,-113.2193,0.0000,-58.4563,180.0000,-17.6072,180.0000,-0.1530,0.0000,0.9882,0.0000,127.5021,-153.9349,0.0000,0.0000,0.0000,0.0000,1.0000,19.7367,0.000000,0.000000,0.00,0.00
3.2700,473.0391,0.0000,2966.5207,-111.8373,0.0000,-60.8701,180.0000,-18.8957,180.0000,-0.1641,0.0000,0.9864,0.0000,127.4196,-152.6922,0.0000,0.0000,0.0000,0.0000,1.0000,20.5808,0.000000,0.000000,0.00,0.00
3.2800,474.2939,0.0000,2966.3075,-110.3883,0.0000,-63.2626,180.0000,-20.1943,180.0000,-0.1753,0.0000,0.9845,0.0000,127.3293,-151.4417,0.0000,0.0000,0.0000,0.0000,1.0000,21.4160,0.000000,0.000000,0.00,0.00
3.2900,475.5479,0.0000,2966.0954,-108.8721,0.0000,-65.6317,180.0000,-21.5028,180.0000,-0.1865,0.0000,0.9824,0.0000,127.2310,-150.1833,0.0000,0.0000,0.0000,0.0000,1.0000,22.2410,0.000000,0.000000,0.00,0.00
3.3000,476.8009,0.0000,2965.8844,-107.2886,0.0000,-67.9748,180.0000,-22.8211,180.0000,-0.1978,0.0000,0.9802,0.0000,127.1245,-148.9170,0.0000,0.0000,0.0000,0.0000,1.0000,23.0551,0.000000,0.000000,0.00,0.00
3.3100,478.0529,0.0000,2965.6745,-105.6379,0.0000,-70.2898,180.0000,-24.1490,180.0000,-0.2092,0.0000,0.9779,0.0000,127.0095,-147.6429,0.0000,0.0000,0.0000,0.0000,1.0000,23.8571,0.000000,0.000000,0.00,0.00
3.3200,479.3039,0.0000,2965.4660,-103.9202,0.0000,-72.5743,180.0000,-25.4864,180.0000,-0.2206,0.0000,0.9754,0.0000,126.8859,-146.3608,0.0000,0.0000,0.0000,0.0000,1.0000,24.6461,0.000000,0.000000,0.00,0.00
3.3300,480.5536,0.0000,2965.2587,-102.1356,0.0000,-74.8258,180.0000,-26.8330,180.0000,-0.2320,0.0000,0.9727,0.0000,126.7534,-145.0709,0.0000,0.0000,0.0000,0.0000,1.0000,25.4211,0.000000,0.000000,0.00,0.00
3.3400,481.8021,0.0000,2965.0527,-100.2844,0.0000,-77.0421,180.0000,-28.1887,180.0000,-0.2435,0.0000,0.9699,0.0000,126.6119,-143.7730,0.0000,0.0000,0.0000,0.0000,1.0000,26.1811,0.000000,0.000000,0.00,0.00
3.3500,483.0493,0.0000,2964.8480,-98.3671,0.0000,-79.2208,180.0000,-29.5533,180.0000,-0.2551,0.0000,0.9669,0.0000,126.4613,-142.4672,0.0000,0.0000,0.0000,0.0000,1.0000,26.9250,0.000000,0.000000,0.00,0.00
3.3600,484.2950,0.0000,2964.6447,-96.3843,0.0000,-81.3596,180.0000,-30.9266,180.0000,-0.2666,0.0000,0.9638,0.0000,126.3013,-141.1535,0.0000,0.0000,0.0000,0.0000,1.0000,27.6520,0.000000,0.000000,0.00,0.00
3.3700,485.5391,0.0000,2964.4429,-94.3364,0.0000,-83.4560,180.0000,-32.3085,180.0000,-0.2782,0.0000,0.9605,0.0000,126.1321,-139.8317,0.0000,0.0000,0.0000,0.0000,1.0000,28.3611,0.000000,0.000000,0.00,0.00
3.3800,486.7817,0.0000,2964.2425,-92.2242,0.0000,-85.5079,180.0000,-33.6988,180.0000,-0.2899,0.0000,0.9571,0.0000,125.9534,-138.5020,0.0000,0.0000,0.0000,0.0000,1.0000,29.0513,0.000000,0.000000,0.00,0.00
3.3900,488.0225,0.0000,2964.0435,-90.0485,0.0000,-87.5128,180.0000,-35.0972,180.0000,-0.3015,0.0000,0.9535,0.0000,125.7652,-137.1641,0.0000,0.0000,0.0000,0.0000,1.0000,29.7217,0.000000,0.000000,0.00,0.00
3.4000,489.2615,0.0000,2963.8459,-87.8102,0.0000,-89.4686,180.0000,-36.5037,180.0000,-0.3132,0.0000,0.9497,0.0000,125.5676,-135.8181,0.0000,0.0000,0.0000,0.0000,1.0000,30.3714,0.000000,0.000000,0.00,0.00
3.4100,490.4986,0.0000,2963.6499,-85.5103,0.0000,-91.3729,180.0000,-37.9180,180.0000,-0.3249,0.0000,0.9458,0.0000,125.3605,-134.4640,0.0000,0.0000,0.0000,0.0000,1.0000,30.9996,0.000000,0.000000,0.00,0.00
3.4200,491.7337,0.0000,2963.4552,-83.1500,0.0000,-93.2234,180.0000,-39.3399,180.0000,-0.3366,0.0000,0.9416,0.0000,125.1440,-133.1017,0.0000,0.0000,0.0000,0.0000,1.0000,31.6053,0.000000,0.000000,0.00,0.00
3.4300,492.9666,0.0000,2963.2621,-80.7303,0.0000,-95.0181,180.0000,-40.7693,180.0000,-0.3483,0.0000,0.9374,0.0000,124.9181,-131.7311,0.0000,0.0000,0.0000,0.0000,1.0000,32.1879,0.000000,0.000000,0.00,0.00
3.4400,494.1974,0.0000,2963.0704,-78.2526,0.0000,-96.7548,180.0000,-42.2060,180.0000,-0.3600,0.0000,0.9329,0.0000,124.6829,-130.3522,0.0000,0.0000,0.0000,0.0000,1.0000,32.7464,0.000000,0.000000,0.00,0.00
3.4500,495.4259,0.0000,2962.8801,-75.7184,0.0000,-98.4312,180.0000,-43.6498,180.0000,-0.3718,0.0000,0.9283,0.0000,124.4386,-128.9650,0.0000,0.0000,0.0000,0.0000,1.0000,33.2803,0.000000,0.000000,0.00,0.00
3.4600,496.6520,0.0000,2962.6912,-73.1290,0.0000,-100.0454,180.0000,-45.1004,180.0000,-0.3835,0.0000,0.9235,0.0000,124.1852,-127.5693,0.0000,0.0000,0.0000,0.0000,1.0000,33.7886,0.000000,0.000000,0.00,0.00
3.4700,497.8756,0.0000,2962.5037,-70.4860,0.0000,-101.5954,180.0000,-46.5579,180.0000,-0.3952,0.0000,0.9186,0.0000,123.9231,-126.1652,0.0000,0.0000,0.0000,0.0000,1.0000,34.2709,0.000000,0.000000,0.00,0.00
3.4800,499.0966,0.0000,2962.3176,-67.7911,0.0000,-103.0791,180.0000,-48.0218,180.0000,-0.4069,0.0000,0.9135,0.0000,123.6523,-124.7526,0.0000,0.0000,0.0000,0.0000,1.0000,34.7265,0.000000,0.000000,0.00,0.00
3.4900,500.3150,0.0000,2962.1327,-65.0461,0.0000,-104.4947,180.0000,-49.4922,180.0000,-0.4186,0.0000,0.9082,0.0000,123.3732,-123.3314,0.0000,0.0000,0.0000,0.0000,1.0000,35.1548,0.000000,0.000000,0.00,0.00
3.5000,501.5306,0.0000,2961.9492,-62.2528,0.0000,-105.8403,180.0000,-50.9686,180.0000,-0.4303,0.0000,0.9027,0.0000,123.0859,-121.9015,0.0000,0.0000,0.0000,0.0000,1.0000,35.5553,0.000000,0.000000,0.00,0.00
3.5100,502.7433,0.0000,2961.7668,-59.4132,0.0000,-107.1141,180.0000,-52.4511,180.0000,-0.4419,0.0000,0.8971,0.0000,122.7908,-120.4631,0.0000,0.0000,0.0000,0.0000,1.0000,35.9275,0.000000,0.000000,0.00,0.00
3.5200,503.9532,0.0000,2961.5857,-56.5291,0.0000,-108.3145,180.0000,-53.9394,180.0000,-0.4535,0.0000,0.8912,0.0000,122.4882,-119.0159,0.0000,0.0000,0.0000,0.0000,1.0000,36.2709,0.000000,0.000000,0.00,0.00
3.5300,505.1600,0.0000,2961.4056,-53.6028,0.0000,-109.4397,180.0000,-55.4333,180.0000,-0.4651,0.0000,0.8853,0.0000,122.1784,-117.5600,0.0000,0.0000,0.0000,0.0000,1.0000,36.5853,0.000000,0.000000,0.00,0.00
3.5400,506.3638,0.0000,2961.2266,-50.6364,0.0000,-110.4882,180.0000,-56.9327,180.0000,-0.4766,0.0000,0.8791,0.0000,121.8618,-116.0953,0.0000,0.0000,0.0000,0.0000,1.0000,36.8703,0.000000,0.000000,0.00,0.00
3.5500,507.5644,0.0000,2961.0486,-47.6320,0.0000,-111.4586,180.0000,-58.4373,180.0000,-0.4881,0.0000,0.8728,0.0000,121.5388,-114.6218,0.0000,0.0000,0.0000,0.0000,1.0000,37.1255,0.000000,0.000000,0.00,0.00
3.5600,508.7618,0.0000,2960.8715,-44.5921,0.0000,-112.3493,180.0000,-59.9469,180.0000,-0.4996,0.0000,0.8663,0.0000,121.2098,-113.1395,0.0000,0.0000,0.0000,0.0000,1.0000,37.3509,0.000000,0.000000,0.00,0.00
3.5700,509.9560,0.0000,2960.6952,-41.5190,0.0000,-113.1592,180.0000,-61.4615,180.0000,-0.5110,0.0000,0.8596,0.0000,120.8753,-111.6484,0.0000,0.0000,0.0000,0.0000,1.0000,37.5462,0.000000,0.000000,0.00,0.00
3.5800,511.1467,0.0000,2960.5197,-38.4151,0.0000,-113.8869,180.0000,-62.9808,180.0000,-0.5224,0.0000,0.8527,0.0000,120.5356,-110.1485,0.0000,0.0000,0.0000,0.0000,1.0000,37.7112,0.000000,0.000000,0.00,0.00
3.5900,512.3341,0.0000,2960.3449,-35.2829,0.0000,-114.5313,180.0000,-64.5046,180.0000,-0.5336,0.0000,0.8457,0.0000,120.1913,-108.6397,0.0000,0.0000,0.0000,0.0000,1.0000,37.8460,0.000000,0.000000,0.00,0.00
3.6000,513.5180,0.0000,2960.1706,-32.1249,0.0000,-115.0914,180.0000,-66.0327,180.0000,-0.5449,0.0000,0.8385,0.0000,119.8428,-107.1221,0.0000,0.0000,0.0000,0.0000,1.0000,37.9505,0.000000,0.000000,0.00,0.00
3.6100,514.6984,0.0000,2959.9969,-28.9438,0.0000,-115.5662,180.0000,-67.5650,180.0000,-0.5560,0.0000,0.8312,0.0000,119.4908,-105.5958,0.0000,0.0000,0.0000,0.0000,1.0000,38.0247,0.000000,0.000000,0.00,0.00
3.6200,515.8753,0.0000,2959.8236,-25.7422,0.0000,-115.9548,180.0000,-69.1013,180.0000,-0.5671,0.0000,0.8236,0.0000,119.1356,-104.0606,0.0000,0.0000,0.0000,0.0000,1.0000,38.0688,0.000000,0.000000,0.00,0.00
3.6300,517.0486,0.0000,2959.6506,-22.5228,0.0000,-116.2565,180.0000,-70.6414,180.0000,-0.5782,0.0000,0.8159,0.0000,118.7779,-102.5168,0.0000,0.0000,0.0000,0.0000,1.0000,38.0828,0.000000,0.000000,0.00,0.00
3.6400,518.2183,0.0000,2959.4778,-19.2883,0.0000,-116.4706,180.0000,-72.1852,180.0000,-0.5891,0.0000,0.8081,0.0000,118.4181,-100.9643,0.0000,0.0000,0.0000,0.0000,1.0000,38.0669,0.000000,0.000000,0.00,0.00
3.6500,519.3843,0.0000,2959.3052,-16.0414,0.0000,-116.5965,180.0000,-73.7325,180.0000,-0.5999,0.0000,0.8000,0.0000,118.0569,-99.4032,0.0000,0.0000,0.0000,0.0000,1.0000,38.0213,0.000000,0.000000,0.00,0.00
3.6600,520.5467,0.0000,2959.1325,-12.7850,0.0000,-116.6338,180.0000,-75.2830,180.0000,-0.6107,0.0000,0.7918,0.0000,117.6948,-97.8336,0.0000,0.0000,0.0000,0.0000,1.0000,37.9464,0.000000,0.000000,0.00,0.00
3.6700,521.7054,0.0000,2958.9598,-9.5219,0.0000,-116.5820,180.0000,-76.8367,180.0000,-0.6214,0.0000,0.7835,0.0000,117.3324,-96.2556,0.0000,0.0000,0.0000,0.0000,1.0000,37.8423,0.000000,0.000000,0.00,0.00
3.6800,522.8605,0.0000,2958.7869,-6.2548,0.0000,-116.4411,180.0000,-78.3933,180.0000,-0.6320,0.0000,0.7750,0.0000,116.9703,-94.6693,0.0000,0.0000,0.0000,0.0000,1.0000,37.7094,0.000000,0.000000,0.00,0.00
3.6900,524.0118,0.0000,2958.6138,-2.9867,0.0000,-116.2107,180.0000,-79.9527,180.0000,-0.6425,0.0000,0.7663,0.0000,116.6089,-93.0748,0.0000,0.0000,0.0000,0.0000,1.0000,37.5482,0.000000,0.000000,0.00,0.00
3.7000,525.1595,0.0000,2958.4402,0.2796,0.0000,-115.8908,180.0000,-81.5148,180.0000,-0.6529,0.0000,0.7575,0.0000,116.2491,-91.4722,0.0000,0.0000,0.0000,0.0000,1.0000,37.3589,0.000000,0.000000,0.00,0.00
3.7100,526.3034,0.0000,2958.2662,3.5413,0.0000,-115.4816,180.0000,-83.0793,180.0000,-0.6631,0.0000,0.7485,0.0000,115.8912,-89.8618,0.0000,0.0000,0.0000,0.0000,1.0000,37.1420,0.000000,0.000000,0.00,0.00
3.7200,527.4437,0.0000,2958.0916,6.7954,0.0000,-114.9830,180.0000,-84.6462,180.0000,-0.6733,0.0000,0.7394,0.0000,115.5358,-88.2436,0.0000,0.0000,0.0000,0.0000,1.0000,36.8980,0.000000,0.000000,0.00,0.00
3.7300,528.5804,0.0000,2957.9163,10.0391,0.0000,-114.3955,180.0000,-86.2152,180.0000,-0.6834,0.0000,0.7301,0.0000,115.1837,-86.6178,0.0000,0.0000,0.0000,0.0000,1.0000,36.6274,0.000000,0.000000,0.00,0.00
3.7400,529.7134,0.0000,2957.7402,13.2695,0.0000,-113.7193,180.0000,-87.7861,180.0000,-0.6933,0.0000,0.7206,0.0000,114.8352,-84.9847,0.0000,0.0000,0.0000,0.0000,1.0000,36.3307,0.000000,0.000000,0.00,0.00
3.7500,530.8428,0.0000,2957.5632,16.4838,0.0000,-112.9550,180.0000,-89.3590,180.0000,-0.7031,0.0000,0.7111,0.0000,114.4909,-83.3444,0.0000,0.0000,0.0000,0.0000,1.0000,36.0083,0.000000,0.000000,0.00,0.00
3.7600,531.9687,0.0000,2957.3852,19.6792,0.0000,-112.1030,0.0000,-89.0665,0.0000,-0.7128,0.0000,0.7013,0.0000,114.1514,-81.6973,0.0000,0.0000,0.0000,0.0000,1.0000,35.6609,0.000000,0.000000,0.00,0.00
3.7700,533.0910,0.0000,2957.2062,22.8528,0.0000,-111.1641,0.0000,-87.4905,0.0000,-0.7224,0.0000,0.6915,0.0000,113.8172,-80.0434,0.0000,0.0000,0.0000,0.0000,1.0000,35.2889,0.000000,0.000000,0.00,0.00
3.7800,534.2099,0.0000,2957.0259,26.0018,0.0000,-110.1391,0.0000,-85.9131,0.0000,-0.7319,0.0000,0.6814,0.0000,113.4888,-78.3831,0.0000,0.0000,0.0000,0.0000,1.0000,34.8931,0.000000,0.000000,0.00,0.00
3.7900,535.3253,0.0000,2956.8444,29.1235,0.0000,-109.0287,0.0000,-84.3345,0.0000,-0.7412,0.0000,0.6713,0.0000,113.1667,-76.7167,0.0000,0.0000,0.0000,0.0000,1.0000,34.4738,0.000000,0.000000,0.00,0.00
3.8000,536.4373,0.0000,2956.6616,32.2151,0.0000,-107.8340,0.0000,-82.7547,0.0000,-0.7504,0.0000,0.6610,0.0000,112.8514,-75.0445,0.0000,0.0000,0.0000,0.0000,1.0000,34.0318,0.000000,0.000000,0.00,0.00
3.8100,537.5460,0.0000,2956.4772,35.2740,0.0000,-106.5560,0.0000,-81.1741,0.0000,-0.7594,0.0000,0.6506,0.0000,112.5432,-73.3666,0.0000,0.0000,0.0000,0.0000,1.0000,33.5676,0.000000,0.000000,0.00,0.00
3.8200,538.6515,0.0000,2956.2914,38.2974,0.0000,-105.1959,0.0000,-79.5926,0.0000,-0.7683,0.0000,0.6401,0.0000,112.2427,-71.6835,0.0000,0.0000,0.0000,0.0000,1.0000,33.0819,0.000000,0.000000,0.00,0.00
3.8300,539.7537,0.0000,2956.1039,41.2828,0.0000,-103.7548,0.0000,-78.0105,0.0000,-0.7771,0.0000,0.6294,0.0000,111.9502,-69.9956,0.0000,0.0000,0.0000,0.0000,1.0000,32.5751,0.000000,0.000000,0.00,0.00
3.8400,540.8528,0.0000,2955.9148,44.2276,0.0000,-102.2343,0.0000,-76.4278,0.0000,-0.7857,0.0000,0.6186,0.0000,111.6662,-68.3030,0.0000,0.0000,0.0000,0.0000,1.0000,32.0480,0.000000,0.000000,0.00,0.00
3.8500,541.9489,0.0000,2955.7239,47.1292,0.0000,-100.6356,0.0000,-74.8448,0.0000,-0.7942,0.0000,0.6077,0.0000,111.3909,-66.6062,0.0000,0.0000,0.0000,0.0000,1.0000,31.5011,0.000000,0.000000,0.00,0.00
3.8600,543.0420,0.0000,2955.5311,49.9853,0.0000,-98.9603,0.0000,-73.2615,0.0000,-0.8025,0.0000,0.5967,0.0000,111.1247,-64.9056,0.0000,0.0000,0.0000,0.0000,1.0000,30.9350,0.000000,0.000000,0.00,0.00
3.8700,544.1322,0.0000,2955.3365,52.7933,0.0000,-97.2100,0.0000,-71.6781,0.0000,-0.8107,0.0000,0.5855,0.0000,110.8678,-63.2015,0.0000,0.0000,0.0000,0.0000,1.0000,30.3503,0.000000,0.000000,0.00,0.00
3.8800,545.2196,0.0000,2955.1400,55.5510,0.0000,-95.3863,0.0000,-70.0948,0.0000,-0.8187,0.0000,0.5743,0.0000,110.6206,-61.4943,0.0000,0.0000,0.0000,0.0000,1.0000,29.7476,0.000000,0.000000,0.00,0.00
3.8900,546.3042,0.0000,2954.9414,58.2561,0.0000,-93.4910,0.0000,-68.5115,0.0000,-0.8265,0.0000,0.5629,0.0000,110.3833,-59.7844,0.0000,0.0000,0.0000,0.0000,1.0000,29.1275,0.000000,0.000000,0.00,0.00
3.9000,547.3863,0.0000,2954.7407,60.9063,0.0000,-91.5260,0.0000,-66.9286,0.0000,-0.8342,0.0000,0.5514,0.0000,110.1560,-58.0722,0.0000,0.0000,0.0000,0.0000,1.0000,28.4905,0.000000,0.000000,0.00,0.00
3.9100,548.4657,0.0000,2954.5380,63.4995,0.0000,-89.4931,0.0000,-65.3460,0.0000,-0.8418,0.0000,0.5398,0.0000,109.9390,-56.3581,0.0000,0.0000,0.0000,0.0000,1.0000,27.8373,0.000000,0.000000,0.00,0.00
3.9200,549.5428,0.0000,2954.3331,66.0336,0.0000,-87.3942,0.0000,-63.7640,0.0000,-0.8491,0.0000,0.5282,0.0000,109.7323,-54.6425,0.0000,0.0000,0.0000,0.0000,1.0000,27.1684,0.000000,0.000000,0.00,0.00
3.9300,550.6174,0.0000,2954.1261,68.5066,0.0000,-85.2315,0.0000,-62.1826,0.0000,-0.8563,0.0000,0.5164,0.0000,109.5362,-52.9259,0.0000,0.0000,0.0000,0.0000,1.0000,26.4844,0.000000,0.000000,0.00,0.00
3.9400,551.6898,0.0000,2953.9168,70.9166,0.0000,-83.0070,0.0000,-60.6020,0.0000,-0.8634,0.0000,0.5045,0.0000,109.3506,-51.2087,0.0000,0.0000,0.0000,0.0000,1.0000,25.7858,0.000000,0.000000,0.00,0.00
3.9500,552.7600,0.0000,2953.7053,73.2617,0.0000,-80.7228,0.0000,-59.0223,0.0000,-0.8703,0.0000,0.4926,0.0000,109.1756,-49.4912,0.0000,0.0000,0.0000,0.0000,1.0000,25.0731,0.000000,0.000000,0.00,0.00
3.9600,553.8282,0.0000,2953.4915,75.5402,0.0000,-78.3812,0.0000,-57.4436,0.0000,-0.8770,0.0000,0.4806,0.0000,109.0112,-47.7740,0.0000,0.0000,0.0000,0.0000,1.0000,24.3470,0.000000,0.000000,0.00,0.00
3.9700,554.8944,0.0000,2953.2755,77.7503,0.0000,-75.9845,0.0000,-55.8660,0.0000,-0.8835,0.0000,0.4684,0.0000,108.8574,-46.0574,0.0000,0.0000,0.0000,0.0000,1.0000,23.6079,0.000000,0.000000,0.00,0.00
3.9800,555.9587,0.0000,2953.0571,79.8906,0.0000,-73.5350,0.0000,-54.2897,0.0000,-0.8899,0.0000,0.4562,0.0000,108.7141,-44.3419,0.0000,0.0000,0.0000,0.0000,1.0000,22.8564,0.000000,0.000000,0.00,0.00
3.9900,557.0212,0.0000,2952.8365,81.9593,0.0000,-71.0350,0.0000,-52.7148,0.0000,-0.8960,0.0000,0.4440,0.0000,108.5813,-42.6279,0.0000,0.0000,0.0000,0.0000,1.0000,22.0931,0.000000,0.000000,0.00,0.00
4.0000,558.0820,0.0000,2952.6136,83.9552,0.0000,-68.4869,0.0000,-51.1413,0.0000,-0.9021,0.0000,0.4316,0.0000,108.4587,-40.9158,0.0000,0.0000,0.0000,0.0000,1.0000,21.3184,0.000000,0.000000,0.00,0.00
4.0100,559.1413,0.0000,2952.3884,85.8769,0.0000,-65.8932,0.0000,-49.5694,0.0000,-0.9079,0.0000,0.4192,0.0000,108.3463,-39.2060,0.0000,0.0000,0.0000,0.0000,1.0000,20.5329,0.000000,0.000000,0.00,0.00
4.0200,560.1991,0.0000,2952.1609,87.7231,0.0000,-63.2563,0.0000,-47.9993,0.0000,-0.9135,0.0000,0.4067,0.0000,108.2439,-37.4989,0.0000,0.0000,0.0000,0.0000,1.0000,19.7374,0.000000,0.000000,0.00,0.00
4.0300,561.2555,0.0000,2951.9311,89.4927,0.0000,-60.5788,0.0000,-46.4309,0.0000,-0.9190,0.0000,0.3942,0.0000,108.1513,-35.7950,0.0000,0.0000,0.0000,0.0000,1.0000,18.9330,0.000000,0.000000,0.00,0.00
4.0400,562.3106,0.0000,2951.6991,91.1846,0.0000,-57.8630,0.0000,-44.8645,0.0000,-0.9243,0.0000,0.3816,0.0000,108.0682,-34.0946,0.0000,0.0000,0.0000,0.0000,1.0000,18.1235,0.000000,0.000000,0.00,0.00
4.0500,563.3645,0.0000,2951.4649,92.7981,0.0000,-55.1113,0.0000,-43.3001,0.0000,-0.9295,0.0000,0.3689,0.0000,107.9943,-32.3980,0.0000,0.0000,0.0000,0.0000,1.0000,17.3217,0.000000,0.000000,0.00,0.00
4.0600,564.4173,0.0000,2951.2284,94.3330,0.0000,-52.3247,0.0000,-41.7379,0.0000,-0.9344,0.0000,0.3562,0.0000,107.9294,-30.7054,0.0000,0.0000,0.0000,0.0000,1.0000,16.5794,0.000000,0.000000,0.00,0.00
4.0700,565.4690,0.0000,2950.9898,95.7911,0.0000,-49.5003,0.0000,-40.1779,0.0000,-0.9392,0.0000,0.3435,0.0000,107.8730,-29.0163,0.0000,0.0000,0.0000,0.0000,1.0000,16.0968,0.000000,0.000000,0.00,0.00
4.0800,566.5198,0.0000,2950.7487,97.1784,0.0000,-46.6249,0.0000,-38.6203,0.0000,-0.9437,0.0000,0.3307,0.0000,107.8249,-27.3278,0.0000,0.0000,0.0000,0.0000,1.0000,16.5493,0.000000,0.000000,0.00,0.00
4.0900,567.5695,0.0000,2950.5051,98.5008,0.0000,-43.6811,0.0000,-37.0651,0.0000,-0.9481,0.0000,0.3178,0.0000,107.7846,-25.6311,0.0000,0.0000,0.0000,0.0000,1.0000,19.1726,0.000000,0.000000,0.00,0.00
4.1000,568.6183,0.0000,2950.2584,99.7499,0.0000,-40.6814,0.0000,-35.5126,0.0000,-0.9524,0.0000,0.3050,0.0000,107.7518,-23.9153,0.0000,0.0000,0.0000,0.0000,1.0000,22.7306,0.000000,0.000000,0.00,0.00
4.1100,569.6661,0.0000,2950.0085,100.9122,0.0000,-37.6549,0.0000,-33.9627,0.0000,-0.9564,0.0000,0.2921,0.0000,107.7266,-22.1873,0.0000,0.0000,0.0000,0.0000,1.0000,23.6436,0.000000,0.000000,0.00,0.00
4.1200,570.7130,0.0000,2949.7556,101.9828,0.0000,-34.6165,0.0000,-32.4156,0.0000,-0.9603,0.0000,0.2791,0.0000,107.7087,-20.4628,0.0000,0.0000,0.0000,0.0000,1.0000,22.5233,0.000000,0.000000,0.00,0.00
4.1300,571.7591,0.0000,2949.4996,102.9610,0.0000,-31.5723,0.0000,-30.8714,0.0000,-0.9639,0.0000,0.2662,0.0000,107.6977,-18.7490,0.0000,0.0000,0.0000,0.0000,1.0000,20.8010,0.000000,0.000000,0.00,0.00
4.1400,572.8045,0.0000,2949.2410,103.8474,0.0000,-28.5257,0.0000,-29.3303,0.0000,-0.9674,0.0000,0.2532,0.0000,107.6930,-17.0478,0.0000,0.0000,0.0000,0.0000,1.0000,18.9544,0.000000,0.000000,0.00,0.00
4.1500,573.8493,0.0000,2948.9797,104.6427,0.0000,-25.4793,0.0000,-27.7922,0.0000,-0.9707,0.0000,0.2402,0.0000,107.6940,-15.3596,0.0000,0.0000,0.0000,0.0000,1.0000,17.0924,0.000000,0.000000,0.00,0.00
4.1600,574.8935,0.0000,2948.7160,105.3480,0.0000,-22.4360,0.0000,-26.2574,0.0000,-0.9739,0.0000,0.2271,0.0000,107.7001,-13.6846,0.0000,0.0000,0.0000,0.0000,1.0000,15.2376,0.000000,0.000000,0.00,0.00
4.1700,575.9374,0.0000,2948.4501,105.9641,0.0000,-19.3984,0.0000,-24.7259,0.0000,-0.9768,0.0000,0.2141,0.0000,107.7106,-12.0227,0.0000,0.0000,0.0000,0.0000,1.0000,13.3947,0.000000,0.000000,0.00,0.00
4.1800,576.9808,0.0000,2948.1820,106.4922,0.0000,-16.3689,0.0000,-23.1978,0.0000,-0.9796,0.0000,0.2011,0.0000,107.7251,-10.3740,0.0000,0.0000,0.0000,0.0000,1.0000,11.5644,0.000000,0.000000,0.00,0.00
4.1900,578.0240,0.0000,2947.9121,106.9335,0.0000,-13.3502,0.0000,-21.6733,0.0000,-0.9822,0.0000,0.1880,0.0000,107.7429,-8.7386,0.0000,0.0000,0.0000,0.0000,1.0000,9.7469,0.000000,0.000000,0.00,0.00
4.2000,579.0669,0.0000,2947.6404,107.2891,0.0000,-10.3447,0.0000,-20.1524,0.0000,-0.9846,0.0000,0.1750,0.0000,107.7636,-7.1163,0.0000,0.0000,0.0000,0.0000,1.0000,7.9422,0.000000,0.000000,0.00,0.00
4.2100,580.1097,0.0000,2947.3671,107.5602,0.0000,-7.3549,0.0000,-18.6352,0.0000,-0.9868,0.0000,0.1619,0.0000,107.7866,-5.5074,0.0000,0.0000,0.0000,0.0000,1.0000,6.1501,0.000000,0.000000,0.00,0.00
4.2200,581.1524,0.0000,2947.0924,107.7484,0.0000,-4.3830,0.0000,-17.1218,0.0000,-0.9889,0.0000,0.1489,0.0000,107.8114,-3.9117,0.0000,0.0000,0.0000,0.0000,1.0000,4.3708,0.000000,0.000000,0.00,0.00
4.2300,582.1950,0.0000,2946.8165,107.8549,0.0000,-1.4315,0.0000,-15.6124,0.0000,-0.9907,0.0000,0.1358,0.0000,107.8375,-2.3294,0.0000,0.0000,0.0000,0.0000,1.0000,2.6043,0.000000,0.000000,0.00,0.00
4.2400,583.2376,0.0000,2946.5395,107.8812,0.0000,1.4974,0.0000,-14.1070,0.0000,-0.9924,0.0000,0.1228,0.0000,107.8644,-0.7604,0.0000,0.0000,0.0000,0.0000,1.0000,0.8506,0.000000,0.000000,0.00,0.00
4.2500,584.2803,0.0000,2946.2616,107.8288,0.0000,4.4015,0.0000,-12.6057,0.0000,-0.9940,0.0000,0.1098,0.0000,107.8916,0.7952,0.0000,0.0000,0.0000,0.0000,1.0000,-0.8900,0.000000,0.000000,0.00,0.00
4.2600,585.3230,0.0000,2945.9830,107.6993,0.0000,7.2787,0.0000,-11.1086,0.0000,-0.9953,0.0000,0.0968,0.0000,107.9186,2.3375,0.0000,0.0000,0.0000,0.0000,1.0000,-2.6175,0.000000,0.000000,0.00,0.00
4.2700,586.3659,0.0000,2945.7038,107.4944,0.0000,10.1268,0.0000,-9.6158,0.0000,-0.9965,0.0000,0.0838,0.0000,107.9450,3.8664,0.0000,0.0000,0.0000,0.0000,1.0000,-4.3315,0.000000,0.000000,0.00,0.00
4.2800,587.4089,0.0000,2945.4242,107.2157,0.0000,12.9439,0.0000,-8.1274,0.0000,-0.9975,0.0000,0.0709,0.0000,107.9704,5.3818,0.0000,0.0000,0.0000,0.0000,1.0000,-6.0317,0.000000,0.000000,0.00,0.00
4.2900,588.4520,0.0000,2945.1444,106.8649,0.0000,15.7280,0.0000,-6.6435,0.0000,-0.9983,0.0000,0.0579,0.0000,107.9942,6.8839,0.0000,0.0000,0.0000,0.0000,1.0000,-7.7178,0.000000,0.000000,0.00,0.00
4.3000,589.4954,0.0000,2944.8646,106.4439,0.0000,18.4772,0.0000,-5.1642,0.0000,-0.9990,0.0000,0.0451,0.0000,108.0161,8.3725,0.0000,0.0000,0.0000,0.0000,1.0000,-9.3894,0.000000,0.000000,0.00,0.00
4.3100,590.5390,0.0000,2944.5848,105.9544,0.0000,21.1898,0.0000,-3.6895,0.0000,-0.9995,0.0000,0.0322,0.0000,108.0357,9.8476,0.0000,0.0000,0.0000,0.0000,1.0000,-11.0460,0.000000,0.000000,0.00,0.00
4.3200,591.5828,0.0000,2944.3054,105.3984,0.0000,23.8639,0.0000,-2.2196,0.0000,-0.9998,0.0000,0.0194,0.0000,108.0525,11.3094,0.0000,0.0000,0.0000,0.0000,1.0000,-12.6870,0.000000,0.000000,0.00,0.00
4.3300,592.6269,0.0000,2944.0263,104.7777,0.0000,26.4981,0.0000,-0.7546,0.0000,-1.0000,0.0000,0.0066,0.0000,108.0662,12.7576,0.0000,0.0000,0.0000,0.0000,1.0000,-14.3120,0.000000,0.000000,0.00,0.00
4.3400,593.6712,0.0000,2943.7479,104.0942,0.0000,29.0906,-0.0000,0.7056,-0.0000,-1.0000,0.0000,-0.0062,0.0000,108.0764,14.1924,0.0000,0.0000,0.0000,0.0000,1.0000,-15.9199,0.000000,0.000000,0.00,0.00
4.3500,594.7158,0.0000,2943.4702,103.3500,0.0000,31.6400,-0.0000,2.1607,-0.0000,-0.9998,0.0000,-0.0189,0.0000,108.0827,15.6138,0.0000,0.0000,0.0000,0.0000,1.0000,-17.5091,0.000000,0.000000,0.00,0.00
4.3600,595.7606,0.0000,2943.1935,102.5469,0.0000,34.1451,-0.0000,3.6108,-0.0000,-0.9995,0.0000,-0.0315,0.0000,108.0847,17.0217,0.0000,0.0000,0.0000,0.0000,1.0000,-19.0755,0.000000,0.000000,0.00,0.00
4.3700,596.8057,0.0000,2942.9179,101.6869,0.0000,36.6048,-0.0000,5.0557,-0.0000,-0.9990,0.0000,-0.0441,0.0000,108.0822,18.4162,0.0000,0.0000,0.0000,0.0000,1.0000,-20.6054,0.000000,0.000000,0.00,0.00
4.3800,597.8510,0.0000,2942.6436,100.7715,0.0000,39.0191,-0.0000,6.4953,-0.0000,-0.9984,0.0000,-0.0567,0.0000,108.0747,19.7976,0.0000,0.0000,0.0000,0.0000,1.0000,-22.0540,0.000000,0.000000,0.00,0.00
4.3900,598.8964,0.0000,2942.3706,99.8011,0.0000,41.3905,-0.0000,7.9296,-0.0000,-0.9976,0.0000,-0.0691,0.0000,108.0620,21.1666,0.0000,0.0000,0.0000,0.0000,1.0000,-23.2749,0.000000,0.000000,0.00,0.00
4.4000,599.9421,0.0000,2942.0990,98.7729,0.0000,43.7283,-0.0000,9.3585,-0.0000,-0.9967,0.0000,-0.0816,0.0000,108.0437,22.5253,0.0000,0.0000,0.0000,0.0000,1.0000,-23.8449,0.000000,0.000000,0.00,0.00
4.4100,600.9878,0.0000,2941.8288,97.6796,0.0000,46.0488,-0.0000,10.7819,-0.0000,-0.9956,0.0000,-0.0940,0.0000,108.0197,23.8797,0.0000,0.0000,0.0000,0.0000,1.0000,-22.9152,0.000000,0.000000,0.00,0.00
4.4200,602.0334,0.0000,2941.5597,96.5158,0.0000,48.3611,-0.0000,12.1998,-0.0000,-0.9943,0.0000,-0.1063,0.0000,107.9898,25.2405,0.0000,0.0000,0.0000,0.0000,1.0000,-20.1572,0.000000,0.000000,0.00,0.00
4.4300,603.0789,0.0000,2941.2913,95.2853,0.0000,50.6538,-0.0000,13.6120,-0.0000,-0.9930,0.0000,-0.1185,0.0000,107.9541,26.6141,0.0000,0.0000,0.0000,0.0000,1.0000,-17.4073,0.000000,0.000000,0.00,0.00
4.4400,604.1240,0.0000,2941.0235,93.9957,0.0000,52.9109,-0.0000,15.0186,-0.0000,-0.9914,0.0000,-0.1307,0.0000,107.9125,27.9952,0.0000,0.0000,0.0000,0.0000,1.0000,-16.2182,0.000000,0.000000,0.00,0.00
4.4500,605.1688,0.0000,2940.7563,92.6521,0.0000,55.1235,-0.0000,16.4193,-0.0000,-0.9898,0.0000,-0.1428,0.0000,107.8645,29.3755,0.0000,0.0000,0.0000,0.0000,1.0000,-16.1666,0.000000,0.000000,0.00,0.00
4.4600,606.2131,0.0000,2940.4898,91.2577,0.0000,57.2875,-0.0000,17.8142,-0.0000,-0.9879,0.0000,-0.1548,0.0000,107.8100,30.7506,0.0000,0.0000,0.0000,0.0000,1.0000,-16.5785,0.000000,0.000000,0.00,0.00
4.4700,607.2569,0.0000,2940.2239,89.8148,0.0000,59.4010,-0.0000,19.2032,-0.0000,-0.9860,0.0000,-0.1668,0.0000,107.7489,32.1188,0.0000,0.0000,0.0000,0.0000,1.0000,-17.1380,0.000000,0.000000,0.00,0.00
4.4800,608.3002,0.0000,2939.9587,88.3253,0.0000,61.4630,-0.0000,20.5862,-0.0000,-0.9839,0.0000,-0.1787,0.0000,107.6809,33.4796,0.0000,0.0000,0.0000,0.0000,1.0000,-17.7335,0.000000,0.000000,0.00,0.00
4.4900,609.3428,0.0000,2939.6943,86.7911,0.0000,63.4724,-0.0000,21.9631,-0.0000,-0.9817,0.0000,-0.1905,0.0000,107.6060,34.8329,0.0000,0.0000,0.0000,0.0000,1.0000,-18.3286,0.000000,0.000000,0.00,0.00
4.5000,610.3848,0.0000,2939.4308,85.2535,0.0000,65.3758,-0.0000,23.3195,-0.0000,-0.9794,0.0000,-0.2021,0.0000,107.5241,36.1789,0.0000,1.0000,0.0000,0.0000,0.8000,-22.1101,0.000000,0.000000,0.00,0.00
4.5100,611.4262,0.0000,2939.1686,83.7110,0.0000,67.1856,-0.0000,24.6409,-0.0000,-0.9770,0.0000,-0.2134,0.0000,107.4344,37.4824,0.0000,1.0000,0.0000,0.0000,0.8000,-22.6013,0.000000,0.000000,0.00,0.00
4.5200,612.4668,0.0000,2938.9075,82.1679,0.0000,68.9039,-0.0000,25.9274,-0.0000,-0.9745,0.0000,-0.2243,0.0000,107.3380,38.7502,0.0000,1.0000,0.0000,0.0000,0.8000,-23.0629,0.000000,0.000000,0.00,0.00
4.5300,613.5066,0.0000,2938.6477,80.6283,0.0000,70.5330,-0.0000,27.1791,-0.0000,-0.9720,0.0000,-0.2350,0.0000,107.2348,39.9823,0.0000,1.0000,0.0000,0.0000,0.8000,-23.4951,0.000000,0.000000,0.00,0.00
4.5400,614.5456,0.0000,2938.3892,79.0959,0.0000,72.0752,-0.0000,28.3962,-0.0000,-0.9695,0.0000,-0.2453,0.0000,107.1252,41.1792,0.0000,1.0000,0.0000,0.0000,0.8000,-23.8987,0.000000,0.000000,0.00,0.00
4.5500,615.5837,0.0000,2938.1320,77.5745,0.0000,73.5331,-0.0000,29.5785,-0.0000,-0.9669,0.0000,-0.2553,0.0000,107.0094,42.3410,0.0000,1.0000,0.0000,0.0000,0.8000,-24.2746,0.000000,0.000000,0.00,0.00
4.5600,616.6209,0.0000,2937.8760,76.0674,0.0000,74.9091,-0.0000,30.7264,-0.0000,-0.9643,0.0000,-0.2649,0.0000,106.8874,43.4680,0.0000,1.0000,0.0000,0.0000,0.8000,-24.6237,0.000000,0.000000,0.00,0.00
4.5700,617.6570,0.0000,2937.6214,74.5778,0.0000,76.2056,-0.0000,31.8397,-0.0000,-0.9616,0.0000,-0.2743,0.0000,106.7596,44.5604,0.0000,1.0000,0.0000,0.0000,0.8000,-24.9468,0.000000,0.000000,0.00,0.00
4.5800,618.6920,0.0000,2937.3681,73.1086,0.0000,77.4253,-0.0000,32.9188,-0.0000,-0.9590,0.0000,-0.2833,0.0000,106.6262,45.6185,0.0000,1.0000,0.0000,0.0000,0.8000,-25.2450,0.000000,0.000000,0.00,0.00
4.5900,619.7259,0.0000,2937.1162,71.6628,0.0000,78.5707,-0.0000,33.9636,-0.0000,-0.9564,0.0000,-0.2921,0.0000,106.4873,46.6425,0.0000,1.0000,0.0000,0.0000,0.8000,-25.5191,0.000000,0.000000,0.00,0.00
4.6000,620.7586,0.0000,2936.8655,70.2427,0.0000,79.6443,-0.0000,34.9743,-0.0000,-0.9538,0.0000,-0.3005,0.0000,106.3433,47.6327,0.0000,1.0000,0.0000,0.0000,0.8000,-25.7701,0.000000,0.000000,0.00,0.00
4.6100,621.7901,0.0000,2936.6162,68.8509,0.0000,80.6486,-0.0000,35.9510,-0.0000,-0.9512,0.0000,-0.3086,0.0000,106.1944,48.5891,0.0000,1.0000,0.0000,0.0000,0.8000,-25.9990,0.000000,0.000000,0.00,0.00
4.6200,622.8203,0.0000,2936.3682,67.4896,0.0000,81.5863,-0.0000,36.8938,-0.0000,-0.9486,0.0000,-0.3164,0.0000,106.0408,49.5121,0.0000,1.0000,0.0000,0.0000,0.8000,-26.2066,0.000000,0.000000,0.00,0.00
4.6300,623.8491,0.0000,2936.1216,66.1607,0.0000,82.4597,-0.0000,37.8028,-0.0000,-0.9461,0.0000,-0.3239,0.0000,105.8828,50.4019,0.0000,1.0000,0.0000,0.0000,0.8000,-26.3940,0.000000,0.000000,0.00,0.00
4.6400,624.8766,0.0000,2935.8762,64.8661,0.0000,83.2714,-0.0000,38.6782,-0.0000,-0.9436,0.0000,-0.3312,0.0000,105.7206,51.2586,0.0000,1.0000,0.0000,0.0000,0.8000,-26.5620,0.000000,0.000000,0.00,0.00
4.6500,625.9027,0.0000,2935.6322,63.6077,0.0000,84.0236,-0.0000,39.5202,-0.0000,-0.9411,0.0000,-0.3381,0.0000,105.5544,52.0824,0.0000,1.0000,0.0000,0.0000,0.8000,-26.7116,0.000000,0.000000,0.00,0.00
4.6600,626.9273,0.0000,2935.3894,62.3868,0.0000,84.7189,-0.0000,40.3288,-0.0000,-0.9387,0.0000,-0.3447,0.0000,105.3846,52.8735,0.0000,1.0000,0.0000,0.0000,0.8000,-26.8435,0.000000,0.000000,0.00,0.00
4.6700,627.9505,0.0000,2935.1480,61.2051,0.0000,85.3595,-0.0000,41.1042,-0.0000,-0.9364,0.0000,-0.3511,0.0000,105.2113,53.6321,0.0000,1.0000,0.0000,0.0000,0.8000,-26.9588,0.000000,0.000000,0.00,0.00
4.6800,628.9721,0.0000,2934.9078,60.0636,0.0000,85.9475,-0.0000,41.8466,-0.0000,-0.9341,0.0000,-0.3571,0.0000,105.0347,54.3584,0.0000,1.0000,0.0000,0.0000,0.8000,-27.0582,0.000000,0.000000,0.00,0.00
4.6900,629.9921,0.0000,2934.6689,58.9636,0.0000,86.4853,-0.0000,42.5560,-0.0000,-0.9318,0.0000,-0.3629,0.0000,104.8552,55.0526,0.0000,1.0000,0.0000,0.0000,0.8000,-27.1425,0.000000,0.000000,0.00,0.00
4.7000,631.0105,0.0000,2934.4312,57.9061,0.0000,86.9749,-0.0000,43.2327,-0.0000,-0.9297,0.0000,-0.3684,0.0000,104.6729,55.7148,0.0000,1.0000,0.0000,0.0000,0.8000,-27.2125,0.000000,0.000000,0.00,0.00
4.7100,632.0274,0.0000,2934.1948,56.8918,0.0000,87.4185,-0.0000,43.8769,-0.0000,-0.9276,0.0000,-0.3736,0.0000,104.4881,56.3451,0.0000,0.9964,0.0000,0.0000,0.8000,-27.2615,0.000000,0.000000,0.00,0.00
4.7200,633.0425,0.0000,2933.9596,55.9193,0.0000,87.8194,-0.0000,44.4894,-0.0000,-0.9256,0.0000,-0.3786,0.0000,104.3009,56.9440,0.0000,0.9523,0.0000,0.0000,0.8000,-27.2158,0.000000,0.000000,0.00,0.00
4.7300,634.0560,0.0000,2933.7255,54.9875,0.0000,88.1806,-0.0000,45.0714,-0.0000,-0.9236,0.0000,-0.3833,0.0000,104.1116,57.5129,0.0000,0.9101,0.0000,0.0000,0.8000,-27.1653,0.000000,0.000000,0.00,0.00
4.7400,635.0678,0.0000,2933.4927,54.0952,0.0000,88.5046,-0.0000,45.6243,-0.0000,-0.9218,0.0000,-0.3877,0.0000,103.9203,58.0532,0.0000,0.8696,0.0000,0.0000,0.8000,-27.1106,0.000000,0.000000,0.00,0.00
4.7500,636.0779,0.0000,2933.2609,53.2414,0.0000,88.7940,-0.0000,46.1493,-0.0000,-0.9200,0.0000,-0.3919,0.0000,103.7273,58.5661,0.0000,0.8308,0.0000,0.0000,0.8000,-27.0518,0.000000,0.000000,0.00,0.00
4.7600,637.0862,0.0000,2933.0303,52.4250,0.0000,89.0512,-0.0000,46.6475,-0.0000,-0.9183,0.0000,-0.3959,0.0000,103.5328,59.0528,0.0000,0.7936,0.0000,0.0000,0.8000,-26.9893,0.000000,0.000000,0.00,0.00
4.7700,638.0927,0.0000,2932.8007,51.6446,0.0000,89.2782,-0.0000,47.1200,-0.0000,-0.9166,0.0000,-0.3997,0.0000,103.3368,59.5144,0.0000,0.7579,0.0000,0.0000,0.8000,-26.9233,0.000000,0.000000,0.00,0.00
4.7800,639.0974,0.0000,2932.5721,50.8994,0.0000,89.4770,-0.0000,47.5680,-0.0000,-0.9151,0.0000,-0.4033,0.0000,103.1395,59.9519,0.0000,0.7237,0.0000,0.0000,0.8000,-26.8540,0.000000,0.000000,0.00,0.00
4.7900,640.1004,0.0000,2932.3446,50.1880,0.0000,89.6495,-0.0000,47.9924,-0.0000,-0.9136,0.0000,-0.4067,0.0000,102.9411,60.3664,0.0000,0.6909,0.0000,0.0000,0.8000,-26.7818,0.000000,0.000000,0.00,0.00
4.8000,641.1015,0.0000,2932.1180,49.5094,0.0000,89.7975,-0.0000,48.3941,-0.0000,-0.9121,0.0000,-0.4099,0.0000,102.7418,60.7588,0.0000,0.6595,0.0000,0.0000,0.8000,-26.7067,0.000000,0.000000,0.00,0.00
4.8100,642.1007,0.0000,2931.8924,48.8624,0.0000,89.9225,-0.0000,48.7742,-0.0000,-0.9108,0.0000,-0.4129,0.0000,102.5416,61.1301,0.0000,0.6293,0.0000,0.0000,0.8000,-26.6291,0.000000,0.000000,0.00,0.00
4.8200,643.0981,0.0000,2931.6678,48.2460,0.0000,90.0261,-0.0000,49.1335,-0.0000,-0.9095,0.0000,-0.4158,0.0000,102.3406,61.4811,0.0000,0.6004,0.0000,0.0000,0.8000,-26.5491,0.000000,0.000000,0.00,0.00
4.8300,644.0937,0.0000,2931.4441,47.6592,0.0000,90.1096,-0.0000,49.4729,-0.0000,-0.9082,0.0000,-0.4184,0.0000,102.1390,61.8126,0.0000,0.5726,0.0000,0.0000,0.8000,-26.4669,0.000000,0.000000,0.00,0.00
4.8400,645.0874,0.0000,2931.2212,47.1007,0.0000,90.1743,-0.0000,49.7931,-0.0000,-0.9071,0.0000,-0.4210,0.0000,101.9369,62.1255,0.0000,0.5460,0.0000,0.0000,0.8000,-26.3826,0.000000,0.000000,0.00,0.00
4.8500,646.0792,0.0000,2930.9993,46.5697,0.0000,90.2215,-0.0000,50.0950,-0.0000,-0.9060,0.0000,-0.4234,0.0000,101.7344,62.4206,0.0000,0.5204,0.0000,0.0000,0.8000,-26.2964,0.000000,0.000000,0.00,0.00
4.8600,647.0691,0.0000,2930.7781,46.0651,0.0000,90.2522,-0.0000,50.3793,-0.0000,-0.9049,0.0000,-0.4256,0.0000,101.5315,62.6985,0.0000,0.4959,0.0000,0.0000,0.8000,-26.2084,0.000000,0.000000,0.00,0.00
4.8700,648.0571,0.0000,2930.5578,45.5859,0.0000,90.2675,-0.0000,50.6467,-0.0000,-0.9039,0.0000,-0.4277,0.0000,101.3284,62.9601,0.0000,0.4724,0.0000,0.0000,0.8000,-26.1188,0.000000,0.000000,0.00,0.00
4.8800,649.0432,0.0000,2930.3383,45.1312,0.0000,90.2684,-0.0000,50.8979,-0.0000,-0.9030,0.0000,-0.4297,0.0000,101.1251,63.2058,0.0000,0.4498,0.0000,0.0000,0.8000,-26.0277,0.000000,0.000000,0.00,0.00
4.8900,650.0274,0.0000,2930.1196,44.7001,0.0000,90.2558,-0.0000,51.1336,-0.0000,-0.9021,0.0000,-0.4316,0.0000,100.9218,63.4365,0.0000,0.4281,0.0000,0.0000,0.8000,-25.9352,0.000000,0.000000,0.00,0.00
4.9000,651.0096,0.0000,2929.9017,44.2917,0.0000,90.2305,-0.0000,51.3543,-0.0000,-0.9012,0.0000,-0.4333,0.0000,100.7184,63.6526,0.0000,0.4072,0.0000,0.0000,0.8000,-25.8415,0.000000,0.000000,0.00,0.00
4.9100,651.9900,0.0000,2929.6845,43.9051,0.0000,90.1933,-0.0000,51.5607,-0.0000,-0.9005,0.0000,-0.4349,0.0000,100.5151,63.8548,0.0000,0.3872,0.0000,0.0000,0.8000,-25.7466,0.000000,0.000000,0.00,0.00
4.9200,652.9685,0.0000,2929.4680,43.5394,0.0000,90.1450,-0.0000,51.7534,-0.0000,-0.8997,0.0000,-0.4364,0.0000,100.3119,64.0437,0.0000,0.3680,0.0000,0.0000,0.8000,-25.6506,0.000000,0.000000,0.00,0.00
4.9300,653.9450,0.0000,2929.2523,43.1939,0.0000,90.0862,-0.0000,51.9328,-0.0000,-0.8991,0.0000,-0.4378,0.0000,100.1089,64.2198,0.0000,0.3496,0.0000,0.0000,0.8000,-25.5536,0.000000,0.000000,0.00,0.00
4.9400,654.9196,0.0000,2929.0372,42.8678,0.0000,90.0176,-0.0000,52.0996,-0.0000,-0.8984,0.0000,-0.4392,0.0000,99.9062,64.3835,0.0000,0.3319,0.0000,0.0000,0.8000,-25.4557,0.000000,0.000000,0.00,0.00
4.9500,655.8923,0.0000,2928.8229,42.5603,0.0000,89.9398,-0.0000,52.2542,-0.0000,-0.8978,0.0000,-0.4404,0.0000,99.7037,64.5355,0.0000,0.3148,0.0000,0.0000,0.8000,-25.3571,0.000000,0.000000,0.00,0.00
4.9600,656.8630,0.0000,2928.6091,42.2707,0.0000,89.8534,-0.0000,52.3971,-0.0000,-0.8973,0.0000,-0.4415,0.0000,99.5015,64.6761,0.0000,0.2985,0.0000,0.0000,0.8000,-25.2577,0.000000,0.000000,0.00,0.00
4.9700,657.8319,0.0000,2928.3961,41.9982,0.0000,89.7588,-0.0000,52.5288,-0.0000,-0.8968,0.0000,-0.4425,0.0000,99.2997,64.8058,0.0000,0.2828,0.0000,0.0000,0.8000,-25.1576,0.000000,0.000000,0.00,0.00
4.9800,658.7988,0.0000,2928.1837,41.7423,0.0000,89.6566,-0.0000,52.6497,-0.0000,-0.8963,0.0000,-0.4435,0.0000,99.0984,64.9251,0.0000,0.2677,0.0000,0.0000,0.8000,-25.0569,0.000000,0.000000,0.00,0.00
4.9900,659.7638,0.0000,2927.9719,41.5022,0.0000,89.5471,-0.0000,52.7602,-0.0000,-0.8959,0.0000,-0.4443,0.0000,98.8975,65.0343,0.0000,0.2531,0.0000,0.0000,0.8000,-24.9557,0.000000,0.000000,0.00,0.00
5.0000,660.7269,0.0000,2927.7607,41.2773,0.0000,89.4310,-0.0000,52.8608,-0.0000,-0.8955,0.0000,-0.4451,0.0000,98.6971,65.1338,0.0000,0.2392,0.0000,0.0000,0.8000,-24.8541,0.000000,0.000000,0.00,0.00
5.0100,661.6881,0.0000,2927.5501,41.0670,0.0000,89.3084,-0.0000,52.9519,-0.0000,-0.8951,0.0000,-0.4458,0.0000,98.4973,65.2241,0.0000,0.2258,0.0000,0.0000,0.8000,-24.7520,0.000000,0.000000,0.00,0.00
5.0200,662.6473,0.0000,2927.3401,40.8707,0.0000,89.1799,-0.0000,53.0337,-0.0000,-0.8948,0.0000,-0.4465,0.0000,98.2980,65.3054,0.0000,0.2128,0.0000,0.0000,0.8000,-24.6496,0.000000,0.000000,0.00,0.00
5.0300,663.6047,0.0000,2927.1306,40.6879,0.0000,89.0458,-0.0000,53.1068,-0.0000,-0.8945,0.0000,-0.4470,0.0000,98.0993,65.3782,0.0000,0.2004,0.0000,0.0000,0.8000,-24.5468,0.000000,0.000000,0.00,0.00
5.0400,664.5601,0.0000,2926.9217,40.5180,0.0000,88.9064,-0.0000,53.1713,-0.0000,-0.8943,0.0000,-0.4475,0.0000,97.9013,65.4428,0.0000,0.1885,0.0000,0.0000,0.8000,-24.4438,0.000000,0.000000,0.00,0.00
5.0500,665.5137,0.0000,2926.7134,40.3604,0.0000,88.7620,-0.0000,53.2277,-0.0000,-0.8940,0.0000,-0.4480,0.0000,97.7039,65.4995,0.0000,0.1770,0.0000,0.0000,0.8000,-24.3406,0.000000,0.000000,0.00,0.00
5.0600,666.4654,0.0000,2926.5056,40.2148,0.0000,88.6129,-0.0000,53.2763,-0.0000,-0.8939,0.0000,-0.4484,0.0000,97.5072,65.5485,0.0000,0.1660,0.0000,0.0000,0.8000,-24.2372,0.000000,0.000000,0.00,0.00
5.0700,667.4152,0.0000,2926.2983,40.0805,0.0000,88.4593,-0.0000,53.3174,-0.0000,-0.8937,0.0000,-0.4487,0.0000,97.3112,65.5902,0.0000,0.1554,0.0000,0.0000,0.8000,-24.1337,0.000000,0.000000,0.00,0.00
5.0800,668.3631,0.0000,2926.0916,39.9571,0.0000,88.3017,-0.0000,53.3512,-0.0000,-0.8936,0.0000,-0.4489,0.0000,97.1159,65.6250,0.0000,0.1451,0.0000,0.0000,0.8000,-24.0300,0.000000,0.000000,0.00,0.00
5.0900,669.3091,0.0000,2925.8853,39.8443,0.0000,88.1401,-0.0000,53.3780,-0.0000,-0.8935,0.0000,-0.4491,0.0000,96.9214,65.6529,0.0000,0.1353,0.0000,0.0000,0.8000,-23.9263,0.000000,0.000000,0.00,0.00
5.1000,670.2532,0.0000,2925.6796,39.7414,0.0000,87.9748,-0.0000,53.3982,-0.0000,-0.8934,0.0000,-0.4493,0.0000,96.7276,65.6744,0.0000,0.1258,0.0000,0.0000,0.8000,-23.8226,0.000000,0.000000,0.00,0.00
5.1100,671.1955,0.0000,2925.4743,39.6482,0.0000,87.8060,-0.0000,53.4119,-0.0000,-0.8933,0.0000,-0.4494,0.0000,96.5347,65.6896,0.0000,0.1167,0.0000,0.0000,0.8000,-23.7189,0.000000,0.000000,0.00,0.00
5.1200,672.1359,0.0000,2925.2695,39.5643,0.0000,87.6340,-0.0000,53.4194,-0.0000,-0.8933,0.0000,-0.4495,0.0000,96.3425,65.6988,0.0000,0.1080,0.0000,0.0000,0.8000,-23.6152,0.000000,0.000000,0.00,0.00
5.1300,673.0745,0.0000,2925.0652,39.4891,0.0000,87.4589,-0.0000,53.4210,-0.0000,-0.8933,0.0000,-0.4495,0.0000,96.1512,65.7022,0.0000,0.0995,0.0000,0.0000,0.8000,-23.5116,0.000000,0.000000,0.00,0.00
5.1400,674.0113,0.0000,2924.8614,39.4225,0.0000,87.2809,-0.0000,53.4169,-0.0000,-0.8933,0.0000,-0.4495,0.0000,95.9607,65.7000,0.0000,0.0914,0.0000,0.0000,0.8000,-23.4081,0.000000,0.000000,0.00,0.00
5.1500,674.9462,0.0000,2924.6580,39.3640,0.0000,87.1002,-0.0000,53.4073,-0.0000,-0.8933,0.0000,-0.4494,0.0000,95.7710,65.6925,0.0000,0.0836,0.0000,0.0000,0.8000,-23.3046,0.000000,0.000000,0.00,0.00
5.1600,675.8792,0.0000,2924.4550,39.3133,0.0000,86.9169,-0.0000,53.3924,-0.0000,-0.8934,0.0000,-0.4493,0.0000,95.5822,65.6799,0.0000,0.0760,0.0000,0.0000,0.8000,-23.2014,0.000000,0.000000,0.00,0.00
5.1700,676.8105,0.0000,2924.2525,39.2700,0.0000,86.7311,-0.0000,53.3724,-0.0000,-0.8935,0.0000,-0.4491,0.0000,95.3943,65.6623,0.0000,0.0688,0.0000,0.0000,0.8000,-23.0982,0.000000,0.000000,0.00,0.00
5.1800,677.7399,0.0000,2924.0504,39.2339,0.0000,86.5431,-0.0000,53.3475,-0.0000,-0.8936,0.0000,-0.4489,0.0000,95.2073,65.6400,0.0000,0.0618,0.0000,0.0000,0.8000,-22.9953,0.000000,0.000000,0.00,0.00
5.1900,678.6675,0.0000,2923.8488,39.2047,0.0000,86.3530,-0.0000,53.3180,-0.0000,-0.8937,0.0000,-0.4487,0.0000,95.0211,65.6130,0.0000,0.0551,0.0000,0.0000,0.8000,-22.8925,0.000000,0.000000,0.00,0.00
5.2000,679.5933,0.0000,2923.6475,39.1820,0.0000,86.1608,-0.0000,53.2839,-0.0000,-0.8938,0.0000,-0.4484,0.0000,94.8359,65.5817,0.0000,0.0486,0.0000,0.0000,0.8000,-22.7900,0.000000,0.000000,0.00,0.00
5.2100,680.5173,0.0000,2923.4467,39.1656,0.0000,85.9668,-0.0000,53.2454,-0.0000,-0.8940,0.0000,-0.4481,0.0000,94.6516,65.5461,0.0000,0.0423,0.0000,0.0000,0.8000,-22.6877,0.000000,0.000000,0.00,0.00
5.2200,681.4396,0.0000,2923.2463,39.1552,0.0000,85.7710,-0.0000,53.2028,-0.0000,-0.8941,0.0000,-0.4478,0.0000,94.4682,65.5065,0.0000,0.0363,0.0000,0.0000,0.8000,-22.5857,0.000000,0.000000,0.00,0.00
5.2300,682.3601,0.0000,2923.0463,39.1505,0.0000,85.5735,-0.0000,53.1561,-0.0000,-0.8943,0.0000,-0.4474,0.0000,94.2857,65.4629,0.0000,0.0305,0.0000,0.0000,0.8000,-22.4839,0.000000,0.000000,0.00,0.00
5.2400,683.2788,0.0000,2922.8467,39.1514,0.0000,85.3744,-0.0000,53.1056,-0.0000,-0.8945,0.0000,-0.4470,0.0000,94.1041,65.4155,0.0000,0.0249,0.0000,0.0000,0.8000,-22.3824,0.000000,0.000000,0.00,0.00
5.2500,684.1957,0.0000,2922.6474,39.1576,0.0000,85.1739,-0.0000,53.0513,-0.0000,-0.8947,0.0000,-0.4466,0.0000,93.9235,65.3645,0.0000,0.0196,0.0000,0.0000,0.8000,-22.2813,0.000000,0.000000,0.00,0.00
5.2600,685.1109,0.0000,2922.4486,39.1687,0.0000,84.9720,-0.0000,52.9934,-0.0000,-0.8950,0.0000,-0.4461,0.0000,93.7439,65.3100,0.0000,0.0144,0.0000,0.0000,0.8000,-22.1804,0.000000,0.000000,0.00,0.00
5.2700,686.0243,0.0000,2922.2501,39.1847,0.0000,84.7689,-0.0000,52.9321,-0.0000,-0.8952,0.0000,-0.4457,0.0000,93.5652,65.2522,0.0000,0.0094,0.0000,0.0000,0.8000,-22.0798,0.000000,0.000000,0.00,0.00
5.2800,686.9361,0.0000,2922.0520,39.2054,0.0000,84.5645,-0.0000,52.8675,-0.0000,-0.8954,0.0000,-0.4452,0.0000,93.3874,65.1911,0.0000,0.0046,0.0000,0.0000,0.8000,-21.9796,0.000000,0.000000,0.00,0.00
5.2900,687.8460,0.0000,2921.8542,39.2304,0.0000,84.3590,-0.0000,52.7997,-0.0000,-0.8957,0.0000,-0.4446,0.0000,93.2106,65.1269,0.0000,-0.0001,0.0000,0.0000,0.8000,-21.8798,0.000000,0.000000,0.00,0.00
5.3000,688.7543,0.0000,2921.6569,39.2597,0.0000,84.1525,-0.0000,52.7289,-0.0000,-0.8960,0.0000,-0.4441,0.0000,93.0348,65.0596,0.0000,-0.0046,0.0000,0.0000,0.8000,-21.7802,0.000000,0.000000,0.00,0.00
5.3100,689.6609,0.0000,2921.4599,39.2930,0.0000,83.9450,-0.0000,52.6551,-0.0000,-0.8963,0.0000,-0.4435,0.0000,92.8599,64.9895,0.0000,-0.0089,0.0000,0.0000,0.8000,-21.6811,0.000000,0.000000,0.00,0.00
5.3200,690.5658,0.0000,2921.2632,39.3301,0.0000,83.7366,-0.0000,52.5784,-0.0000,-0.8966,0.0000,-0.4429,0.0000,92.6860,64.9167,0.0000,-0.0130,0.0000,0.0000,0.8000,-21.5823,0.000000,0.000000,0.00,0.00
5.3300,691.4689,0.0000,2921.0669,39.3709,0.0000,83.5273,-0.0000,52.4991,-0.0000,-0.8969,0.0000,-0.4423,0.0000,92.5131,64.8411,0.0000,-0.0171,0.0000,0.0000,0.8000,-21.4840,0.000000,0.000000,0.00,0.00
5.3400,692.3704,0.0000,2920.8709,39.4152,0.0000,83.3173,-0.0000,52.4171,-0.0000,-0.8972,0.0000,-0.4416,0.0000,92.3411,64.7630,0.0000,-0.0209,0.0000,0.0000,0.8000,-21.3860,0.000000,0.000000,0.00,0.00
5.3500,693.2703,0.0000,2920.6753,39.4629,0.0000,83.1066,-0.0000,52.3325,-0.0000,-0.8975,0.0000,-0.4410,0.0000,92.1702,64.6824,0.0000,-0.0247,0.0000,0.0000,0.8000,-21.2884,0.000000,0.000000,0.00,0.00
5.3600,694.1684,0.0000,2920.4800,39.5138,0.0000,82.8952,-0.0000,52.2456,-0.0000,-0.8979,0.0000,-0.4403,0.0000,92.0002,64.5994,0.0000,-0.0283,0.0000,0.0000,0.8000,-21.1912,0.000000,0.000000,0.00,0.00
5.3700,695.0649,0.0000,2920.2850,39.5677,0.0000,82.6832,-0.0000,52.1563,-0.0000,-0.8982,0.0000,-0.4396,0.0000,91.8311,64.5142,0.0000,-0.0317,0.0000,0.0000,0.8000,-21.0944,0.000000,0.000000,0.00,0.00
5.3800,695.9598,0.0000,2920.0903,39.6246,0.0000,82.4707,-0.0000,52.0648,-0.0000,-0.8985,0.0000,-0.4389,0.0000,91.6631,64.4267,0.0000,-0.0351,0.0000,0.0000,0.8000,-20.9981,0.000000,0.000000,0.00,0.00
5.3900,696.8530,0.0000,2919.8960,39.6842,0.0000,82.2576,-0.0000,51.9711,-0.0000,-0.8989,0.0000,-0.4381,0.0000,91.4960,64.3372,0.0000,-0.0383,0.0000,0.0000,0.8000,-20.9022,0.000000,0.000000,0.00,0.00
5.4000,697.7447,0.0000,2919.7020,39.7465,0.0000,82.0441,-0.0000,51.8754,-0.0000,-0.8993,0.0000,-0.4374,0.0000,91.3299,64.2456,0.0000,-0.0414,0.0000,0.0000,0.8000,-20.8067,0.000000,0.000000,0.00,0.00
5.4100,698.6347,0.0000,2919.5083,39.8113,0.0000,81.8302,-0.0000,51.7776,-0.0000,-0.8996,0.0000,-0.4366,0.0000,91.1648,64.1520,0.0000,-0.0444,0.0000,0.0000,0.8000,-20.7116,0.000000,0.000000,0.00,0.00
5.4200,699.5230,0.0000,2919.3149,39.8785,0.0000,81.6159,-0.0000,51.6780,-0.0000,-0.9000,0.0000,-0.4358,0.0000,91.0007,64.0566,0.0000,-0.0473,0.0000,0.0000,0.8000,-20.6170,0.000000,0.000000,0.00,0.00
5.4300,700.4098,0.0000,2919.1219,39.9480,0.0000,81.4013,-0.0000,51.5765,-0.0000,-0.9004,0.0000,-0.4350,0.0000,90.8375,63.9593,0.0000,-0.0501,0.0000,0.0000,0.8000,-20.5228,0.000000,0.000000,0.00,0.00
5.4400,701.2950,0.0000,2918.9291,40.0196,0.0000,81.1865,-0.0000,51.4732,-0.0000,-0.9008,0.0000,-0.4342,0.0000,90.6754,63.8603,0.0000,-0.0528,0.0000,0.0000,0.8000,-20.4291,0.000000,0.000000,0.00,0.00
5.4500,702.1787,0.0000,2918.7366,40.0934,0.0000,80.9713,-0.0000,51.3683,-0.0000,-0.9012,0.0000,-0.4334,0.0000,90.5142,63.7597,0.0000,-0.0554,0.0000,0.0000,0.8000,-20.3358,0.000000,0.000000,0.00,0.00
5.4600,703.0607,0.0000,2918.5445,40.1690,0.0000,80.7560,-0.0000,51.2617,-0.0000,-0.9016,0.0000,-0.4326,0.0000,90.3539,63.6575,0.0000,-0.0579,0.0000,0.0000,0.8000,-20.2430,0.000000,0.000000,0.00,0.00
5.4700,703.9412,0.0000,2918.3526,40.2466,0.0000,80.5405,-0.0000,51.1535,-0.0000,-0.9020,0.0000,-0.4317,0.0000,90.1947,63.5537,0.0000,-0.0603,0.0000,0.0000,0.8000,-20.1507,0.000000,0.000000,0.00,0.00
5.4800,704.8201,0.0000,2918.1610,40.3259,0.0000,80.3248,-0.0000,51.0439,-0.0000,-0.9024,0.0000,-0.4309,0.0000,90.0364,63.4484,0.0000,-0.0626,0.0000,0.0000,0.8000,-20.0588,0.000000,0.000000,0.00,0.00
5.4900,705.6975,0.0000,2917.9697,40.4069,0.0000,80.1090,-0.0000,50.9328,-0.0000,-0.9028,0.0000,-0.4300,0.0000,89.8791,63.3417,0.0000,-0.0649,0.0000,0.0000,0.8000,-19.9674,0.000000,0.000000,0.00,0.00
5.5000,706.5734,0.0000,2917.7787,40.4895,0.0000,79.8932,-0.0000,50.8203,-0.0000,-0.9033,0.0000,-0.4291,0.0000,89.7228,63.2337,0.0000,-0.0670,0.0000,0.0000,0.8000,-19.8764,0.000000,0.000000,0.00,0.00
5.5100,707.4477,0.0000,2917.5880,40.5736,0.0000,79.6773,-0.0000,50.7065,-0.0000,-0.9037,0.0000,-0.4282,0.0000,89.5674,63.1243,0.0000,-0.0691,0.0000,0.0000,0.8000,-19.7859,0.000000,0.000000,0.00,0.00
5.5200,708.3206,0.0000,2917.3975,40.6591,0.0000,79.4614,-0.0000,50.5914,-0.0000,-0.9041,0.0000,-0.4273,0.0000,89.4130,63.0137,0.0000,-0.0711,0.0000,0.0000,0.8000,-19.6959,0.000000,0.000000,0.00,0.00
5.5300,709.1919,0.0000,2917.2074,40.7459,0.0000,79.2454,-0.0000,50.4751,-0.0000,-0.9045,0.0000,-0.4264,0.0000,89.2596,62.9019,0.0000,-0.0731,0.0000,0.0000,0.8000,-19.6063,0.000000,0.000000,0.00,0.00
5.5400,710.0617,0.0000,2917.0175,40.8340,0.0000,79.0296,-0.0000,50.3576,-0.0000,-0.9050,0.0000,-0.4254,0.0000,89.1071,62.7890,0.0000,-0.0749,0.0000,0.0000,0.8000,-19.5173,0.000000,0.000000,0.00,0.00
5.5500,710.9300,0.0000,2916.8278,40.9234,0.0000,78.8137,-0.0000,50.2390,-0.0000,-0.9054,0.0000,-0.4245,0.0000,88.9555,62.6749,0.0000,-0.0767,0.0000,0.0000,0.8000,-19.4287,0.000000,0.000000,0.00,0.00
5.5600,711.7969,0.0000,2916.6385,41.0138,0.0000,78.5980,-0.0000,50.1194,-0.0000,-0.9059,0.0000,-0.4236,0.0000,88.8050,62.5598,0.0000,-0.0785,0.0000,0.0000,0.8000,-19.3406,0.000000,0.000000,0.00,0.00
5.5700,712.6623,0.0000,2916.4494,41.1053,0.0000,78.3823,-0.0000,49.9986,-0.0000,-0.9063,0.0000,-0.4226,0.0000,88.6554,62.4437,0.0000,-0.0802,0.0000,0.0000,0.8000,-19.2529,0.000000,0.000000,0.00,0.00
5.5800,713.5262,0.0000,2916.2605,41.1978,0.0000,78.1668,-0.0000,49.8769,-0.0000,-0.9068,0.0000,-0.4216,0.0000,88.5067,62.3266,0.0000,-0.0818,0.0000,0.0000,0.8000,-19.1657,0.000000,0.000000,0.00,0.00
5.5900,714.3887,0.0000,2916.0720,41.2913,0.0000,77.9514,-0.0000,49.7543,-0.0000,-0.9072,0.0000,-0.4207,0.0000,88.3590,62.2085,0.0000,-0.0833,0.0000,0.0000,0.8000,-19.0791,0.000000,0.000000,0.00,0.00
5.6000,715.2497,0.0000,2915.8836,41.3856,0.0000,77.7362,-0.0000,49.6308,-0.0000,-0.9077,0.0000,-0.4197,0.0000,88.2122,62.0896,0.0000,-0.0848,0.0000,0.0000,0.8000,-18.9928,0.000000,0.000000,0.00,0.00
5.6100,716.1093,0.0000,2915.6956,41.4807,0.0000,77.5212,-0.0000,49.5064,-0.0000,-0.9081,0.0000,-0.4187,0.0000,88.0664,61.9698,0.0000,-0.0863,0.0000,0.0000,0.8000,-18.9071,0.000000,0.000000,0.00,0.00
5.6200,716.9675,0.0000,2915.5078,41.5766,0.0000,77.3064,-0.0000,49.3811,-0.0000,-0.9086,0.0000,-0.4177,0.0000,87.9215,61.8493,0.0000,-0.0877,0.0000,0.0000,0.8000,-18.8219,0.000000,0.000000,0.00,0.00
5.6300,717.8243,0.0000,2915.3202,41.6732,0.0000,77.0918,-0.0000,49.2551,-0.0000,-0.9090,0.0000,-0.4167,0.0000,87.7775,61.7279,0.0000,-0.0890,0.0000,0.0000,0.8000,-18.7371,0.000000,0.000000,0.00,0.00
5.6400,718.6797,0.0000,2915.1329,41.7705,0.0000,76.8775,-0.0000,49.1283,-0.0000,-0.9095,0.0000,-0.4157,0.0000,87.6345,61.6058,0.0000,-0.0903,0.0000,0.0000,0.8000,-18.6528,0.000000,0.000000,0.00,0.00
5.6500,719.5336,0.0000,2914.9458,41.8684,0.0000,76.6634,-0.0000,49.0008,-0.0000,-0.9100,0.0000,-0.4147,0.0000,87.4924,61.4831,0.0000,-0.0916,0.0000,0.0000,0.8000,-18.5690,0.000000,0.000000,0.00,0.00
5.6600,720.3862,0.0000,2914.7589,41.9668,0.0000,76.4496,-0.0000,48.8726,-0.0000,-0.9104,0.0000,-0.4137,0.0000,87.3512,61.3596,0.0000,-0.0928,0.0000,0.0000,0.8000,-18.4857,0.000000,0.000000,0.00,0.00
5.6700,721.2374,0.0000,2914.5723,42.0658,0.0000,76.2360,-0.0000,48.7438,-0.0000,-0.9109,0.0000,-0.4127,0.0000,87.2110,61.2355,0.0000,-0.0939,0.0000,0.0000,0.8000,-18.4028,0.000000,0.000000,0.00,0.00
5.6800,722.0872,0.0000,2914.3860,42.1653,0.0000,76.0228,-0.0000,48.6143,-0.0000,-0.9114,0.0000,-0.4116,0.0000,87.0716,61.1108,0.0000,-0.0950,0.0000,0.0000,0.8000,-18.3204,0.000000,0.000000,0.00,0.00
5.6900,722.9357,0.0000,2914.1998,42.2651,0.0000,75.8099,-0.0000,48.4843,-0.0000,-0.9118,0.0000,-0.4106,0.0000,86.9332,60.9855,0.0000,-0.0961,0.0000,0.0000,0.8000,-18.2385,0.000000,0.000000,0.00,0.00
5.7000,723.7828,0.0000,2914.0139,42.3654,0.0000,75.5974,-0.0000,48.3536,-0.0000,-0.9123,0.0000,-0.4096,0.0000,86.7957,60.8597,0.0000,-0.0971,0.0000,0.0000,0.8000,-18.1571,0.000000,0.000000,0.00,0.00
5.7100,724.6286,0.0000,2913.8283,42.4661,0.0000,75.3852,-0.0000,48.2225,-0.0000,-0.9128,0.0000,-0.4085,0.0000,86.6591,60.7334,0.0000,-0.0981,0.0000,0.0000,0.8000,-18.0761,0.000000,0.000000,0.00,0.00
5.7200,725.4730,0.0000,2913.6428,42.5670,0.0000,75.1733,-0.0000,48.0908,-0.0000,-0.9132,0.0000,-0.4075,0.0000,86.5234,60.6065,0.0000,-0.0991,0.0000,0.0000,0.8000,-17.9957,0.000000,0.000000,0.00,0.00
5.7300,726.3161,0.0000,2913.4576,42.6683,0.0000,74.9619,-0.0000,47.9587,-0.0000,-0.9137,0.0000,-0.4064,0.0000,86.3885,60.4792,0.0000,-0.1000,0.0000,0.0000,0.8000,-17.9157,0.000000,0.000000,0.00,0.00
5.7400,727.1579,0.0000,2913.2726,42.7698,0.0000,74.7508,-0.0000,47.8261,-0.0000,-0.9142,0.0000,-0.4053,0.0000,86.2546,60.3515,0.0000,-0.1009,0.0000,0.0000,0.8000,-17.8361,0.000000,0.000000,0.00,0.00
5.7500,727.9984,0.0000,2913.0878,42.8715,0.0000,74.5401,-0.0000,47.6930,-0.0000,-0.9146,0.0000,-0.4043,0.0000,86.1216,60.2233,0.0000,-0.1018,0.0000,0.0000,0.8000,-17.7571,0.000000,0.000000,0.00,0.00
5.7600,728.8376,0.0000,2912.9032,42.9734,0.0000,74.3298,-0.0000,47.5596,-0.0000,-0.9151,0.0000,-0.4032,0.0000,85.9895,60.0948,0.0000,-0.1026,0.0000,0.0000,0.8000,-17.6785,0.000000,0.000000,0.00,0.00
5.7700,729.6755,0.0000,2912.7189,43.0755,0.0000,74.1199,-0.0000,47.4257,-0.0000,-0.9156,0.0000,-0.4022,0.0000,85.8582,59.9659,0.0000,-0.1034,0.0000,0.0000,0.8000,-17.6004,0.000000,0.000000,0.00,0.00
5.7800,730.5121,0.0000,2912.5347,43.1777,0.0000,73.9105,-0.0000,47.2915,-0.0000,-0.9160,0.0000,-0.4011,0.0000,85.7278,59.8366,0.0000,-0.1041,0.0000,0.0000,0.8000,-17.5227,0.000000,0.000000,0.00,0.00
5.7900,731.3474,0.0000,2912.3508,43.2799,0.0000,73.7015,-0.0000,47.1570,-0.0000,-0.9165,0.0000,-0.4000,0.0000,85.5983,59.7070,0.0000,-0.1049,0.0000,0.0000,0.8000,-17.4455,0.000000,0.000000,0.00,0.00
5.8000,732.1815,0.0000,2912.1671,43.3823,0.0000,73.4930,-0.0000,47.0221,-0.0000,-0.9170,0.0000,-0.3989,0.0000,85.4697,59.5772,0.0000,-0.1056,0.0000,0.0000,0.8000,-17.3688,0.000000,0.000000,0.00,0.00
5.8100,733.0143,0.0000,2911.9836,43.4847,0.0000,73.2849,-0.0000,46.8869,-0.0000,-0.9175,0.0000,-0.3978,0.0000,85.3419,59.4470,0.0000,-0.1062,0.0000,0.0000,0.8000,-17.2925,0.000000,0.000000,0.00,0.00
5.8200,733.8458,0.0000,2911.8003,43.5872,0.0000,73.0773,-0.0000,46.7515,-0.0000,-0.9179,0.0000,-0.3968,0.0000,85.2150,59.3166,0.0000,-0.1069,0.0000,0.0000,0.8000,-17.2167,0.000000,0.000000,0.00,0.00
5.8300,734.6761,0.0000,2911.6171,43.6896,0.0000,72.8702,-0.0000,46.6158,-0.0000,-0.9184,0.0000,-0.3957,0.0000,85.0890,59.1859,0.0000,-0.1075,0.0000,0.0000,0.8000,-17.1414,0.000000,0.000000,0.00,0.00
5.8400,735.5052,0.0000,2911.4342,43.7920,0.0000,72.6635,-0.0000,46.4798,-0.0000,-0.9189,0.0000,-0.3946,0.0000,84.9638,59.0550,0.0000,-0.1081,0.0000,0.0000,0.8000,-17.0665,0.000000,0.000000,0.00,0.00
5.8500,736.3331,0.0000,2911.2515,43.8944,0.0000,72.4574,-0.0000,46.3436,-0.0000,-0.9193,0.0000,-0.3935,0.0000,84.8394,58.9239,0.0000,-0.1086,0.0000,0.0000,0.8000,-16.9921,0.000000,0.000000,0.00,0.00
5.8600,737.1597,0.0000,2911.0690,43.9967,0.0000,72.2517,-0.0000,46.2072,-0.0000,-0.9198,0.0000,-0.3924,0.0000,84.7159,58.7927,0.0000,-0.1092,0.0000,0.0000,0.8000,-16.9181,0.000000,0.000000,0.00,0.00
5.8700,737.9851,0.0000,2910.8866,44.0989,0.0000,72.0466,-0.0000,46.0706,-0.0000,-0.9203,0.0000,-0.3913,0.0000,84.5933,58.6612,0.0000,-0.1097,0.0000,0.0000,0.8000,-16.8446,0.000000,0.000000,0.00,0.00
5.8800,738.8093,0.0000,2910.7045,44.2011,0.0000,71.8419,-0.0000,45.9338,-0.0000,-0.9207,0.0000,-0.3902,0.0000,84.4714,58.5296,0.0000,-0.1102,0.0000,0.0000,0.8000,-16.7716,0.000000,0.000000,0.00,0.00
5.8900,739.6324,0.0000,2910.5225,44.3031,0.0000,71.6378,-0.0000,45.7969,-0.0000,-0.9212,0.0000,-0.3891,0.0000,84.3504,58.3979,0.0000,-0.1107,0.0000,0.0000,0.8000,-16.6989,0.000000,0.000000,0.00,0.00
5.9000,740.4542,0.0000,2910.3408,44.4049,0.0000,71.4342,-0.0000,45.6598,-0.0000,-0.9217,0.0000,-0.3880,0.0000,84.2303,58.2661,0.0000,-0.1111,0.0000,0.0000,0.8000,-16.6268,0.000000,0.000000,0.00,0.00
5.9100,741.2749,0.0000,2910.1592,44.5066,0.0000,71.2312,-0.0000,45.5226,-0.0000,-0.9221,0.0000,-0.3869,0.0000,84.1109,58.1341,0.0000,-0.1116,0.0000,0.0000,0.8000,-16.5550,0.000000,0.000000,0.00,0.00
5.9200,742.0944,0.0000,2909.9778,44.6082,0.0000,71.0287,-0.0000,45.3853,-0.0000,-0.9226,0.0000,-0.3858,0.0000,83.9924,58.0021,0.0000,-0.1120,0.0000,0.0000,0.8000,-16.4838,0.000000,0.000000,0.00,0.00
5.9300,742.9127,0.0000,2909.7965,44.7095,0.0000,70.8267,-0.0000,45.2478,-0.0000,-0.9230,0.0000,-0.3847,0.0000,83.8747,57.8699,0.0000,-0.1124,0.0000,0.0000,0.8000,-16.4129,0.000000,0.000000,0.00,0.00
5.9400,743.7299,0.0000,2909.6155,44.8107,0.0000,70.6253,-0.0000,45.1103,-0.0000,-0.9235,0.0000,-0.3836,0.0000,83.7578,57.7377,0.0000,-0.1128,0.0000,0.0000,0.8000,-16.3425,0.000000,0.000000,0.00,0.00
5.9500,744.5459,0.0000,2909.4346,44.9116,0.0000,70.4245,-0.0000,44.9726,-0.0000,-0.9240,0.0000,-0.3825,0.0000,83.6417,57.6055,0.0000,-0.1131,0.0000,0.0000,0.8000,-16.2726,0.000000,0.000000,0.00,0.00
5.9600,745.3608,0.0000,2909.2539,45.0123,0.0000,70.2242,-0.0000,44.8349,-0.0000,-0.9244,0.0000,-0.3814,0.0000,83.5264,57.4732,0.0000,-0.1135,0.0000,0.0000,0.8000,-16.2030,0.000000,0.000000,0.00,0.00
5.9700,746.1746,0.0000,2909.0734,45.1128,0.0000,70.0245,-0.0000,44.6972,-0.0000,-0.9249,0.0000,-0.3802,0.0000,83.4119,57.3409,0.0000,-0.1138,0.0000,0.0000,0.8000,-16.1340,0.000000,0.000000,0.00,0.00
5.9800,746.9872,0.0000,2908.8930,45.2130,0.0000,69.8254,-0.0000,44.5594,-0.0000,-0.9253,0.0000,-0.3791,0.0000,83.2982,57.2086,0.0000,-0.1141,0.0000,0.0000,0.8000,-16.0653,0.000000,0.000000,0.00,0.00
5.9900,747.7987,0.0000,2908.7128,45.3129,0.0000,69.6268,-0.0000,44.4216,-0.0000,-0.9258,0.0000,-0.3780,0.0000,83.1853,57.0763,0.0000,-0.1144,0.0000,0.0000,0.8000,-15.9971,0.000000,0.000000,0.00,0.00
6.0000,748.6092,0.0000,2908.5327,45.4126,0.0000,69.4289,-0.0000,44.2837,-0.0000,-0.9263,0.0000,-0.3769,0.0000,83.0732,56.9441,0.0000,-0.1147,0.0000,0.0000,0.8000,-15.9293,0.000000,0.000000,0.00,0.00
6.0100,749.4185,0.0000,2908.3529,45.5119,0.0000,69.2315,-0.0000,44.1459,-0.0000,-0.9267,0.0000,-0.3758,0.0000,82.9618,56.8118,0.0000,-0.1150,0.0000,0.0000,0.8000,-15.8619,0.000000,0.000000,0.00,0.00
6.0200,750.2267,0.0000,2908.1731,45.6110,0.0000,69.0347,-0.0000,44.0080,-0.0000,-0.9272,0.0000,-0.3747,0.0000,82.8513,56.6796,0.0000,-0.1152,0.0000,0.0000,0.8000,-15.7949,0.000000,0.000000,0.00,0.00
6.0300,751.0338,0.0000,2907.9936,45.7098,0.0000,68.8385,-0.0000,43.8702,-0.0000,-0.9276,0.0000,-0.3736,0.0000,82.7415,56.5474,0.0000,-0.1154,0.0000,0.0000,0.8000,-15.7284,0.000000,0.000000,0.00,0.00
6.0400,751.8399,0.0000,2907.8142,45.8082,0.0000,68.6429,-0.0000,43.7323,-0.0000,-0.9281,0.0000,-0.3724,0.0000,82.6324,56.4152,0.0000,-0.1157,0.0000,0.0000,0.8000,-15.6623,0.000000,0.000000,0.00,0.00
6.0500,752.6449,0.0000,2907.6349,45.9063,0.0000,68.4479,-0.0000,43.5945,-0.0000,-0.9285,0.0000,-0.3713,0.0000,82.5242,56.2832,0.0000,-0.1159,0.0000,0.0000,0.8000,-15.5966,0.000000,0.000000,0.00,0.00
6.0600,753.4488,0.0000,2907.4558,46.0041,0.0000,68.2535,-0.0000,43.4567,-0.0000,-0.9289,0.0000,-0.3702,0.0000,82.4166,56.1512,0.0000,-0.1161,0.0000,0.0000,0.8000,-15.5313,0.000000,0.000000,0.00,0.00
6.0700,754.2517,0.0000,2907.2769,46.1016,0.0000,68.0597,-0.0000,43.3190,-0.0000,-0.9294,0.0000,-0.3691,0.0000,82.3099,56.0193,0.0000,-0.1163,0.0000,0.0000,0.8000,-15.4664,0.000000,0.000000,0.00,0.00
6.0800,755.0535,0.0000,2907.0981,46.1987,0.0000,67.8665,-0.0000,43.1813,-0.0000,-0.9298,0.0000,-0.3680,0.0000,82.2039,55.8875,0.0000,-0.1164,0.0000,0.0000,0.8000,-15.4019,0.000000,0.000000,0.00,0.00
6.0900,755.8543,0.0000,2906.9194,46.2954,0.0000,67.6740,-0.0000,43.0437,-0.0000,-0.9303,0.0000,-0.3669,0.0000,82.0986,55.7558,0.0000,-0.1166,0.0000,0.0000,0.8000,-15.3379,0.000000,0.000000,0.00,0.00
6.1000,756.6540,0.0000,2906.7409,46.3918,0.0000,67.4821,-0.0000,42.9062,-0.0000,-0.9307,0.0000,-0.3657,0.0000,81.9941,55.6242,0.0000,-0.1167,0.0000,0.0000,0.8000,-15.2742,0.000000,0.000000,0.00,0.00
6.1100,757.4527,0.0000,2906.5625,46.4877,0.0000,67.2907,-0.0000,42.7687,-0.0000,-0.9312,0.0000,-0.3646,0.0000,81.8903,55.4927,0.0000,-0.1169,0.0000,0.0000,0.8000,-15.2110,0.000000,0.000000,0.00,0.00
6.1200,758.2504,0.0000,2906.3842,46.5834,0.0000,67.1001,-0.0000,42.6313,-0.0000,-0.9316,0.0000,-0.3635,0.0000,81.7873,55.3614,0.0000,-0.1170,0.0000,0.0000,0.8000,-15.1481,0.000000,0.000000,0.00,0.00
6.1300,759.0471,0.0000,2906.2061,46.6786,0.0000,66.9100,-0.0000,42.4940,-0.0000,-0.9320,0.0000,-0.3624,0.0000,81.6849,55.2302,0.0000,-0.1171,0.0000,0.0000,0.8000,-15.0857,0.000000,0.000000,0.00,0.00
6.1400,759.8427,0.0000,2906.0282,46.7734,0.0000,66.7206,-0.0000,42.3568,-0.0000,-0.9325,0.0000,-0.3613,0.0000,81.5833,55.0991,0.0000,-0.1172,0.0000,0.0000,0.8000,-15.0236,0.000000,0.000000,0.00,0.00
6.1500,760.6374,0.0000,2905.8503,46.8679,0.0000,66.5318,-0.0000,42.2197,-0.0000,-0.9329,0.0000,-0.3602,0.0000,81.4824,54.9682,0.0000,-0.1173,0.0000,0.0000,0.8000,-14.9620,0.000000,0.000000,0.00,0.00
6.1600,761.4311,0.0000,2905.6726,46.9619,0.0000,66.3436,-0.0000,42.0827,-0.0000,-0.9333,0.0000,-0.3590,0.0000,81.3823,54.8375,0.0000,-0.1174,0.0000,0.0000,0.8000,-14.9007,0.000000,0.000000,0.00,0.00
6.1700,762.2238,0.0000,2905.4950,47.0556,0.0000,66.1561,-0.0000,41.9458,-0.0000,-0.9337,0.0000,-0.3579,0.0000,81.2828,54.7069,0.0000,-0.1175,0.0000,0.0000,0.8000,-14.8398,0.000000,0.000000,0.00,0.00
6.1800,763.0155,0.0000,2905.3176,47.1488,0.0000,65.9692,-0.0000,41.8091,-0.0000,-0.9342,0.0000,-0.3568,0.0000,81.1841,54.5765,0.0000,-0.1176,0.0000,0.0000,0.8000,-14.7793,0.000000,0.000000,0.00,0.00
6.1900,763.8062,0.0000,2905.1402,47.2417,0.0000,65.7829,-0.0000,41.6725,-0.0000,-0.9346,0.0000,-0.3557,0.0000,81.0860,54.4462,0.0000,-0.1176,0.0000,0.0000,0.8000,-14.7192,0.000000,0.000000,0.00,0.00
6.2000,764.5960,0.0000,2904.9630,47.3341,0.0000,65.5973,-0.0000,41.5360,-0.0000,-0.9350,0.0000,-0.3546,0.0000,80.9887,54.3162,0.0000,-0.1177,0.0000,0.0000,0.8000,-14.6595,0.000000,0.000000,0.00,0.00
6.2100,765.3848,0.0000,2904.7859,47.4261,0.0000,65.4123,-0.0000,41.3996,-0.0000,-0.9354,0.0000,-0.3535,0.0000,80.8920,54.1863,0.0000,-0.1177,0.0000,0.0000,0.8000,-14.6001,0.000000,0.000000,0.00,0.00
6.2200,766.1726,0.0000,2904.6090,47.5176,0.0000,65.2280,-0.0000,41.2634,-0.0000,-0.9359,0.0000,-0.3524,0.0000,80.7961,54.0567,0.0000,-0.1178,0.0000,0.0000,0.8000,-14.5412,0.000000,0.000000,0.00,0.00
6.2300,766.9595,0.0000,2904.4321,47.6088,0.0000,65.0443,-0.0000,41.1274,-0.0000,-0.9363,0.0000,-0.3512,0.0000,80.7008,53.9272,0.0000,-0.1178,0.0000,0.0000,0.8000,-14.4826,0.000000,0.000000,0.00,0.00
6.2400,767.7455,0.0000,2904.2553,47.6995,0.0000,64.8613,-0.0000,40.9915,-0.0000,-0.9367,0.0000,-0.3501,0.0000,80.6062,53.7980,0.0000,-0.1178,0.0000,0.0000,0.8000,-14.4244,0.000000,0.000000,0.00,0.00
6.2500,768.5305,0.0000,2904.0787,47.7897,0.0000,64.6789,-0.0000,40.8558,-0.0000,-0.9371,0.0000,-0.3490,0.0000,80.5123,53.6690,0.0000,-0.1179,0.0000,0.0000,0.8000,-14.3665,0.000000,0.000000,0.00,0.00
6.2600,769.3146,0.0000,2903.9022,47.8796,0.0000,64.4972,-0.0000,40.7202,-0.0000,-0.9375,0.0000,-0.3479,0.0000,80.4190,53.5402,0.0000,-0.1179,0.0000,0.0000,0.8000,-14.3091,0.000000,0.000000,0.00,0.00
6.2700,770.0978,0.0000,2903.7257,47.9690,0.0000,64.3161,-0.0000,40.5848,-0.0000,-0.9379,0.0000,-0.3468,0.0000,80.3265,53.4116,0.0000,-0.1179,0.0000,0.0000,0.8000,-14.2519,0.000000,0.000000,0.00,0.00
6.2800,770.8801,0.0000,2903.5494,48.0580,0.0000,64.1356,-0.0000,40.4496,-0.0000,-0.9383,0.0000,-0.3457,0.0000,80.2346,53.2832,0.0000,-0.1179,0.0000,0.0000,0.8000,-14.1952,0.000000,0.000000,0.00,0.00
6.2900,771.6614,0.0000,2903.3732,48.1465,0.0000,63.9559,-0.0000,40.3145,-0.0000,-0.9388,0.0000,-0.3446,0.0000,80.1433,53.1551,0.0000,-0.1178,0.0000,0.0000,0.8000,-14.1388,0.000000,0.000000,0.00,0.00
6.3000,772.4419,0.0000,2903.1971,48.2346,0.0000,63.7767,-0.0000,40.1797,-0.0000,-0.9392,0.0000,-0.3435,0.0000,80.0527,53.0273,0.0000,-0.1178,0.0000,0.0000,0.8000,-14.0828,0.000000,0.000000,0.00,0.00
6.3100,773.2214,0.0000,2903.0211,48.3222,0.0000,63.5983,-0.0000,40.0450,-0.0000,-0.9396,0.0000,-0.3424,0.0000,79.9628,52.8996,0.0000,-0.1178,0.0000,0.0000,0.8000,-14.0271,0.000000,0.000000,0.00,0.00
6.3200,774.0001,0.0000,2902.8452,48.4094,0.0000,63.4204,-0.0000,39.9105,-0.0000,-0.9400,0.0000,-0.3413,0.0000,79.8735,52.7723,0.0000,-0.1178,0.0000,0.0000,0.8000,-13.9718,0.000000,0.000000,0.00,0.00
6.3300,774.7779,0.0000,2902.6693,48.4962,0.0000,63.2433,-0.0000,39.7762,-0.0000,-0.9404,0.0000,-0.3402,0.0000,79.7849,52.6452,0.0000,-0.1178,0.0000,0.0000,0.8000,-13.9169,0.000000,0.000000,0.00,0.00
6.3400,775.5548,0.0000,2902.4936,48.5825,0.0000,63.0668,-0.0000,39.6421,-0.0000,-0.9408,0.0000,-0.3391,0.0000,79.6969,52.5183,0.0000,-0.1177,0.0000,0.0000,0.8000,-13.8623,0.000000,0.000000,0.00,0.00
6.3500,776.3308,0.0000,2902.3179,48.6683,0.0000,62.8909,-0.0000,39.5082,-0.0000,-0.9412,0.0000,-0.3380,0.0000,79.6095,52.3917,0.0000,-0.1177,0.0000,0.0000,0.8000,-13.8080,0.000000,0.000000,0.00,0.00
6.3600,777.1060,0.0000,2902.1424,48.7537,0.0000,62.7157,-0.0000,39.3745,-0.0000,-0.9415,0.0000,-0.3369,0.0000,79.5228,52.2654,0.0000,-0.1176,0.0000,0.0000,0.8000,-13.7541,0.000000,0.000000,0.00,0.00
6.3700,777.8803,0.0000,2901.9669,48.8387,0.0000,62.5412,-0.0000,39.2411,-0.0000,-0.9419,0.0000,-0.3358,0.0000,79.4367,52.1393,0.0000,-0.1176,0.0000,0.0000,0.8000,-13.7006,0.000000,0.000000,0.00,0.00
6.3800,778.6537,0.0000,2901.7915,48.9232,0.0000,62.3673,-0.0000,39.1078,-0.0000,-0.9423,0.0000,-0.3347,0.0000,79.3512,52.0136,0.0000,-0.1175,0.0000,0.0000,0.8000,-13.6474,0.000000,0.000000,0.00,0.00
6.3900,779.4263,0.0000,2901.6162,49.0072,0.0000,62.1941,-0.0000,38.9747,-0.0000,-0.9427,0.0000,-0.3336,0.0000,79.2664,51.8881,0.0000,-0.1174,0.0000,0.0000,0.8000,-13.5945,0.000000,0.000000,0.00,0.00
6.4000,780.1981,0.0000,2901.4410,49.0908,0.0000,62.0215,-0.0000,38.8419,-0.0000,-0.9431,0.0000,-0.3325,0.0000,79.1821,51.7629,0.0000,-0.1174,0.0000,0.0000,0.8000,-13.5420,0.000000,0.000000,0.00,0.00
6.4100,780.9690,0.0000,2901.2658,49.1740,0.0000,61.8496,-0.0000,38.7093,-0.0000,-0.9435,0.0000,-0.3314,0.0000,79.0985,51.6379,0.0000,-0.1173,0.0000,0.0000,0.8000,-13.4898,0.000000,0.000000,0.00,0.00
6.4200,781.7391,0.0000,2901.0908,49.2567,0.0000,61.6783,-0.0000,38.5769,-0.0000,-0.9439,0.0000,-0.3303,0.0000,79.0155,51.5133,0.0000,-0.1172,0.0000,0.0000,0.8000,-13.4379,0.000000,0.000000,0.00,0.00
6.4300,782.5084,0.0000,2900.9158,49.3389,0.0000,61.5078,-0.0000,38.4447,-0.0000,-0.9442,0.0000,-0.3292,0.0000,78.9331,51.3890,0.0000,-0.1171,0.0000,0.0000,0.8000,-13.3864,0.000000,0.000000,0.00,0.00
6.4400,783.2768,0.0000,2900.7408,49.4207,0.0000,61.3378,-0.0000,38.3128,-0.0000,-0.9446,0.0000,-0.3281,0.0000,78.8513,51.2649,0.0000,-0.1171,0.0000,0.0000,0.8000,-13.3352,0.000000,0.000000,0.00,0.00
6.4500,784.0445,0.0000,2900.5660,49.5020,0.0000,61.1685,-0.0000,38.1811,-0.0000,-0.9450,0.0000,-0.3271,0.0000,78.7701,51.1412,0.0000,-0.1170,0.0000,0.0000,0.8000,-13.2843,0.000000,0.000000,0.00,0.00
6.4600,784.8113,0.0000,2900.3912,49.5829,0.0000,60.9999,-0.0000,38.0496,-0.0000,-0.9454,0.0000,-0.3260,0.0000,78.6895,51.0177,0.0000,-0.1169,0.0000,0.0000,0.8000,-13.2338,0.000000,0.000000,0.00,0.00
6.4700,785.5773,0.0000,2900.2165,49.6633,0.0000,60.8320,-0.0000,37.9183,-0.0000,-0.9458,0.0000,-0.3249,0.0000,78.6095,50.8946,0.0000,-0.1168,0.0000,0.0000,0.8000,-13.1836,0.000000,0.000000,0.00,0.00
6.4800,786.3425,0.0000,2900.0418,49.7433,0.0000,60.6647,-0.0000,37.7873,-0.0000,-0.9461,0.0000,-0.3238,0.0000,78.5301,50.7717,0.0000,-0.1167,0.0000,0.0000,0.8000,-13.1337,0.000000,0.000000,0.00,0.00
6.4900,787.1070,0.0000,2899.8672,49.8229,0.0000,60.4980,-0.0000,37.6566,-0.0000,-0.9465,0.0000,-0.3227,0.0000,78.4513,50.6492,0.0000,-0.1166,0.0000,0.0000,0.8000,-13.0841,0.000000,0.000000,0.00,0.00
6.5000,787.8706,0.0000,2899.6926,49.9019,0.0000,60.3320,-0.0000,37.5260,-0.0000,-0.9469,0.0000,-0.3217,0.0000,78.3730,50.5270,0.0000,-0.1165,0.0000,0.0000,0.8000,-13.0348,0.000000,0.000000,0.00,0.00
6.5100,788.6335,0.0000,2899.5182,49.9806,0.0000,60.1667,-0.0000,37.3957,-0.0000,-0.9472,0.0000,-0.3206,0.0000,78.2953,50.4051,0.0000,-0.1164,0.0000,0.0000,0.8000,-12.9859,0.000000,0.000000,0.00,0.00
6.5200,789.3956,0.0000,2899.3437,50.0588,0.0000,60.0020,-0.0000,37.2657,-0.0000,-0.9476,0.0000,-0.3195,0.0000,78.2182,50.2835,0.0000,-0.1162,0.0000,0.0000,0.8000,-12.9372,0.000000,0.000000,0.00,0.00
6.5300,790.1569,0.0000,2899.1693,50.1365,0.0000,59.8380,-0.0000,37.1359,-0.0000,-0.9479,0.0000,-0.3184,0.0000,78.1417,50.1623,0.0000,-0.1161,0.0000,0.0000,0.8000,-12.8889,0.000000,0.000000,0.00,0.00
6.5400,790.9174,0.0000,2898.9950,50.2138,0.0000,59.6746,-0.0000,37.0064,-0.0000,-0.9483,0.0000,-0.3174,0.0000,78.0657,50.0413,0.0000,-0.1160,0.0000,0.0000,0.8000,-12.8409,0.000000,0.000000,0.00,0.00
6.5500,791.6772,0.0000,2898.8207,50.2907,0.0000,59.5119,-0.0000,36.8771,-0.0000,-0.9487,0.0000,-0.3163,0.0000,77.9903,49.9207,0.0000,-0.1159,0.0000,0.0000,0.8000,-12.7932,0.000000,0.000000,0.00,0.00
6.5600,792.4363,0.0000,2898.6465,50.3671,0.0000,59.3499,-0.0000,36.7480,-0.0000,-0.9490,0.0000,-0.3152,0.0000,77.9155,49.8004,0.0000,-0.1158,0.0000,0.0000,0.8000,-12.7458,0.000000,0.000000,0.00,0.00
6.5700,793.1946,0.0000,2898.4723,50.4431,0.0000,59.1884,-0.0000,36.6192,-0.0000,-0.9494,0.0000,-0.3142,0.0000,77.8412,49.6805,0.0000,-0.1156,0.0000,0.0000,0.8000,-12.6987,0.000000,0.000000,0.00,0.00
6.5800,793.9521,0.0000,2898.2982,50.5186,0.0000,59.0277,-0.0000,36.4907,-0.0000,-0.9497,0.0000,-0.3131,0.0000,77.7674,49.5609,0.0000,-0.1155,0.0000,0.0000,0.8000,-12.6519,0.000000,0.000000,0.00,0.00
6.5900,794.7089,0.0000,2898.1241,50.5937,0.0000,58.8676,-0.0000,36.3624,-0.0000,-0.9501,0.0000,-0.3120,0.0000,77.6942,49.4416,0.0000,-0.1154,0.0000,0.0000,0.8000,-12.6055,0.000000,0.000000,0.00,0.00
6.6000,795.4650,0.0000,2897.9500,50.6683,0.0000,58.7081,-0.0000,36.2344,-0.0000,-0.9504,0.0000,-0.3110,0.0000,77.6216,49.3226,0.0000,-0.1152,0.0000,0.0000,0.8000,-12.5593,0.000000,0.000000,0.00,0.00
6.6100,796.2204,0.0000,2897.7760,50.7425,0.0000,58.5493,-0.0000,36.1067,-0.0000,-0.9508,0.0000,-0.3099,0.0000,77.5495,49.2040,0.0000,-0.1151,0.0000,0.0000,0.8000,-12.5134,0.000000,0.000000,0.00,0.00
6.6200,796.9750,0.0000,2897.6020,50.8163,0.0000,58.3912,-0.0000,35.9792,-0.0000,-0.9511,0.0000,-0.3088,0.0000,77.4779,49.0857,0.0000,-0.1150,0.0000,0.0000,0.8000,-12.4678,0.000000,0.000000,0.00,0.00
6.6300,797.7289,0.0000,2897.4280,50.8897,0.0000,58.2337,-0.0000,35.8519,-0.0000,-0.9515,0.0000,-0.3078,0.0000,77.4069,48.9678,0.0000,-0.1148,0.0000,0.0000,0.8000,-12.4225,0.000000,0.000000,0.00,0.00
6.6400,798.4821,0.0000,2897.2541,50.9626,0.0000,58.0768,-0.0000,35.7250,-0.0000,-0.9518,0.0000,-0.3067,0.0000,77.3364,48.8502,0.0000,-0.1147,0.0000,0.0000,0.8000,-12.3774,0.000000,0.000000,0.00,0.00
6.6500,799.2346,0.0000,2897.0802,51.0351,0.0000,57.9206,-0.0000,35.5983,-0.0000,-0.9521,0.0000,-0.3057,0.0000,77.2664,48.7330,0.0000,-0.1145,0.0000,0.0000,0.8000,-12.3327,0.000000,0.000000,0.00,0.00
6.6600,799.9863,0.0000,2896.9063,51.1071,0.0000,57.7651,-0.0000,35.4718,-0.0000,-0.9525,0.0000,-0.3046,0.0000,77.1970,48.6161,0.0000,-0.1144,0.0000,0.0000,0.8000,-12.2883,0.000000,0.000000,0.00,0.00
6.6700,800.7374,0.0000,2896.7324,51.1788,0.0000,57.6101,-0.0000,35.3457,-0.0000,-0.9528,0.0000,-0.3036,0.0000,77.1281,48.4995,0.0000,-0.1142,0.0000,0.0000,0.8000,-12.2441,0.000000,0.000000,0.00,0.00
6.6800,801.4878,0.0000,2896.5586,51.2500,0.0000,57.4559,-0.0000,35.2198,-0.0000,-0.9531,0.0000,-0.3025,0.0000,77.0597,48.3833,0.0000,-0.1141,0.0000,0.0000,0.8000,-12.2002,0.000000,0.000000,0.00,0.00
6.6900,802.2375,0.0000,2896.3848,51.3207,0.0000,57.3022,-0.0000,35.0941,-0.0000,-0.9535,0.0000,-0.3015,0.0000,76.9918,48.2674,0.0000,-0.1139,0.0000,0.0000,0.8000,-12.1567,0.000000,0.000000,0.00,0.00
6.7000,802.9865,0.0000,2896.2110,51.3911,0.0000,57.1493,-0.0000,34.9688,-0.0000,-0.9538,0.0000,-0.3004,0.0000,76.9244,48.1519,0.0000,-0.1138,0.0000,0.0000,0.8000,-12.1133,0.000000,0.000000,0.00,0.00
6.7100,803.7349,0.0000,2896.0373,51.4610,0.0000,56.9969,-0.0000,34.8437,-0.0000,-0.9541,0.0000,-0.2994,0.0000,76.8575,48.0367,0.0000,-0.1136,0.0000,0.0000,0.8000,-12.0703,0.000000,0.000000,0.00,0.00
6.7200,804.4825,0.0000,2895.8635,51.5305,0.0000,56.8452,-0.0000,34.7188,-0.0000,-0.9545,0.0000,-0.2984,0.0000,76.7912,47.9219,0.0000,-0.1134,0.0000,0.0000,0.8000,-12.0275,0.000000,0.000000,0.00,0.00
6.7300,805.2295,0.0000,2895.6897,51.5997,0.0000,56.6941,-0.0000,34.5943,-0.0000,-0.9548,0.0000,-0.2973,0.0000,76.7253,47.8075,0.0000,-0.1133,0.0000,0.0000,0.8000,-11.9851,0.000000,0.000000,0.00,0.00
6.7400,805.9758,0.0000,2895.5160,51.6683,0.0000,56.5437,-0.0000,34.4700,-0.0000,-0.9551,0.0000,-0.2963,0.0000,76.6600,47.6934,0.0000,-0.1131,0.0000,0.0000,0.8000,-11.9428,0.000000,0.000000,0.00,0.00
6.7500,806.7215,0.0000,2895.3423,51.7366,0.0000,56.3939,-0.0000,34.3460,-0.0000,-0.9554,0.0000,-0.2953,0.0000,76.5951,47.5797,0.0000,-0.1130,0.0000,0.0000,0.8000,-11.9009,0.000000,0.000000,0.00,0.00
6.7600,807.4665,0.0000,2895.1686,51.8045,0.0000,56.2448,-0.0000,34.2223,-0.0000,-0.9557,0.0000,-0.2942,0.0000,76.5307,47.4663,0.0000,-0.1128,0.0000,0.0000,0.8000,-11.8592,0.000000,0.000000,0.00,0.00
6.7700,808.2108,0.0000,2894.9949,51.8719,0.0000,56.0962,-0.0000,34.0988,-0.0000,-0.9561,0.0000,-0.2932,0.0000,76.4668,47.3532,0.0000,-0.1126,0.0000,0.0000,0.8000,-11.8178,0.000000,0.000000,0.00,0.00
6.7800,808.9545,0.0000,2894.8211,51.9390,0.0000,55.9484,-0.0000,33.9756,-0.0000,-0.9564,0.0000,-0.2922,0.0000,76.4035,47.2406,0.0000,-0.1125,0.0000,0.0000,0.8000,-11.7767,0.000000,0.000000,0.00,0.00
6.7900,809.6976,0.0000,2894.6474,52.0056,0.0000,55.8011,-0.0000,33.8527,-0.0000,-0.9567,0.0000,-0.2911,0.0000,76.3405,47.1283,0.0000,-0.1123,0.0000,0.0000,0.8000,-11.7358,0.000000,0.000000,0.00,0.00
6.8000,810.4400,0.0000,2894.4737,52.0719,0.0000,55.6545,-0.0000,33.7301,-0.0000,-0.9570,0.0000,-0.2901,0.0000,76.2781,47.0163,0.0000,-0.1121,0.0000,0.0000,0.8000,-11.6952,0.000000,0.000000,0.00,0.00
6.8100,811.1818,0.0000,2894.3000,52.1377,0.0000,55.5085,-0.0000,33.6077,-0.0000,-0.9573,0.0000,-0.2891,0.0000,76.2162,46.9047,0.0000,-0.1119,0.0000,0.0000,0.8000,-11.6548,0.000000,0.000000,0.00,0.00
6.8200,811.9229,0.0000,2894.1263,52.2032,0.0000,55.3631,-0.0000,33.4857,-0.0000,-0.9576,0.0000,-0.2881,0.0000,76.1547,46.7935,0.0000,-0.1118,0.0000,0.0000,0.8000,-11.6147,0.000000,0.000000,0.00,0.00
6.8300,812.6635,0.0000,2893.9526,52.2682,0.0000,55.2184,-0.0000,33.3639,-0.0000,-0.9579,0.0000,-0.2871,0.0000,76.0937,46.6827,0.0000,-0.1116,0.0000,0.0000,0.8000,-11.5749,0.000000,0.000000,0.00,0.00
6.8400,813.4034,0.0000,2893.7788,52.3329,0.0000,55.0742,-0.0000,33.2423,-0.0000,-0.9582,0.0000,-0.2860,0.0000,76.0331,46.5722,0.0000,-0.1114,0.0000,0.0000,0.8000,-11.5353,0.000000,0.000000,0.00,0.00
6.8500,814.1427,0.0000,2893.6051,52.3972,0.0000,54.9308,-0.0000,33.1211,-0.0000,-0.9585,0.0000,-0.2850,0.0000,75.9731,46.4620,0.0000,-0.1112,0.0000,0.0000,0.8000,-11.4959,0.000000,0.000000,0.00,0.00
6.8600,814.8813,0.0000,2893.4313,52.4610,0.0000,54.7879,-0.0000,33.0001,-0.0000,-0.9588,0.0000,-0.2840,0.0000,75.9134,46.3523,0.0000,-0.1111,0.0000,0.0000,0.8000,-11.4569,0.000000,0.000000,0.00,0.00
6.8700,815.6194,0.0000,2893.2576,52.5245,0.0000,54.6456,-0.0000,32.8795,-0.0000,-0.9591,0.0000,-0.2830,0.0000,75.8543,46.2429,0.0000,-0.1109,0.0000,0.0000,0.8000,-11.4180,0.000000,0.000000,0.00,0.00
6.8800,816.3569,0.0000,2893.0838,52.5876,0.0000,54.5040,-0.0000,32.7591,-0.0000,-0.9594,0.0000,-0.2820,0.0000,75.7956,46.1338,0.0000,-0.1107,0.0000,0.0000,0.8000,-11.3794,0.000000,0.000000,0.00,0.00
6.8900,817.0937,0.0000,2892.9100,52.6504,0.0000,54.3630,-0.0000,32.6389,-0.0000,-0.9597,0.0000,-0.2810,0.0000,75.7373,46.0252,0.0000,-0.1105,0.0000,0.0000,0.8000,-11.3411,0.000000,0.000000,0.00,0.00
6.9000,817.8300,0.0000,2892.7361,52.7127,0.0000,54.2226,-0.0000,32.5191,-0.0000,-0.9600,0.0000,-0.2800,0.0000,75.6796,45.9169,0.0000,-0.1104,0.0000,0.0000,0.8000,-11.3030,0.000000,0.000000,0.00,0.00
6.9100,818.5657,0.0000,2892.5623,52.7747,0.0000,54.0828,-0.0000,32.3995,-0.0000,-0.9603,0.0000,-0.2790,0.0000,75.6222,45.8089,0.0000,-0.1102,0.0000,0.0000,0.8000,-11.2651,0.000000,0.000000,0.00,0.00
6.9200,819.3008,0.0000,2892.3884,52.8363,0.0000,53.9437,-0.0000,32.2802,-0.0000,-0.9606,0.0000,-0.2780,0.0000,75.5653,45.7014,0.0000,-0.1100,0.0000,0.0000,0.8000,-11.2275,0.000000,0.000000,0.00,0.00
6.9300,820.0353,0.0000,2892.2145,52.8975,0.0000,53.8051,-0.0000,32.1612,-0.0000,-0.9609,0.0000,-0.2770,0.0000,75.5089,45.5942,0.0000,-0.1098,0.0000,0.0000,0.8000,-11.1902,0.000000,0.000000,0.00,0.00
6.9400,820.7692,0.0000,2892.0406,52.9583,0.0000,53.6672,-0.0000,32.0425,-0.0000,-0.9612,0.0000,-0.2760,0.0000,75.4528,45.4874,0.0000,-0.1096,0.0000,0.0000,0.8000,-11.1530,0.000000,0.000000,0.00,0.00
6.9500,821.5025,0.0000,2891.8666,53.0188,0.0000,53.5298,-0.0000,31.9241,-0.0000,-0.9614,0.0000,-0.2750,0.0000,75.3973,45.3809,0.0000,-0.1094,0.0000,0.0000,0.8000,-11.1161,0.000000,0.000000,0.00,0.00
6.9600,822.2353,0.0000,2891.6926,53.0789,0.0000,53.3931,-0.0000,31.8059,-0.0000,-0.9617,0.0000,-0.2740,0.0000,75.3421,45.2748,0.0000,-0.1092,0.0000,0.0000,0.8000,-11.0795,0.000000,0.000000,0.00,0.00
6.9700,822.9675,0.0000,2891.5186,53.1386,0.0000,53.2570,-0.0000,31.6881,-0.0000,-0.9620,0.0000,-0.2730,0.0000,75.2874,45.1691,0.0000,-0.1091,0.0000,0.0000,0.8000,-11.0431,0.000000,0.000000,0.00,0.00
6.9800,823.6992,0.0000,2891.3446,53.1980,0.0000,53.1215,-0.0000,31.5705,-0.0000,-0.9623,0.0000,-0.2720,0.0000,75.2331,45.0637,0.0000,-0.1089,0.0000,0.0000,0.8000,-11.0069,0.000000,0.000000,0.00,0.00
6.9900,824.4302,0.0000,2891.1705,53.2571,0.0000,52.9866,-0.0000,31.4532,-0.0000,-0.9626,0.0000,-0.2710,0.0000,75.1793,44.9587,0.0000,-0.1087,0.0000,0.0000,0.8000,-10.9709,0.000000,0.000000,0.00,0.00
7.0000,825.1608,0.0000,2890.9963,53.3157,0.0000,52.8523,-0.0000,31.3361,-0.0000,-0.9628,0.0000,-0.2701,0.0000,75.1258,44.8541,0.0000,-0.1085,0.0000,0.0000,0.8000,-10.9352,0.000000,0.000000,0.00,0.00
7.0100,825.8907,0.0000,2890.8221,53.3740,0.0000,52.7186,-0.0000,31.2194,-0.0000,-0.9631,0.0000,-0.2691,0.0000,75.0728,44.7499,0.0000,-0.1083,0.0000,0.0000,0.8000,-10.8997,0.000000,0.000000,0.00,0.00
7.0200,826.6202,0.0000,2890.6479,53.4320,0.0000,52.5855,-0.0000,31.1029,-0.0000,-0.9634,0.0000,-0.2681,0.0000,75.0202,44.6460,0.0000,-0.1081,0.0000,0.0000,0.8000,-10.8644,0.000000,0.000000,0.00,0.00
7.0300,827.3490,0.0000,2890.4737,53.4896,0.0000,52.4530,-0.0000,30.9867,-0.0000,-0.9637,0.0000,-0.2671,0.0000,74.9680,44.5425,0.0000,-0.1079,0.0000,0.0000,0.8000,-10.8293,0.000000,0.000000,0.00,0.00
7.0400,828.0774,0.0000,2890.2994,53.5468,0.0000,52.3210,-0.0000,30.8708,-0.0000,-0.9639,0.0000,-0.2662,0.0000,74.9163,44.4394,0.0000,-0.1077,0.0000,0.0000,0.8000,-10.7945,0.000000,0.000000,0.00,0.00
7.0500,828.8052,0.0000,2890.1250,53.6038,0.0000,52.1897,-0.0000,30.7552,-0.0000,-0.9642,0.0000,-0.2652,0.0000,74.8649,44.3366,0.0000,-0.1076,0.0000,0.0000,0.8000,-10.7599,0.000000,0.000000,0.00,0.00
7.0600,829.5325,0.0000,2889.9506,53.6603,0.0000,52.0590,-0.0000,30.6398,-0.0000,-0.9645,0.0000,-0.2642,0.0000,74.8140,44.2342,0.0000,-0.1074,0.0000,0.0000,0.8000,-10.7255,0.000000,0.000000,0.00,0.00
7.0700,830.2592,0.0000,2889.7761,53.7166,0.0000,51.9289,-0.0000,30.5248,-0.0000,-0.9647,0.0000,-0.2632,0.0000,74.7634,44.1322,0.0000,-0.1072,0.0000,0.0000,0.8000,-10.6914,0.000000,0.000000,0.00,0.00
7.0800,830.9854,0.0000,2889.6016,53.7724,0.0000,51.7993,-0.0000,30.4100,-0.0000,-0.9650,0.0000,-0.2623,0.0000,74.7133,44.0306,0.0000,-0.1070,0.0000,0.0000,0.8000,-10.6574,0.000000,0.000000,0.00,0.00
7.0900,831.7111,0.0000,2889.4270,53.8280,0.0000,51.6704,-0.0000,30.2955,-0.0000,-0.9653,0.0000,-0.2613,0.0000,74.6635,43.9293,0.0000,-0.1068,0.0000,0.0000,0.8000,-10.6237,0.000000,0.000000,0.00,0.00
7.1000,832.4363,0.0000,2889.2524,53.8832,0.0000,51.5420,-0.0000,30.1813,-0.0000,-0.9655,0.0000,-0.2603,0.0000,74.6142,43.8284,0.0000,-0.1066,0.0000,0.0000,0.8000,-10.5902,0.000000,0.000000,0.00,0.00
7.1100,833.1609,0.0000,2889.0777,53.9381,0.0000,51.4142,-0.0000,30.0673,-0.0000,-0.9658,0.0000,-0.2594,0.0000,74.5653,43.7278,0.0000,-0.1064,0.0000,0.0000,0.8000,-10.5569,0.000000,0.000000,0.00,0.00
7.1200,833.8850,0.0000,2888.9030,53.9927,0.0000,51.2870,-0.0000,29.9537,-0.0000,-0.9660,0.0000,-0.2584,0.0000,74.5167,43.6276,0.0000,-0.1062,0.0000,0.0000,0.8000,-10.5238,0.000000,0.000000,0.00,0.00
7.1300,834.6087,0.0000,2888.7282,54.0469,0.0000,51.1604,-0.0000,29.8403,-0.0000,-0.9663,0.0000,-0.2575,0.0000,74.4685,43.5278,0.0000,-0.1060,0.0000,0.0000,0.8000,-10.4909,0.000000,0.000000,0.00,0.00
7.1400,835.3318,0.0000,2888.5533,54.1008,0.0000,51.0343,-0.0000,29.7272,-0.0000,-0.9665,0.0000,-0.2565,0.0000,74.4208,43.4284,0.0000,-0.1058,0.0000,0.0000,0.8000,-10.4582,0.000000,0.000000,0.00,0.00
7.1500,836.0544,0.0000,2888.3783,54.1544,0.0000,50.9089,-0.0000,29.6144,-0.0000,-0.9668,0.0000,-0.2556,0.0000,74.3734,43.3293,0.0000,-0.1056,0.0000,0.0000,0.8000,-10.4258,0.000000,0.000000,0.00,0.00
7.1600,836.7765,0.0000,2888.2033,54.2076,0.0000,50.7840,-0.0000,29.5019,-0.0000,-0.9670,0.0000,-0.2546,0.0000,74.3264,43.2306,0.0000,-0.1054,0.0000,0.0000,0.8000,-10.3935,0.000000,0.000000,0.00,0.00
7.1700,837.4982,0.0000,2888.0282,54.2606,0.0000,50.6597,-0.0000,29.3896,-0.0000,-0.9673,0.0000,-0.2537,0.0000,74.2797,43.1323,0.0000,-0.1053,0.0000,0.0000,0.8000,-10.3615,0.000000,0.000000,0.00,0.00
7.1800,838.2193,0.0000,2887.8531,54.3132,0.0000,50.5359,-0.0000,29.2776,-0.0000,-0.9675,0.0000,-0.2527,0.0000,74.2335,43.0344,0.0000,-0.1051,0.0000,0.0000,0.8000,-10.3296,0.000000,0.000000,0.00,0.00
7.1900,838.9400,0.0000,2887.6779,54.3655,0.0000,50.4127,-0.0000,29.1659,-0.0000,-0.9678,0.0000,-0.2518,0.0000,74.1876,42.9368,0.0000,-0.1049,0.0000,0.0000,0.8000,-10.2980,0.000000,0.000000,0.00,0.00
7.2000,839.6601,0.0000,2887.5026,54.4175,0.0000,50.2901,-0.0000,29.0545,-0.0000,-0.9680,0.0000,-0.2508,0.0000,74.1421,42.8395,0.0000,-0.1047,0.0000,0.0000,0.8000,-10.2665,0.000000,0.000000,0.00,0.00
7.2100,840.3798,0.0000,2887.3272,54.4692,0.0000,50.1681,-0.0000,28.9433,-0.0000,-0.9683,0.0000,-0.2499,0.0000,74.0970,42.7427,0.0000,-0.1045,0.0000,0.0000,0.8000,-10.2353,0.000000,0.000000,0.00,0.00
7.2200,841.0990,0.0000,2887.1517,54.5206,0.0000,50.0466,-0.0000,28.8325,-0.0000,-0.9685,0.0000,-0.2490,0.0000,74.0522,42.6462,0.0000,-0.1043,0.0000,0.0000,0.8000,-10.2042,0.000000,0.000000,0.00,0.00
7.2300,841.8178,0.0000,2886.9762,54.5716,0.0000,49.9257,-0.0000,28.7219,-0.0000,-0.9688,0.0000,-0.2480,0.0000,74.0078,42.5501,0.0000,-0.1041,0.0000,0.0000,0.8000,-10.1734,0.000000,0.000000,0.00,0.00
7.2400,842.5360,0.0000,2886.8006,54.6224,0.0000,49.8054,-0.0000,28.6116,-0.0000,-0.9690,0.0000,-0.2471,0.0000,73.9638,42.4543,0.0000,-0.1039,0.0000,0.0000,0.8000,-10.1427,0.000000,0.000000,0.00,0.00
7.2500,843.2538,0.0000,2886.6248,54.6729,0.0000,49.6856,-0.0000,28.5015,-0.0000,-0.9692,0.0000,-0.2462,0.0000,73.9201,42.3589,0.0000,-0.1037,0.0000,0.0000,0.8000,-10.1123,0.000000,0.000000,0.00,0.00
7.2600,843.9711,0.0000,2886.4491,54.7231,0.0000,49.5664,-0.0000,28.3918,-0.0000,-0.9695,0.0000,-0.2452,0.0000,73.8768,42.2639,0.0000,-0.1035,0.0000,0.0000,0.8000,-10.0820,0.000000,0.000000,0.00,0.00
7.2700,844.6880,0.0000,2886.2732,54.7730,0.0000,49.4477,-0.0000,28.2823,-0.0000,-0.9697,0.0000,-0.2443,0.0000,73.8339,42.1693,0.0000,-0.1033,0.0000,0.0000,0.8000,-10.0520,0.000000,0.000000,0.00,0.00
7.2800,845.4044,0.0000,2886.0972,54.8225,0.0000,49.3296,-0.0000,28.1731,-0.0000,-0.9699,0.0000,-0.2434,0.0000,73.7913,42.0750,0.0000,-0.1031,0.0000,0.0000,0.8000,-10.0221,0.000000,0.000000,0.00,0.00
7.2900,846.1204,0.0000,2885.9211,54.8718,0.0000,49.2120,-0.0000,28.0642,-0.0000,-0.9702,0.0000,-0.2425,0.0000,73.7490,41.9810,0.0000,-0.1029,0.0000,0.0000,0.8000,-9.9924,0.000000,0.000000,0.00,0.00
7.3000,846.8359,0.0000,2885.7450,54.9209,0.0000,49.0950,-0.0000,27.9555,-0.0000,-0.9704,0.0000,-0.2415,0.0000,73.7071,41.8875,0.0000,-0.1027,0.0000,0.0000,0.8000,-9.9629,0.000000,0.000000,0.00,0.00
7.3100,847.5509,0.0000,2885.5687,54.9696,0.0000,48.9786,-0.0000,27.8471,-0.0000,-0.9706,0.0000,-0.2406,0.0000,73.6656,41.7943,0.0000,-0.1025,0.0000,0.0000,0.8000,-9.9336,0.000000,0.000000,0.00,0.00
7.3200,848.2655,0.0000,2885.3924,55.0180,0.0000,48.8627,-0.0000,27.7390,-0.0000,-0.9708,0.0000,-0.2397,0.0000,73.6244,41.7014,0.0000,-0.1023,0.0000,0.0000,0.8000,-9.9045,0.000000,0.000000,0.00,0.00
7.3300,848.9797,0.0000,2885.2160,55.0662,0.0000,48.7473,-0.0000,27.6312,-0.0000,-0.9711,0.0000,-0.2388,0.0000,73.5836,41.6090,0.0000,-0.1022,0.0000,0.0000,0.8000,-9.8756,0.000000,0.000000,0.00,0.00
7.3400,849.6934,0.0000,2885.0394,55.1140,0.0000,48.6325,-0.0000,27.5236,-0.0000,-0.9713,0.0000,-0.2379,0.0000,73.5431,41.5168,0.0000,-0.1020,0.0000,0.0000,0.8000,-9.8468,0.000000,0.000000,0.00,0.00
7.3500,850.4067,0.0000,2884.8628,55.1616,0.0000,48.5182,-0.0000,27.4163,-0.0000,-0.9715,0.0000,-0.2370,0.0000,73.5029,41.4251,0.0000,-0.1018,0.0000,0.0000,0.8000,-9.8182,0.000000,0.000000,0.00,0.00
7.3600,851.1195,0.0000,2884.6860,55.2090,0.0000,48.4045,-0.0000,27.3093,-0.0000,-0.9717,0.0000,-0.2361,0.0000,73.4631,41.3337,0.0000,-0.1016,0.0000,0.0000,0.8000,-9.7898,0.000000,0.000000,0.00,0.00
7.3700,851.8319,0.0000,2884.5092,55.2560,0.0000,48.2913,-0.0000,27.2026,-0.0000,-0.9720,0.0000,-0.2352,0.0000,73.4236,41.2427,0.0000,-0.1014,0.0000,0.0000,0.8000,-9.7616,0.000000,0.000000,0.00,0.00
7.3800,852.5439,0.0000,2884.3322,55.3028,0.0000,48.1786,-0.0000,27.0961,-0.0000,-0.9722,0.0000,-0.2343,0.0000,73.3844,41.1520,0.0000,-0.1012,0.0000,0.0000,0.8000,-9.7336,0.000000,0.000000,0.00,0.00
7.3900,853.2555,0.0000,2884.1551,55.3493,0.0000,48.0665,-0.0000,26.9899,-0.0000,-0.9724,0.0000,-0.2334,0.0000,73.3456,41.0617,0.0000,-0.1010,0.0000,0.0000,0.8000,-9.7058,0.000000,0.000000,0.00,0.00
7.4000,853.9666,0.0000,2883.9780,55.3955,0.0000,47.9549,-0.0000,26.8840,-0.0000,-0.9726,0.0000,-0.2325,0.0000,73.3071,40.9717,0.0000,-0.1008,0.0000,0.0000,0.8000,-9.6781,0.000000,0.000000,0.00,0.00
7.4100,854.6773,0.0000,2883.8007,55.4415,0.0000,47.8439,-0.0000,26.7783,-0.0000,-0.9728,0.0000,-0.2316,0.0000,73.2690,40.8821,0.0000,-0.1006,0.0000,0.0000,0.8000,-9.6506,0.000000,0.000000,0.00,0.00
7.4200,855.3876,0.0000,2883.6233,55.4872,0.0000,47.7333,-0.0000,26.6729,-0.0000,-0.9730,0.0000,-0.2307,0.0000,73.2311,40.7929,0.0000,-0.1004,0.0000,0.0000,0.8000,-9.6233,0.000000,0.000000,0.00,0.00
7.4300,856.0975,0.0000,2883.4458,55.5327,0.0000,47.6233,-0.0000,26.5678,-0.0000,-0.9732,0.0000,-0.2298,0.0000,73.1936,40.7040,0.0000,-0.1002,0.0000,0.0000,0.8000,-9.5961,0.000000,0.000000,0.00,0.00
7.4400,856.8070,0.0000,2883.2681,55.5779,0.0000,47.5139,-0.0000,26.4630,-0.0000,-0.9735,0.0000,-0.2289,0.0000,73.1564,40.6155,0.0000,-0.1000,0.0000,0.0000,0.8000,-9.5692,0.000000,0.000000,0.00,0.00
7.4500,857.5161,0.0000,2883.0904,55.6228,0.0000,47.4049,-0.0000,26.3584,-0.0000,-0.9737,0.0000,-0.2280,0.0000,73.1195,40.5273,0.0000,-0.0998,0.0000,0.0000,0.8000,-9.5424,0.000000,0.000000,0.00,0.00
7.4600,858.2248,0.0000,2882.9125,55.6675,0.0000,47.2965,-0.0000,26.2541,-0.0000,-0.9739,0.0000,-0.2271,0.0000,73.0830,40.4395,0.0000,-0.0996,0.0000,0.0000,0.8000,-9.5157,0.000000,0.000000,0.00,0.00
7.4700,858.9330,0.0000,2882.7345,55.7119,0.0000,47.1886,-0.0000,26.1500,-0.0000,-0.9741,0.0000,-0.2262,0.0000,73.0468,40.3521,0.0000,-0.0995,0.0000,0.0000,0.8000,-9.4893,0.000000,0.000000,0.00,0.00
7.4800,859.6409,0.0000,2882.5564,55.7561,0.0000,47.0812,-0.0000,26.0463,-0.0000,-0.9743,0.0000,-0.2253,0.0000,73.0108,40.2650,0.0000,-0.0993,0.0000,0.0000,0.8000,-9.4630,0.000000,0.000000,0.00,0.00
7.4900,860.3484,0.0000,2882.3782,55.8000,0.0000,46.9744,-0.0000,25.9427,-0.0000,-0.9745,0.0000,-0.2245,0.0000,72.9752,40.1782,0.0000,-0.0991,0.0000,0.0000,0.8000,-9.4369,0.000000,0.000000,0.00,0.00
7.5000,861.0554,0.0000,2882.1998,55.8437,0.0000,46.8680,-0.0000,25.8395,-0.0000,-0.9747,0.0000,-0.2236,0.0000,72.9399,40.0918,0.0000,-0.0989,0.0000,0.0000,0.8000,-9.4109,0.000000,0.000000,0.00,0.00
7.5100,861.7621,0.0000,2882.0213,55.8872,0.0000,46.7622,-0.0000,25.7365,-0.0000,-0.9749,0.0000,-0.2227,0.0000,72.9050,40.0058,0.0000,-0.0987,0.0000,0.0000,0.8000,-9.3851,0.000000,0.000000,0.00,0.00
7.5200,862.4684,0.0000,2881.8427,55.9304,0.0000,46.6569,-0.0000,25.6338,-0.0000,-0.9751,0.0000,-0.2218,0.0000,72.8703,39.9201,0.0000,-0.0985,0.0000,0.0000,0.8000,-9.3595,0.000000,0.000000,0.00,0.00
7.5300,863.1743,0.0000,2881.6640,55.9733,0.0000,46.5521,-0.0000,25.5314,-0.0000,-0.9753,0.0000,-0.2210,0.0000,72.8359,39.8347,0.0000,-0.0983,0.0000,0.0000,0.8000,-9.3340,0.000000,0.000000,0.00,0.00
7.5400,863.8799,0.0000,2881.4851,56.0160,0.0000,46.4478,-0.0000,25.4292,-0.0000,-0.9755,0.0000,-0.2201,0.0000,72.8018,39.7497,0.0000,-0.0981,0.0000,0.0000,0.8000,-9.3087,0.000000,0.000000,0.00,0.00
7.5500,864.5850,0.0000,2881.3061,56.0585,0.0000,46.3440,-0.0000,25.3272,-0.0000,-0.9757,0.0000,-0.2192,0.0000,72.7681,39.6651,0.0000,-0.0979,0.0000,0.0000,0.8000,-9.2836,0.000000,0.000000,0.00,0.00
7.5600,865.2898,0.0000,2881.1269,56.1008,0.0000,46.2407,-0.0000,25.2256,-0.0000,-0.9759,0.0000,-0.2184,0.0000,72.7346,39.5808,0.0000,-0.0977,0.0000,0.0000,0.8000,-9.2586,0.000000,0.000000,0.00,0.00
7.5700,865.9942,0.0000,2880.9476,56.1428,0.0000,46.1379,-0.0000,25.1242,-0.0000,-0.9761,0.0000,-0.2175,0.0000,72.7014,39.4968,0.0000,-0.0976,0.0000,0.0000,0.8000,-9.2338,0.000000,0.000000,0.00,0.00
7.5800,866.6982,0.0000,2880.7682,56.1846,0.0000,46.0356,-0.0000,25.0231,-0.0000,-0.9763,0.0000,-0.2166,0.0000,72.6686,39.4132,0.0000,-0.0974,0.0000,0.0000,0.8000,-9.2091,0.000000,0.000000,0.00,0.00
7.5900,867.4018,0.0000,2880.5886,56.2261,0.0000,45.9339,-0.0000,24.9222,-0.0000,-0.9764,0.0000,-0.2158,0.0000,72.6360,39.3300,0.0000,-0.0972,0.0000,0.0000,0.8000,-9.1846,0.000000,0.000000,0.00,0.00
7.6000,868.1051,0.0000,2880.4089,56.2675,0.0000,45.8326,-0.0000,24.8216,-0.0000,-0.9766,0.0000,-0.2149,0.0000,72.6037,39.2470,0.0000,-0.0970,0.0000,0.0000,0.8000,-9.1603,0.000000,0.000000,0.00,0.00
7.6100,868.8080,0.0000,2880.2291,56.3086,0.0000,45.7318,-0.0000,24.7212,-0.0000,-0.9768,0.0000,-0.2141,0.0000,72.5717,39.1645,0.0000,-0.0968,0.0000,0.0000,0.8000,-9.1361,0.000000,0.000000,0.00,0.00
7.6200,869.5106,0.0000,2880.0491,56.3495,0.0000,45.6315,-0.0000,24.6211,-0.0000,-0.9770,0.0000,-0.2132,0.0000,72.5400,39.0823,0.0000,-0.0966,0.0000,0.0000,0.8000,-9.1121,0.000000,0.000000,0.00,0.00
7.6300,870.2128,0.0000,2879.8690,56.3901,0.0000,45.5317,-0.0000,24.5213,-0.0000,-0.9772,0.0000,-0.2124,0.0000,72.5086,39.0004,0.0000,-0.0964,0.0000,0.0000,0.8000,-9.0882,0.000000,0.000000,0.00,0.00
7.6400,870.9146,0.0000,2879.6887,56.4306,0.0000,45.4324,-0.0000,24.4217,-0.0000,-0.9774,0.0000,-0.2115,0.0000,72.4775,38.9188,0.0000,-0.0962,0.0000,0.0000,0.8000,-9.0644,0.000000,0.000000,0.00,0.00
7.6500,871.6161,0.0000,2879.5082,56.4708,0.0000,45.3336,-0.0000,24.3224,-0.0000,-0.9776,0.0000,-0.2107,0.0000,72.4466,38.8376,0.0000,-0.0961,0.0000,0.0000,0.8000,-9.0409,0.000000,0.000000,0.00,0.00
7.6600,872.3172,0.0000,2879.3276,56.5108,0.0000,45.2352,-0.0000,24.2233,-0.0000,-0.9777,0.0000,-0.2098,0.0000,72.4161,38.7568,0.0000,-0.0959,0.0000,0.0000,0.8000,-9.0174,0.000000,0.000000,0.00,0.00
7.6700,873.0180,0.0000,2879.1469,56.5506,0.0000,45.1374,-0.0000,24.1245,-0.0000,-0.9779,0.0000,-0.2090,0.0000,72.3858,38.6762,0.0000,-0.0957,0.0000,0.0000,0.8000,-8.9942,0.000000,0.000000,0.00,0.00
7.6800,873.7184,0.0000,2878.9660,56.5902,0.0000,45.0400,-0.0000,24.0260,-0.0000,-0.9781,0.0000,-0.2081,0.0000,72.3558,38.5961,0.0000,-0.0955,0.0000,0.0000,0.8000,-8.9710,0.000000,0.000000,0.00,0.00
7.6900,874.4185,0.0000,2878.7850,56.6296,0.0000,44.9432,-0.0000,23.9277,-0.0000,-0.9783,0.0000,-0.2073,0.0000,72.3261,38.5162,0.0000,-0.0953,0.0000,0.0000,0.8000,-8.9481,0.000000,0.000000,0.00,0.00
7.7000,875.1182,0.0000,2878.6038,56.6688,0.0000,44.8468,-0.0000,23.8296,-0.0000,-0.9785,0.0000,-0.2065,0.0000,72.2966,38.4367,0.0000,-0.0951,0.0000,0.0000,0.8000,-8.9252,0.000000,0.000000,0.00,0.00
7.7100,875.8176,0.0000,2878.4224,56.7077,0.0000,44.7508,-0.0000,23.7319,-0.0000,-0.9786,0.0000,-0.2056,0.0000,72.2674,38.3575,0.0000,-0.0949,0.0000,0.0000,0.8000,-8.9025,0.000000,0.000000,0.00,0.00
7.7200,876.5167,0.0000,2878.2409,56.7465,0.0000,44.6554,-0.0000,23.6343,-0.0000,-0.9788,0.0000,-0.2048,0.0000,72.2385,38.2787,0.0000,-0.0948,0.0000,0.0000,0.8000,-8.8800,0.000000,0.000000,0.00,0.00
7.7300,877.2154,0.0000,2878.0592,56.7851,0.0000,44.5604,-0.0000,23.5370,-0.0000,-0.9790,0.0000,-0.2040,0.0000,72.2099,38.2002,0.0000,-0.0946,0.0000,0.0000,0.8000,-8.8576,0.000000,0.000000,0.00,0.00
7.7400,877.9138,0.0000,2877.8773,56.8234,0.0000,44.4659,-0.0000,23.4400,-0.0000,-0.9792,0.0000,-0.2031,0.0000,72.1816,38.1220,0.0000,-0.0944,0.0000,0.0000,0.8000,-8.8353,0.000000,0.000000,0.00,0.00
7.7500,878.6118,0.0000,2877.6953,56.8616,0.0000,44.3719,-0.0000,23.3432,-0.0000,-0.9793,0.0000,-0.2023,0.0000,72.1535,38.0442,0.0000,-0.0942,0.0000,0.0000,0.8000,-8.8132,0.000000,0.000000,0.00,0.00
7.7600,879.3096,0.0000,2877.5132,56.8996,0.0000,44.2784,-0.0000,23.2467,-0.0000,-0.9795,0.0000,-0.2015,0.0000,72.1256,37.9667,0.0000,-0.0940,0.0000,0.0000,0.8000,-8.7913,0.000000,0.000000,0.00,0.00
7.7700,880.0070,0.0000,2877.3308,56.9373,0.0000,44.1853,-0.0000,23.1505,-0.0000,-0.9797,0.0000,-0.2007,0.0000,72.0981,37.8895,0.0000,-0.0939,0.0000,0.0000,0.8000,-8.7694,0.000000,0.000000,0.00,0.00
7.7800,880.7040,0.0000,2877.1483,56.9749,0.0000,44.0927,-0.0000,23.0544,-0.0000,-0.9798,0.0000,-0.1998,0.0000,72.0708,37.8127,0.0000,-0.0937,0.0000,0.0000,0.8000,-8.7477,0.000000,0.000000,0.00,0.00
7.7900,881.4008,0.0000,2876.9656,57.0123,0.0000,44.0005,-0.0000,22.9587,-0.0000,-0.9800,0.0000,-0.1990,0.0000,72.0438,37.7362,0.0000,-0.0935,0.0000,0.0000,0.8000,-8.7262,0.000000,0.000000,0.00,0.00
7.8000,882.0972,0.0000,2876.7828,57.0495,0.0000,43.9088,-0.0000,22.8631,-0.0000,-0.9802,0.0000,-0.1982,0.0000,72.0170,37.6600,0.0000,-0.0933,0.0000,0.0000,0.8000,-8.7048,0.000000,0.000000,0.00,0.00
7.8100,882.7933,0.0000,2876.5997,57.0865,0.0000,43.8176,-0.0000,22.7679,-0.0000,-0.9803,0.0000,-0.1974,0.0000,71.9905,37.5841,0.0000,-0.0931,0.0000,0.0000,0.8000,-8.6835,0.000000,0.000000,0.00,0.00
7.8200,883.4891,0.0000,2876.4166,57.1233,0.0000,43.7268,-0.0000,22.6728,-0.0000,-0.9805,0.0000,-0.1966,0.0000,71.9642,37.5086,0.0000,-0.0930,0.0000,0.0000,0.8000,-8.6624,0.000000,0.000000,0.00,0.00
7.8300,884.1846,0.0000,2876.2332,57.1600,0.0000,43.6365,-0.0000,22.5781,-0.0000,-0.9807,0.0000,-0.1958,0.0000,71.9382,37.4334,0.0000,-0.0928,0.0000,0.0000,0.8000,-8.6414,0.000000,0.000000,0.00,0.00
7.8400,884.8798,0.0000,2876.0496,57.1964,0.0000,43.5467,-0.0000,22.4835,-0.0000,-0.9808,0.0000,-0.1949,0.0000,71.9125,37.3585,0.0000,-0.0926,0.0000,0.0000,0.8000,-8.6205,0.000000,0.000000,0.00,0.00
7.8500,885.5747,0.0000,2875.8659,57.2327,0.0000,43.4572,-0.0000,22.3892,-0.0000,-0.9810,0.0000,-0.1941,0.0000,71.8870,37.2839,0.0000,-0.0924,0.0000,0.0000,0.8000,-8.5998,0.000000,0.000000,0.00,0.00
7.8600,886.2692,0.0000,2875.6820,57.2688,0.0000,43.3683,-0.0000,22.2952,-0.0000,-0.9811,0.0000,-0.1933,0.0000,71.8618,37.2097,0.0000,-0.0922,0.0000,0.0000,0.8000,-8.5792,0.000000,0.000000,0.00,0.00
7.8700,886.9635,0.0000,2875.4979,57.3047,0.0000,43.2798,-0.0000,22.2014,-0.0000,-0.9813,0.0000,-0.1925,0.0000,71.8368,37.1358,0.0000,-0.0921,0.0000,0.0000,0.8000,-8.5588,0.000000,0.000000,0.00,0.00
7.8800,887.6574,0.0000,2875.3136,57.3405,0.0000,43.1917,-0.0000,22.1078,-0.0000,-0.9814,0.0000,-0.1917,0.0000,71.8120,37.0622,0.0000,-0.0919,0.0000,0.0000,0.8000,-8.5384,0.000000,0.000000,0.00,0.00
7.8900,888.3511,0.0000,2875.1292,57.3760,0.0000,43.1041,-0.0000,22.0145,-0.0000,-0.9816,0.0000,-0.1909,0.0000,71.7876,36.9889,0.0000,-0.0917,0.0000,0.0000,0.8000,-8.5182,0.000000,0.000000,0.00,0.00
7.9000,889.0444,0.0000,2874.9446,57.4114,0.0000,43.0170,-0.0000,21.9215,-0.0000,-0.9818,0.0000,-0.1901,0.0000,71.7633,36.9160,0.0000,-0.0915,0.0000,0.0000,0.8000,-8.4982,0.000000,0.000000,0.00,0.00
7.9100,889.7375,0.0000,2874.7597,57.4466,0.0000,42.9303,-0.0000,21.8286,-0.0000,-0.9819,0.0000,-0.1893,0.0000,71.7393,36.8433,0.0000,-0.0914,0.0000,0.0000,0.8000,-8.4782,0.000000,0.000000,0.00,0.00
7.9200,890.4302,0.0000,2874.5747,57.4817,0.0000,42.8440,-0.0000,21.7361,-0.0000,-0.9821,0.0000,-0.1885,0.0000,71.7156,36.7710,0.0000,-0.0912,0.0000,0.0000,0.8000,-8.4584,0.000000,0.000000,0.00,0.00
7.9300,891.1227,0.0000,2874.3895,57.5166,0.0000,42.7581,-0.0000,21.6437,-0.0000,-0.9822,0.0000,-0.1878,0.0000,71.6921,36.6990,0.0000,-0.0910,0.0000,0.0000,0.8000,-8.4387,0.000000,0.000000,0.00,0.00
7.9400,891.8149,0.0000,2874.2041,57.5513,0.0000,42.6727,-0.0000,21.5516,-0.0000,-0.9824,0.0000,-0.1870,0.0000,71.6688,36.6273,0.0000,-0.0908,0.0000,0.0000,0.8000,-8.4192,0.000000,0.000000,0.00,0.00
7.9500,892.5068,0.0000,2874.0186,57.5858,0.0000,42.5878,-0.0000,21.4597,-0.0000,-0.9825,0.0000,-0.1862,0.0000,71.6458,36.5559,0.0000,-0.0907,0.0000,0.0000,0.8000,-8.3998,0.000000,0.000000,0.00,0.00
7.9600,893.1984,0.0000,2873.8328,57.6202,0.0000,42.5033,-0.0000,21.3681,-0.0000,-0.9827,0.0000,-0.1854,0.0000,71.6230,36.4849,0.0000,-0.0905,0.0000,0.0000,0.8000,-8.3805,0.000000,0.000000,0.00,0.00
7.9700,893.8897,0.0000,2873.6468,57.6545,0.0000,42.4192,-0.0000,21.2767,-0.0000,-0.9828,0.0000,-0.1846,0.0000,71.6004,36.4141,0.0000,-0.0903,0.0000,0.0000,0.8000,-8.3613,0.000000,0.000000,0.00,0.00
7.9800,894.5807,0.0000,2873.4606,57.6885,0.0000,42.3355,-0.0000,21.1856,-0.0000,-0.9830,0.0000,-0.1838,0.0000,71.5781,36.3437,0.0000,-0.0901,0.0000,0.0000,0.8000,-8.3423,0.000000,0.000000,0.00,0.00
7.9900,895.2715,0.0000,2873.2743,57.7224,0.0000,42.2523,-0.0000,21.0947,-0.0000,-0.9831,0.0000,-0.1830,0.0000,71.5560,36.2736,0.0000,-0.0900,0.0000,0.0000,0.8000,-8.3233,0.000000,0.000000,0.00,0.00
8.0000,895.9619,0.0000,2873.0877,57.7562,0.0000,42.1695,-0.0000,21.0040,-0.0000,-0.9832,0.0000,-0.1823,0.0000,71.5341,36.2038,0.0000,-0.0898,0.0000,0.0000,0.8000,-8.3046,0.000000,0.000000,0.00,0.00
8.0100,896.6521,0.0000,2872.9010,57.7898,0.0000,42.0871,-0.0000,20.9136,-0.0000,-0.9834,0.0000,-0.1815,0.0000,71.5125,36.1343,0.0000,-0.0896,0.0000,0.0000,0.8000,-8.2859,0.000000,0.000000,0.00,0.00
8.0200,897.3421,0.0000,2872.7140,57.8232,0.0000,42.0051,-0.0000,20.8234,-0.0000,-0.9835,0.0000,-0.1807,0.0000,71.4911,36.0651,0.0000,-0.0895,0.0000,0.0000,0.8000,-8.2673,0.000000,0.000000,0.00,0.00
8.0300,898.0317,0.0000,2872.5268,57.8565,0.0000,41.9236,-0.0000,20.7334,-0.0000,-0.9837,0.0000,-0.1799,0.0000,71.4700,35.9962,0.0000,-0.0893,0.0000,0.0000,0.8000,-8.2489,0.000000,0.000000,0.00,0.00
8.0400,898.7211,0.0000,2872.3395,57.8897,0.0000,41.8425,-0.0000,20.6436,-0.0000,-0.9838,0.0000,-0.1792,0.0000,71.4490,35.9276,0.0000,-0.0891,0.0000,0.0000,0.8000,-8.2306,0.000000,0.000000,0.00,0.00
8.0500,899.4102,0.0000,2872.1519,57.9226,0.0000,41.7618,-0.0000,20.5541,-0.0000,-0.9840,0.0000,-0.1784,0.0000,71.4283,35.8593,0.0000,-0.0889,0.0000,0.0000,0.8000,-8.2124,0.000000,0.000000,0.00,0.00
8.0600,900.0990,0.0000,2871.9641,57.9555,0.0000,41.6815,-0.0000,20.4649,-0.0000,-0.9841,0.0000,-0.1776,0.0000,71.4078,35.7913,0.0000,-0.0888,0.0000,0.0000,0.8000,-8.1944,0.000000,0.000000,0.00,0.00
8.0700,900.7876,0.0000,2871.7762,57.9882,0.0000,41.6017,-0.0000,20.3758,-0.0000,-0.9842,0.0000,-0.1769,0.0000,71.3876,35.7236,0.0000,-0.0886,0.0000,0.0000,0.8000,-8.1764,0.000000,0.000000,0.00,0.00
8.0800,901.4759,0.0000,2871.5880,58.0207,0.0000,41.5222,-0.0000,20.2870,-0.0000,-0.9844,0.0000,-0.1761,0.0000,71.3676,35.6563,0.0000,-0.0884,0.0000,0.0000,0.8000,-8.1586,0.000000,0.000000,0.00,0.00
8.0900,902.1640,0.0000,2871.3996,58.0531,0.0000,41.4432,-0.0000,20.1985,-0.0000,-0.9845,0.0000,-0.1754,0.0000,71.3477,35.5892,0.0000,-0.0883,0.0000,0.0000,0.8000,-8.1409,0.000000,0.000000,0.00,0.00
8.1000,902.8518,0.0000,2871.2110,58.0854,0.0000,41.3646,-0.0000,20.1101,-0.0000,-0.9846,0.0000,-0.1746,0.0000,71.3281,35.5224,0.0000,-0.0881,0.0000,0.0000,0.8000,-8.1233,0.000000,0.000000,0.00,0.00
8.1100,903.5393,0.0000,2871.0221,58.1175,0.0000,41.2863,-0.0000,20.0220,-0.0000,-0.9848,0.0000,-0.1738,0.0000,71.3088,35.4559,0.0000,-0.0879,0.0000,0.0000,0.8000,-8.1058,0.000000,0.000000,0.00,0.00
8.1200,904.2266,0.0000,2870.8331,58.1495,0.0000,41.2085,-0.0000,19.9341,-0.0000,-0.9849,0.0000,-0.1731,0.0000,71.2896,35.3898,0.0000,-0.0878,0.0000,0.0000,0.8000,-8.0884,0.000000,0.000000,0.00,0.00
8.1300,904.9136,0.0000,2870.6439,58.1813,0.0000,41.1311,-0.0000,19.8464,-0.0000,-0.9850,0.0000,-0.1723,0.0000,71.2707,35.3239,0.0000,-0.0876,0.0000,0.0000,0.8000,-8.0712,0.000000,0.000000,0.00,0.00
8.1400,905.6004,0.0000,2870.4544,58.2131,0.0000,41.0542,-0.0000,19.7590,-0.0000,-0.9852,0.0000,-0.1716,0.0000,71.2519,35.2583,0.0000,-0.0874,0.0000,0.0000,0.8000,-8.0541,0.000000,0.000000,0.00,0.00
8.1500,906.2869,0.0000,2870.2647,58.2446,0.0000,40.9776,-0.0000,19.6718,-0.0000,-0.9853,0.0000,-0.1708,0.0000,71.2334,35.1930,0.0000,-0.0873,0.0000,0.0000,0.8000,-8.0371,0.000000,0.000000,0.00,0.00
8.1600,906.9732,0.0000,2870.0748,58.2761,0.0000,40.9014,-0.0000,19.5848,-0.0000,-0.9854,0.0000,-0.1701,0.0000,71.2151,35.1280,0.0000,-0.0871,0.0000,0.0000,0.8000,-8.0202,0.000000,0.000000,0.00,0.00
8.1700,907.6592,0.0000,2869.8847,58.3074,0.0000,40.8256,-0.0000,19.4981,-0.0000,-0.9856,0.0000,-0.1693,0.0000,71.1971,35.0633,0.0000,-0.0870,0.0000,0.0000,0.8000,-8.0034,0.000000,0.000000,0.00,0.00
8.1800,908.3450,0.0000,2869.6944,58.3385,0.0000,40.7502,-0.0000,19.4115,-0.0000,-0.9857,0.0000,-0.1686,0.0000,71.1792,34.9989,0.0000,-0.0868,0.0000,0.0000,0.8000,-7.9867,0.000000,0.000000,0.00,0.00
8.1900,909.0305,0.0000,2869.5038,58.3696,0.0000,40.6752,-0.0000,19.3252,-0.0000,-0.9858,0.0000,-0.1678,0.0000,71.1615,34.9348,0.0000,-0.0866,0.0000,0.0000,0.8000,-7.9702,0.000000,0.000000,0.00,0.00
8.2000,909.7158,0.0000,2869.3130,58.4005,0.0000,40.6006,-0.0000,19.2392,-0.0000,-0.9859,0.0000,-0.1671,0.0000,71.1441,34.8709,0.0000,-0.0865,0.0000,0.0000,0.8000,-7.9537,0.000000,0.000000,0.00,0.00
8.2100,910.4009,0.0000,2869.1220,58.4313,0.0000,40.5264,-0.0000,19.1533,-0.0000,-0.9861,0.0000,-0.1664,0.0000,71.1268,34.8074,0.0000,-0.0863,0.0000,0.0000,0.8000,-7.9374,0.000000,0.000000,0.00,0.00
8.2200,911.0857,0.0000,2868.9308,58.4619,0.0000,40.4525,-0.0000,19.0677,-0.0000,-0.9862,0.0000,-0.1656,0.0000,71.1098,34.7441,0.0000,-0.0861,0.0000,0.0000,0.8000,-7.9212,0.000000,0.000000,0.00,0.00
8.2300,911.7703,0.0000,2868.7393,58.4925,0.0000,40.3791,-0.0000,18.9823,-0.0000,-0.9863,0.0000,-0.1649,0.0000,71.0929,34.6812,0.0000,-0.0860,0.0000,0.0000,0.8000,-7.9051,0.000000,0.000000,0.00,0.00
8.2400,912.4546,0.0000,2868.5476,58.5229,0.0000,40.3061,-0.0000,18.8971,-0.0000,-0.9864,0.0000,-0.1642,0.0000,71.0763,34.6185,0.0000,-0.0858,0.0000,0.0000,0.8000,-7.8891,0.000000,0.000000,0.00,0.00
8.2500,913.1387,0.0000,2868.3557,58.5532,0.0000,40.2334,-0.0000,18.8121,-0.0000,-0.9866,0.0000,-0.1634,0.0000,71.0599,34.5561,0.0000,-0.0857,0.0000,0.0000,0.8000,-7.8732,0.000000,0.000000,0.00,0.00
8.2600,913.8226,0.0000,2868.1636,58.5834,0.0000,40.1611,-0.0000,18.7273,-0.0000,-0.9867,0.0000,-0.1627,0.0000,71.0437,34.4940,0.0000,-0.0855,0.0000,0.0000,0.8000,-7.8574,0.000000,0.000000,0.00,0.00
8.2700,914.5062,0.0000,2867.9712,58.6134,0.0000,40.0892,-0.0000,18.6428,-0.0000,-0.9868,0.0000,-0.1620,0.0000,71.0276,34.4321,0.0000,-0.0853,0.0000,0.0000,0.8000,-7.8417,0.000000,0.000000,0.00,0.00
8.2800,915.1897,0.0000,2867.7786,58.6433,0.0000,40.0177,-0.0000,18.5585,-0.0000,-0.9869,0.0000,-0.1612,0.0000,71.0118,34.3706,0.0000,-0.0852,0.0000,0.0000,0.8000,-7.8262,0.000000,0.000000,0.00,0.00
8.2900,915.8728,0.0000,2867.5858,58.6732,0.0000,39.9466,-0.0000,18.4744,-0.0000,-0.9870,0.0000,-0.1605,0.0000,70.9962,34.3093,0.0000,-0.0850,0.0000,0.0000,0.8000,-7.8107,0.000000,0.000000,0.00,0.00
8.3000,916.5558,0.0000,2867.3927,58.7029,0.0000,39.8758,-0.0000,18.3905,-0.0000,-0.9871,0.0000,-0.1598,0.0000,70.9808,34.2483,0.0000,-0.0849,0.0000,0.0000,0.8000,-7.7954,0.000000,0.000000,0.00,0.00
8.3100,917.2386,0.0000,2867.1994,58.7324,0.0000,39.8054,-0.0000,18.3069,-0.0000,-0.9873,0.0000,-0.1591,0.0000,70.9655,34.1876,0.0000,-0.0847,0.0000,0.0000,0.8000,-7.7801,0.000000,0.000000,0.00,0.00
8.3200,917.9211,0.0000,2867.0058,58.7619,0.0000,39.7354,-0.0000,18.2234,-0.0000,-0.9874,0.0000,-0.1584,0.0000,70.9505,34.1271,0.0000,-0.0846,0.0000,0.0000,0.8000,-7.7650,0.000000,0.000000,0.00,0.00
8.3300,918.6034,0.0000,2866.8121,58.7913,0.0000,39.6658,-0.0000,18.1402,-0.0000,-0.9875,0.0000,-0.1576,0.0000,70.9357,34.0670,0.0000,-0.0844,0.0000,0.0000,0.8000,-7.7500,0.000000,0.000000,0.00,0.00
8.3400,919.2854,0.0000,2866.6180,58.8205,0.0000,39.5965,-0.0000,18.0572,-0.0000,-0.9876,0.0000,-0.1569,0.0000,70.9210,34.0071,0.0000,-0.0843,0.0000,0.0000,0.8000,-7.7351,0.000000,0.000000,0.00,0.00
8.3500,919.9673,0.0000,2866.4238,58.8497,0.0000,39.5276,-0.0000,17.9744,-0.0000,-0.9877,0.0000,-0.1562,0.0000,70.9066,33.9475,0.0000,-0.0841,0.0000,0.0000,0.8000,-7.7203,0.000000,0.000000,0.00,0.00
8.3600,920.6490,0.0000,2866.2293,58.8787,0.0000,39.4591,-0.0000,17.8918,-0.0000,-0.9878,0.0000,-0.1555,0.0000,70.8923,33.8881,0.0000,-0.0839,0.0000,0.0000,0.8000,-7.7056,0.000000,0.000000,0.00,0.00
8.3700,921.3304,0.0000,2866.0345,58.9076,0.0000,39.3910,-0.0000,17.8094,-0.0000,-0.9879,0.0000,-0.1548,0.0000,70.8782,33.8291,0.0000,-0.0838,0.0000,0.0000,0.8000,-7.6910,0.000000,0.000000,0.00,0.00
8.3800,922.0116,0.0000,2865.8396,58.9364,0.0000,39.3232,-0.0000,17.7273,-0.0000,-0.9881,0.0000,-0.1541,0.0000,70.8644,33.7703,0.0000,-0.0836,0.0000,0.0000,0.8000,-7.6765,0.000000,0.000000,0.00,0.00
8.3900,922.6926,0.0000,2865.6443,58.9652,0.0000,39.2557,-0.0000,17.6453,-0.0000,-0.9882,0.0000,-0.1534,0.0000,70.8507,33.7117,0.0000,-0.0835,0.0000,0.0000,0.8000,-7.6621,0.000000,0.000000,0.00,0.00
8.4000,923.3734,0.0000,2865.4489,58.9938,0.0000,39.1887,-0.0000,17.5636,-0.0000,-0.9883,0.0000,-0.1527,0.0000,70.8372,33.6535,0.0000,-0.0833,0.0000,0.0000,0.8000,-7.6478,0.000000,0.000000,0.00,0.00
8.4100,924.0540,0.0000,2865.2531,59.0223,0.0000,39.1220,-0.0000,17.4821,-0.0000,-0.9884,0.0000,-0.1520,0.0000,70.8238,33.5955,0.0000,-0.0832,0.0000,0.0000,0.8000,-7.6336,0.000000,0.000000,0.00,0.00
8.4200,924.7344,0.0000,2865.0572,59.0507,0.0000,39.0556,-0.0000,17.4007,-0.0000,-0.9885,0.0000,-0.1513,0.0000,70.8107,33.5378,0.0000,-0.0830,0.0000,0.0000,0.8000,-7.6196,0.000000,0.000000,0.00,0.00
8.4300,925.4146,0.0000,2864.8610,59.0790,0.0000,38.9896,-0.0000,17.3196,-0.0000,-0.9886,0.0000,-0.1506,0.0000,70.7978,33.4803,0.0000,-0.0829,0.0000,0.0000,0.8000,-7.6056,0.000000,0.000000,0.00,0.00
8.4400,926.0945,0.0000,2864.6645,59.1072,0.0000,38.9240,-0.0000,17.2387,-0.0000,-0.9887,0.0000,-0.1499,0.0000,70.7850,33.4231,0.0000,-0.0827,0.0000,0.0000,0.8000,-7.5918,0.000000,0.000000,0.00,0.00
8.4500,926.7743,0.0000,2864.4678,59.1353,0.0000,38.8587,-0.0000,17.1580,-0.0000,-0.9888,0.0000,-0.1492,0.0000,70.7724,33.3662,0.0000,-0.0826,0.0000,0.0000,0.8000,-7.5780,0.000000,0.000000,0.00,0.00
8.4600,927.4539,0.0000,2864.2708,59.1633,0.0000,38.7937,-0.0000,17.0776,-0.0000,-0.9889,0.0000,-0.1485,0.0000,70.7600,33.3095,0.0000,-0.0824,0.0000,0.0000,0.8000,-7.5644,0.000000,0.000000,0.00,0.00
8.4700,928.1333,0.0000,2864.0736,59.1913,0.0000,38.7291,-0.0000,16.9973,-0.0000,-0.9890,0.0000,-0.1478,0.0000,70.7478,33.2531,0.0000,-0.0823,0.0000,0.0000,0.8000,-7.5508,0.000000,0.000000,0.00,0.00
8.4800,928.8124,0.0000,2863.8761,59.2191,0.0000,38.6649,-0.0000,16.9172,-0.0000,-0.9891,0.0000,-0.1471,0.0000,70.7358,33.1969,0.0000,-0.0821,0.0000,0.0000,0.8000,-7.5374,0.000000,0.000000,0.00,0.00
8.4900,929.4914,0.0000,2863.6784,59.2468,0.0000,38.6010,-0.0000,16.8374,-0.0000,-0.9892,0.0000,-0.1464,0.0000,70.7239,33.1410,0.0000,-0.0820,0.0000,0.0000,0.8000,-7.5240,0.000000,0.000000,0.00,0.00
8.5000,930.1702,0.0000,2863.4804,59.2745,0.0000,38.5375,-0.0000,16.7577,-0.0000,-0.9893,0.0000,-0.1457,0.0000,70.7123,33.0854,0.0000,-0.0818,0.0000,0.0000,0.8000,-7.5108,0.000000,0.000000,0.00,0.00
8.5100,930.8488,0.0000,2863.2822,59.3020,0.0000,38.4743,-0.0000,16.6783,-0.0000,-0.9894,0.0000,-0.1450,0.0000,70.7008,33.0300,0.0000,-0.0817,0.0000,0.0000,0.8000,-7.4977,0.000000,0.000000,0.00,0.00
8.5200,931.5272,0.0000,2863.0837,59.3295,0.0000,38.4114,-0.0000,16.5990,-0.0000,-0.9895,0.0000,-0.1443,0.0000,70.6894,32.9749,0.0000,-0.0815,0.0000,0.0000,0.8000,-7.4846,0.000000,0.000000,0.00,0.00
8.5300,932.2054,0.0000,2862.8850,59.3568,0.0000,38.3489,-0.0000,16.5200,-0.0000,-0.9896,0.0000,-0.1437,0.0000,70.6783,32.9200,0.0000,-0.0814,0.0000,0.0000,0.8000,-7.4717,0.000000,0.000000,0.00,0.00
8.5400,932.8834,0.0000,2862.6859,59.3841,0.0000,38.2867,-0.0000,16.4411,-0.0000,-0.9897,0.0000,-0.1430,0.0000,70.6673,32.8654,0.0000,-0.0813,0.0000,0.0000,0.8000,-7.4589,0.000000,0.000000,0.00,0.00
8.5500,933.5612,0.0000,2862.4867,59.4113,0.0000,38.2248,-0.0000,16.3625,-0.0000,-0.9898,0.0000,-0.1423,0.0000,70.6565,32.8111,0.0000,-0.0811,0.0000,0.0000,0.8000,-7.4462,0.000000,0.000000,0.00,0.00
8.5600,934.2389,0.0000,2862.2872,59.4384,0.0000,38.1633,-0.0000,16.2840,-0.0000,-0.9899,0.0000,-0.1416,0.0000,70.6459,32.7570,0.0000,-0.0810,0.0000,0.0000,0.8000,-7.4336,0.000000,0.000000,0.00,0.00
8.5700,934.9163,0.0000,2862.0874,59.4654,0.0000,38.1022,-0.0000,16.2058,-0.0000,-0.9900,0.0000,-0.1410,0.0000,70.6354,32.7031,0.0000,-0.0808,0.0000,0.0000,0.8000,-7.4210,0.000000,0.000000,0.00,0.00
8.5800,935.5936,0.0000,2861.8873,59.4924,0.0000,38.0413,-0.0000,16.1278,-0.0000,-0.9901,0.0000,-0.1403,0.0000,70.6252,32.6495,0.0000,-0.0807,0.0000,0.0000,0.8000,-7.4086,0.000000,0.000000,0.00,0.00
8.5900,936.2707,0.0000,2861.6870,59.5192,0.0000,37.9808,-0.0000,16.0499,-0.0000,-0.9902,0.0000,-0.1396,0.0000,70.6151,32.5961,0.0000,-0.0805,0.0000,0.0000,0.8000,-7.3963,0.000000,0.000000,0.00,0.00
8.6000,936.9476,0.0000,2861.4864,59.5460,0.0000,37.9206,-0.0000,15.9723,-0.0000,-0.9903,0.0000,-0.1389,0.0000,70.6051,32.5430,0.0000,-0.0804,0.0000,0.0000,0.8000,-7.3841,0.000000,0.000000,0.00,0.00
8.6100,937.6243,0.0000,2861.2856,59.5727,0.0000,37.8608,-0.0000,15.8949,-0.0000,-0.9904,0.0000,-0.1383,0.0000,70.5953,32.4902,0.0000,-0.0802,0.0000,0.0000,0.8000,-7.3720,0.000000,0.000000,0.00,0.00
8.6200,938.3009,0.0000,2861.0845,59.5993,0.0000,37.8012,-0.0000,15.8176,-0.0000,-0.9905,0.0000,-0.1376,0.0000,70.5857,32.4375,0.0000,-0.0801,0.0000,0.0000,0.8000,-7.3601,0.000000,0.000000,0.00,0.00
8.6300,938.9773,0.0000,2860.8831,59.6259,0.0000,37.7420,-0.0000,15.7406,-0.0000,-0.9906,0.0000,-0.1369,0.0000,70.5763,32.3851,0.0000,-0.0800,0.0000,0.0000,0.8000,-7.3482,0.000000,0.000000,0.00,0.00
8.6400,939.6535,0.0000,2860.6814,59.6523,0.0000,37.6831,-0.0000,15.6637,-0.0000,-0.9907,0.0000,-0.1363,0.0000,70.5670,32.3330,0.0000,-0.0798,0.0000,0.0000,0.8000,-7.3364,0.000000,0.000000,0.00,0.00
8.6500,940.3295,0.0000,2860.4795,59.6787,0.0000,37.6246,-0.0000,15.5871,-0.0000,-0.9908,0.0000,-0.1356,0.0000,70.5579,32.2811,0.0000,-0.0797,0.0000,0.0000,0.8000,-7.3247,0.000000,0.000000,0.00,0.00
8.6600,941.0053,0.0000,2860.2773,59.7050,0.0000,37.5663,-0.0000,15.5106,-0.0000,-0.9909,0.0000,-0.1349,0.0000,70.5490,32.2295,0.0000,-0.0795,0.0000,0.0000,0.8000,-7.3131,0.000000,0.000000,0.00,0.00
8.6700,941.6810,0.0000,2860.0749,59.7313,0.0000,37.5084,-0.0000,15.4344,-0.0000,-0.9909,0.0000,-0.1343,0.0000,70.5402,32.1780,0.0000,-0.0794,0.0000,0.0000,0.8000,-7.3017,0.000000,0.000000,0.00,0.00
8.6800,942.3565,0.0000,2859.8722,59.7575,0.0000,37.4508,-0.0000,15.3583,-0.0000,-0.9910,0.0000,-0.1336,0.0000,70.5316,32.1269,0.0000,-0.0793,0.0000,0.0000,0.8000,-7.2903,0.000000,0.000000,0.00,0.00
8.6900,943.0319,0.0000,2859.6692,59.7835,0.0000,37.3935,-0.0000,15.2824,-0.0000,-0.9911,0.0000,-0.1330,0.0000,70.5231,32.0759,0.0000,-0.0791,0.0000,0.0000,0.8000,-7.2791,0.000000,0.000000,0.00,0.00
8.7000,943.7070,0.0000,2859.4659,59.8096,0.0000,37.3365,-0.0000,15.2068,-0.0000,-0.9912,0.0000,-0.1323,0.0000,70.5149,32.0252,0.0000,-0.0790,0.0000,0.0000,0.8000,-7.2679,0.000000,0.000000,0.00,0.00
8.7100,944.3820,0.0000,2859.2623,59.8355,0.0000,37.2798,-0.0000,15.1313,-0.0000,-0.9913,0.0000,-0.1317,0.0000,70.5067,31.9747,0.0000,-0.0789,0.0000,0.0000,0.8000,-7.2569,0.000000,0.000000,0.00,0.00
8.7200,945.0569,0.0000,2859.0585,59.8614,0.0000,37.2235,-0.0000,15.0560,-0.0000,-0.9914,0.0000,-0.1310,0.0000,70.4988,31.9245,0.0000,-0.0787,0.0000,0.0000,0.8000,-7.2459,0.000000,0.000000,0.00,0.00
8.7300,945.7315,0.0000,2858.8544,59.8872,0.0000,37.1674,-0.0000,14.9809,-0.0000,-0.9915,0.0000,-0.1304,0.0000,70.4910,31.8745,0.0000,-0.0786,0.0000,0.0000,0.8000,-7.2351,0.000000,0.000000,0.00,0.00
8.7400,946.4061,0.0000,2858.6500,59.9130,0.0000,37.1117,-0.0000,14.9060,-0.0000,-0.9916,0.0000,-0.1297,0.0000,70.4833,31.8247,0.0000,-0.0784,0.0000,0.0000,0.8000,-7.2244,0.000000,0.000000,0.00,0.00
8.7500,947.0804,0.0000,2858.4454,59.9387,0.0000,37.0562,-0.0000,14.8313,-0.0000,-0.9916,0.0000,-0.1291,0.0000,70.4758,31.7752,0.0000,-0.0783,0.0000,0.0000,0.8000,-7.2138,0.000000,0.000000,0.00,0.00
8.7600,947.7546,0.0000,2858.2405,59.9643,0.0000,37.0011,-0.0000,14.7568,-0.0000,-0.9917,0.0000,-0.1284,0.0000,70.4685,31.7258,0.0000,-0.0782,0.0000,0.0000,0.8000,-7.2033,0.000000,0.000000,0.00,0.00
8.7700,948.4286,0.0000,2858.0353,59.9898,0.0000,36.9462,-0.0000,14.6824,-0.0000,-0.9918,0.0000,-0.1278,0.0000,70.4613,31.6768,0.0000,-0.0780,0.0000,0.0000,0.8000,-7.1929,0.000000,0.000000,0.00,0.00
8.7800,949.1025,0.0000,2857.8298,60.0153,0.0000,36.8917,-0.0000,14.6083,-0.0000,-0.9919,0.0000,-0.1271,0.0000,70.4543,31.6279,0.0000,-0.0779,0.0000,0.0000,0.8000,-7.1826,0.000000,0.000000,0.00,0.00
8.7900,949.7762,0.0000,2857.6240,60.0407,0.0000,36.8375,-0.0000,14.5343,-0.0000,-0.9920,0.0000,-0.1265,0.0000,70.4474,31.5792,0.0000,-0.0778,0.0000,0.0000,0.8000,-7.1724,0.000000,0.000000,0.00,0.00
8.8000,950.4498,0.0000,2857.4180,60.0661,0.0000,36.7835,-0.0000,14.4606,-0.0000,-0.9920,0.0000,-0.1259,0.0000,70.4407,31.5308,0.0000,-0.0776,0.0000,0.0000,0.8000,-7.1624,0.000000,0.000000,0.00,0.00
8.8100,951.1232,0.0000,2857.2116,60.0914,0.0000,36.7299,-0.0000,14.3870,-0.0000,-0.9921,0.0000,-0.1252,0.0000,70.4341,31.4826,0.0000,-0.0775,0.0000,0.0000,0.8000,-7.1524,0.000000,0.000000,0.00,0.00
8.8200,951.7965,0.0000,2857.0050,60.1167,0.0000,36.6765,-0.0000,14.3136,-0.0000,-0.9922,0.0000,-0.1246,0.0000,70.4277,31.4347,0.0000,-0.0774,0.0000,0.0000,0.8000,-7.1426,0.000000,0.000000,0.00,0.00
8.8300,952.4696,0.0000,2856.7981,60.1419,0.0000,36.6235,-0.0000,14.2404,-0.0000,-0.9923,0.0000,-0.1240,0.0000,70.4215,31.3869,0.0000,-0.0772,0.0000,0.0000,0.8000,-7.1328,0.000000,0.000000,0.00,0.00
8.8400,953.1425,0.0000,2856.5909,60.1670,0.0000,36.5707,-0.0000,14.1674,-0.0000,-0.9924,0.0000,-0.1233,0.0000,70.4153,31.3394,0.0000,-0.0771,0.0000,0.0000,0.8000,-7.1232,0.000000,0.000000,0.00,0.00
8.8500,953.8153,0.0000,2856.3835,60.1921,0.0000,36.5182,-0.0000,14.0946,-0.0000,-0.9924,0.0000,-0.1227,0.0000,70.4094,31.2921,0.0000,-0.0770,0.0000,0.0000,0.8000,-7.1137,0.000000,0.000000,0.00,0.00
8.8600,954.4880,0.0000,2856.1757,60.2171,0.0000,36.4660,-0.0000,14.0219,-0.0000,-0.9925,0.0000,-0.1221,0.0000,70.4036,31.2450,0.0000,-0.0768,0.0000,0.0000,0.8000,-7.1043,0.000000,0.000000,0.00,0.00
8.8700,955.1605,0.0000,2855.9677,60.2420,0.0000,36.4141,-0.0000,13.9495,-0.0000,-0.9926,0.0000,-0.1214,0.0000,70.3979,31.1981,0.0000,-0.0767,0.0000,0.0000,0.8000,-7.0951,0.000000,0.000000,0.00,0.00
8.8800,955.8328,0.0000,2855.7594,60.2670,0.0000,36.3625,-0.0000,13.8772,-0.0000,-0.9927,0.0000,-0.1208,0.0000,70.3924,31.1514,0.0000,-0.0766,0.0000,0.0000,0.8000,-7.0859,0.000000,0.000000,0.00,0.00
8.8900,956.5051,0.0000,2855.5508,60.2918,0.0000,36.3111,-0.0000,13.8051,-0.0000,-0.9928,0.0000,-0.1202,0.0000,70.3870,31.1050,0.0000,-0.0764,0.0000,0.0000,0.8000,-7.0769,0.000000,0.000000,0.00,0.00
8.9000,957.1771,0.0000,2855.3419,60.3166,0.0000,36.2601,-0.0000,13.7332,-0.0000,-0.9928,0.0000,-0.1196,0.0000,70.3818,31.0587,0.0000,-0.0763,0.0000,0.0000,0.8000,-7.0680,0.000000,0.000000,0.00,0.00
8.9100,957.8491,0.0000,2855.1327,60.3414,0.0000,36.2093,-0.0000,13.6615,-0.0000,-0.9929,0.0000,-0.1189,0.0000,70.3768,31.0127,0.0000,-0.0762,0.0000,0.0000,0.8000,-7.0592,0.000000,0.000000,0.00,0.00
8.9200,958.5209,0.0000,2854.9232,60.3661,0.0000,36.1588,-0.0000,13.5900,-0.0000,-0.9930,0.0000,-0.1183,0.0000,70.3718,30.9669,0.0000,-0.0760,0.0000,0.0000,0.8000,-7.0505,0.000000,0.000000,0.00,0.00
8.9300,959.1925,0.0000,2854.7134,60.3907,0.0000,36.1085,-0.0000,13.5186,-0.0000,-0.9930,0.0000,-0.1177,0.0000,70.3670,30.9212,0.0000,-0.0759,0.0000,0.0000,0.8000,-7.0419,0.000000,0.000000,0.00,0.00
8.9400,959.8640,0.0000,2854.5034,60.4154,0.0000,36.0586,-0.0000,13.4474,-0.0000,-0.9931,0.0000,-0.1171,0.0000,70.3624,30.8758,0.0000,-0.0758,0.0000,0.0000,0.8000,-7.0335,0.000000,0.000000,0.00,0.00
8.9500,960.5354,0.0000,2854.2930,60.4399,0.0000,36.0089,-0.0000,13.3764,-0.0000,-0.9932,0.0000,-0.1165,0.0000,70.3579,30.8306,0.0000,-0.0757,0.0000,0.0000,0.8000,-7.0252,0.000000,0.000000,0.00,0.00
8.9600,961.2067,0.0000,2854.0824,60.4644,0.0000,35.9595,-0.0000,13.3056,-0.0000,-0.9933,0.0000,-0.1159,0.0000,70.3536,30.7856,0.0000,-0.0755,0.0000,0.0000,0.8000,-7.0170,0.000000,0.000000,0.00,0.00
8.9700,961.8778,0.0000,2853.8715,60.4889,0.0000,35.9103,-0.0000,13.2350,-0.0000,-0.9933,0.0000,-0.1152,0.0000,70.3494,30.7408,0.0000,-0.0754,0.0000,0.0000,0.8000,-7.0089,0.000000,0.000000,0.00,0.00
8.9800,962.5487,0.0000,2853.6602,60.5133,0.0000,35.8614,-0.0000,13.1646,-0.0000,-0.9934,0.0000,-0.1146,0.0000,70.3453,30.6962,0.0000,-0.0753,0.0000,0.0000,0.8000,-7.0010,0.000000,0.000000,0.00,0.00
8.9900,963.2196,0.0000,2853.4487,60.5377,0.0000,35.8128,-0.0000,13.0943,-0.0000,-0.9935,0.0000,-0.1140,0.0000,70.3414,30.6518,0.0000,-0.0751,0.0000,0.0000,0.8000,-6.9932,0.000000,0.000000,0.00,0.00
9.0000,963.8903,0.0000,2853.2369,60.5621,0.0000,35.7645,-0.0000,13.0242,-0.0000,-0.9935,0.0000,-0.1134,0.0000,70.3376,30.6076,0.0000,-0.0750,0.0000,0.0000,0.8000,-6.9855,0.000000,0.000000,0.00,0.00
9.0100,964.5608,0.0000,2853.0248,60.5864,0.0000,35.7164,-0.0000,12.9543,-0.0000,-0.9936,0.0000,-0.1128,0.0000,70.3339,30.5636,0.0000,-0.0749,0.0000,0.0000,0.8000,-6.9779,0.000000,0.000000,0.00,0.00
9.0200,965.2313,0.0000,2852.8124,60.6106,0.0000,35.6685,-0.0000,12.8846,-0.0000,-0.9937,0.0000,-0.1122,0.0000,70.3304,30.5198,0.0000,-0.0748,0.0000,0.0000,0.8000,-6.9705,0.000000,0.000000,0.00,0.00
9.0300,965.9016,0.0000,2852.5997,60.6348,0.0000,35.6210,-0.0000,12.8150,-0.0000,-0.9938,0.0000,-0.1116,0.0000,70.3270,30.4762,0.0000,-0.0746,0.0000,0.0000,0.8000,-6.9632,0.000000,0.000000,0.00,0.00
9.0400,966.5718,0.0000,2852.3867,60.6590,0.0000,35.5736,-0.0000,12.7456,-0.0000,-0.9938,0.0000,-0.1110,0.0000,70.3238,30.4328,0.0000,-0.0745,0.0000,0.0000,0.8000,-6.9561,0.000000,0.000000,0.00,0.00
9.0500,967.2419,0.0000,2852.1734,60.6832,0.0000,35.5266,-0.0000,12.6764,-0.0000,-0.9939,0.0000,-0.1104,0.0000,70.3207,30.3896,0.0000,-0.0744,0.0000,0.0000,0.8000,-6.9490,0.000000,0.000000,0.00,0.00
9.0600,967.9118,0.0000,2851.9598,60.7073,0.0000,35.4798,-0.0000,12.6074,-0.0000,-0.9940,0.0000,-0.1098,0.0000,70.3177,30.3466,0.0000,-0.0742,0.0000,0.0000,0.8000,-6.9422,0.000000,0.000000,0.00,0.00
9.0700,968.5816,0.0000,2851.7459,60.7313,0.0000,35.4332,-0.0000,12.5386,-0.0000,-0.9940,0.0000,-0.1092,0.0000,70.3149,30.3037,0.0000,-0.0741,0.0000,0.0000,0.8000,-6.9354,0.000000,0.000000,0.00,0.00
9.0800,969.2513,0.0000,2851.5317,60.7554,0.0000,35.3869,-0.0000,12.4699,-0.0000,-0.9941,0.0000,-0.1086,0.0000,70.3122,30.2611,0.0000,-0.0740,0.0000,0.0000,0.8000,-6.9288,0.000000,0.000000,0.00,0.00
9.0900,969.9209,0.0000,2851.3173,60.7794,0.0000,35.3408,-0.0000,12.4014,-0.0000,-0.9941,0.0000,-0.1080,0.0000,70.3097,30.2186,0.0000,-0.0739,0.0000,0.0000,0.8000,-6.9223,0.000000,0.000000,0.00,0.00
9.1000,970.5903,0.0000,2851.1025,60.8033,0.0000,35.2950,-0.0000,12.3331,-0.0000,-0.9942,0.0000,-0.1074,0.0000,70.3072,30.1763,0.0000,-0.0737,0.0000,0.0000,0.8000,-6.9160,0.000000,0.000000,0.00,0.00
9.1100,971.2597,0.0000,2850.8874,60.8273,0.0000,35.2494,-0.0000,12.2650,-0.0000,-0.9943,0.0000,-0.1068,0.0000,70.3049,30.1342,0.0000,-0.0736,0.0000,0.0000,0.8000,-6.9098,0.000000,0.000000,0.00,0.00
9.1200,971.9289,0.0000,2850.6720,60.8512,0.0000,35.2041,-0.0000,12.1970,-0.0000,-0.9943,0.0000,-0.1062,0.0000,70.3028,30.0923,0.0000,-0.0735,0.0000,0.0000,0.8000,-6.9038,0.000000,0.000000,0.00,0.00
9.1300,972.5980,0.0000,2850.4563,60.8751,0.0000,35.1590,-0.0000,12.1292,-0.0000,-0.9944,0.0000,-0.1056,0.0000,70.3008,30.0506,0.0000,-0.0734,0.0000,0.0000,0.8000,-6.8979,0.000000,0.000000,0.00,0.00
9.1400,973.2669,0.0000,2850.2403,60.8989,0.0000,35.1142,-0.0000,12.0616,-0.0000,-0.9945,0.0000,-0.1051,0.0000,70.2989,30.0090,0.0000,-0.0732,0.0000,0.0000,0.8000,-6.8921,0.000000,0.000000,0.00,0.00
9.1500,973.9358,0.0000,2850.0241,60.9227,0.0000,35.0695,-0.0000,11.9942,-0.0000,-0.9945,0.0000,-0.1045,0.0000,70.2971,29.9676,0.0000,-0.0731,0.0000,0.0000,0.8000,-6.8865,0.000000,0.000000,0.00,0.00
9.1600,974.6046,0.0000,2849.8075,60.9465,0.0000,35.0252,-0.0000,11.9269,-0.0000,-0.9946,0.0000,-0.1039,0.0000,70.2955,29.9264,0.0000,-0.0730,0.0000,0.0000,0.8000,-6.8811,0.000000,0.000000,0.00,0.00
9.1700,975.2732,0.0000,2849.5906,60.9703,0.0000,34.9810,-0.0000,11.8598,-0.0000,-0.9946,0.0000,-0.1033,0.0000,70.2939,29.8854,0.0000,-0.0729,0.0000,0.0000,0.8000,-6.8758,0.000000,0.000000,0.00,0.00
9.1800,975.9417,0.0000,2849.3734,60.9940,0.0000,34.9371,-0.0000,11.7929,-0.0000,-0.9947,0.0000,-0.1027,0.0000,70.2926,29.8446,0.0000,-0.0727,0.0000,0.0000,0.8000,-6.8707,0.000000,0.000000,0.00,0.00
9.1900,976.6101,0.0000,2849.1559,61.0177,0.0000,34.8934,-0.0000,11.7262,-0.0000,-0.9948,0.0000,-0.1022,0.0000,70.2913,29.8039,0.0000,-0.0726,0.0000,0.0000,0.8000,-6.8657,0.000000,0.000000,0.00,0.00
9.2000,977.2784,0.0000,2848.9381,61.0414,0.0000,34.8499,-0.0000,11.6596,-0.0000,-0.9948,0.0000,-0.1016,0.0000,70.2902,29.7634,0.0000,-0.0725,0.0000,0.0000,0.8000,-6.8609,0.000000,0.000000,0.00,0.00
9.2100,977.9466,0.0000,2848.7200,61.0651,0.0000,34.8067,-0.0000,11.5932,-0.0000,-0.9949,0.0000,-0.1010,0.0000,70.2892,29.7230,0.0000,-0.0724,0.0000,0.0000,0.8000,-6.8562,0.000000,0.000000,0.00,0.00
9.2200,978.6147,0.0000,2848.5016,61.0887,0.0000,34.7637,-0.0000,11.5270,-0.0000,-0.9949,0.0000,-0.1004,0.0000,70.2883,29.6829,0.0000,-0.0722,0.0000,0.0000,0.8000,-6.8517,0.000000,0.000000,0.00,0.00
9.2300,979.2827,0.0000,2848.2829,61.1123,0.0000,34.7209,-0.0000,11.4609,-0.0000,-0.9950,0.0000,-0.0998,0.0000,70.2876,29.6429,0.0000,-0.0721,0.0000,0.0000,0.8000,-6.8474,0.000000,0.000000,0.00,0.00
9.2400,979.9506,0.0000,2848.0639,61.1359,0.0000,34.6783,-0.0000,11.3950,-0.0000,-0.9951,0.0000,-0.0993,0.0000,70.2870,29.6030,0.0000,-0.0720,0.0000,0.0000,0.8000,-6.8432,0.000000,0.000000,0.00,0.00
9.2500,980.6183,0.0000,2847.8446,61.1595,0.0000,34.6360,-0.0000,11.3293,-0.0000,-0.9951,0.0000,-0.0987,0.0000,70.2865,29.5634,0.0000,-0.0719,0.0000,0.0000,0.8000,-6.8392,0.000000,0.000000,0.00,0.00
9.2600,981.2860,0.0000,2847.6250,61.1830,0.0000,34.5939,-0.0000,11.2638,-0.0000,-0.9952,0.0000,-0.0981,0.0000,70.2861,29.5239,0.0000,-0.0717,0.0000,0.0000,0.8000,-6.8354,0.000000,0.000000,0.00,0.00
9.2700,981.9536,0.0000,2847.4051,61.2066,0.0000,34.5519,-0.0000,11.1984,-0.0000,-0.9952,0.0000,-0.0976,0.0000,70.2858,29.4845,0.0000,-0.0716,0.0000,0.0000,0.8000,-6.8318,0.000000,0.000000,0.00,0.00
9.2800,982.6210,0.0000,2847.1848,61.2301,0.0000,34.5102,-0.0000,11.1332,-0.0000,-0.9953,0.0000,-0.0970,0.0000,70.2857,29.4453,0.0000,-0.0715,0.0000,0.0000,0.8000,-6.8283,0.000000,0.000000,0.00,0.00
9.2900,983.2884,0.0000,2846.9643,61.2536,0.0000,34.4687,-0.0000,11.0682,-0.0000,-0.9953,0.0000,-0.0964,0.0000,70.2857,29.4063,0.0000,-0.0714,0.0000,0.0000,0.8000,-6.8250,0.000000,0.000000,0.00,0.00
9.3000,983.9557,0.0000,2846.7435,61.2771,0.0000,34.4274,-0.0000,11.0034,-0.0000,-0.9954,0.0000,-0.0959,0.0000,70.2858,29.3674,0.0000,-0.0712,0.0000,0.0000,0.8000,-6.8219,0.000000,0.000000,0.00,0.00
9.3100,984.6228,0.0000,2846.5223,61.3006,0.0000,34.3863,-0.0000,10.9387,-0.0000,-0.9954,0.0000,-0.0953,0.0000,70.2861,29.3287,0.0000,-0.0711,0.0000,0.0000,0.8000,-6.8190,0.000000,0.000000,0.00,0.00
9.3200,985.2899,0.0000,2846.3009,61.3241,0.0000,34.3455,-0.0000,10.8742,-0.0000,-0.9955,0.0000,-0.0948,0.0000,70.2864,29.2901,0.0000,-0.0710,0.0000,0.0000,0.8000,-6.8162,0.000000,0.000000,0.00,0.00
9.3300,985.9569,0.0000,2846.0791,61.3475,0.0000,34.3048,-0.0000,10.8099,-0.0000,-0.9956,0.0000,-0.0942,0.0000,70.2869,29.2517,0.0000,-0.0709,0.0000,0.0000,0.8000,-6.8137,0.000000,0.000000,0.00,0.00
9.3400,986.6238,0.0000,2845.8571,61.3710,0.0000,34.2643,-0.0000,10.7457,-0.0000,-0.9956,0.0000,-0.0936,0.0000,70.2875,29.2134,0.0000,-0.0707,0.0000,0.0000,0.8000,-6.8113,0.000000,0.000000,0.00,0.00
9.3500,987.2906,0.0000,2845.6347,61.3944,0.0000,34.2240,-0.0000,10.6817,-0.0000,-0.9957,0.0000,-0.0931,0.0000,70.2882,29.1753,0.0000,-0.0706,0.0000,0.0000,0.8000,-6.8091,0.000000,0.000000,0.00,0.00
9.3600,987.9573,0.0000,2845.4120,61.4178,0.0000,34.1839,-0.0000,10.6179,-0.0000,-0.9957,0.0000,-0.0925,0.0000,70.2891,29.1373,0.0000,-0.0705,0.0000,0.0000,0.8000,-6.8072,0.000000,0.000000,0.00,0.00
9.3700,988.6239,0.0000,2845.1891,61.4412,0.0000,34.1440,-0.0000,10.5542,-0.0000,-0.9958,0.0000,-0.0920,0.0000,70.2900,29.0994,0.0000,-0.0704,0.0000,0.0000,0.8000,-6.8054,0.000000,0.000000,0.00,0.00
9.3800,989.2904,0.0000,2844.9658,61.4647,0.0000,34.1043,-0.0000,10.4907,-0.0000,-0.9958,0.0000,-0.0914,0.0000,70.2911,29.0617,0.0000,-0.0702,0.0000,0.0000,0.8000,-6.8038,0.000000,0.000000,0.00,0.00
9.3900,989.9568,0.0000,2844.7422,61.4881,0.0000,34.0648,-0.0000,10.4274,-0.0000,-0.9959,0.0000,-0.0909,0.0000,70.2923,29.0242,0.0000,-0.0701,0.0000,0.0000,0.8000,-6.8024,0.000000,0.000000,0.00,0.00
9.4000,990.6231,0.0000,2844.5183,61.5114,0.0000,34.0255,-0.0000,10.3643,-0.0000,-0.9959,0.0000,-0.0903,0.0000,70.2936,28.9868,0.0000,-0.0700,0.0000,0.0000,0.8000,-6.8012,0.000000,0.000000,0.00,0.00
9.4100,991.2894,0.0000,2844.2941,61.5348,0.0000,33.9864,-0.0000,10.3013,-0.0000,-0.9960,0.0000,-0.0898,0.0000,70.2950,28.9495,0.0000,-0.0698,0.0000,0.0000,0.8000,-6.8003,0.000000,0.000000,0.00,0.00
9.4200,991.9555,0.0000,2844.0696,61.5582,0.0000,33.9474,-0.0000,10.2385,-0.0000,-0.9960,0.0000,-0.0892,0.0000,70.2966,28.9123,0.0000,-0.0697,0.0000,0.0000,0.8000,-6.7995,0.000000,0.000000,0.00,0.00
9.4300,992.6216,0.0000,2843.8448,61.5816,0.0000,33.9086,-0.0000,10.1759,-0.0000,-0.9961,0.0000,-0.0887,0.0000,70.2982,28.8753,0.0000,-0.0696,0.0000,0.0000,0.8000,-6.7990,0.000000,0.000000,0.00,0.00
9.4400,993.2876,0.0000,2843.6197,61.6050,0.0000,33.8700,-0.0000,10.1134,-0.0000,-0.9961,0.0000,-0.0881,0.0000,70.3000,28.8385,0.0000,-0.0695,0.0000,0.0000,0.8000,-6.7987,0.000000,0.000000,0.00,0.00
9.4500,993.9535,0.0000,2843.3943,61.6284,0.0000,33.8316,-0.0000,10.0511,-0.0000,-0.9962,0.0000,-0.0876,0.0000,70.3019,28.8017,0.0000,-0.0693,0.0000,0.0000,0.8000,-6.7986,0.000000,0.000000,0.00,0.00
9.4600,994.6194,0.0000,2843.1686,61.6518,0.0000,33.7934,-0.0000,9.9890,-0.0000,-0.9962,0.0000,-0.0871,0.0000,70.3039,28.7651,0.0000,-0.0692,0.0000,0.0000,0.8000,-6.7987,0.000000,0.000000,0.00,0.00
9.4700,995.2851,0.0000,2842.9426,61.6752,0.0000,33.7553,-0.0000,9.9270,-0.0000,-0.9962,0.0000,-0.0865,0.0000,70.3060,28.7286,0.0000,-0.0691,0.0000,0.0000,0.8000,-6.7991,0.000000,0.000000,0.00,0.00
9.4800,995.9508,0.0000,2842.7162,61.6985,0.0000,33.7174,-0.0000,9.8653,-0.0000,-0.9963,0.0000,-0.0860,0.0000,70.3082,28.6922,0.0000,-0.0689,0.0000,0.0000,0.8000,-6.7997,0.000000,0.000000,0.00,0.00
9.4900,996.6164,0.0000,2842.4896,61.7219,0.0000,33.6796,-0.0000,9.8037,-0.0000,-0.9963,0.0000,-0.0854,0.0000,70.3105,28.6560,0.0000,-0.0688,0.0000,0.0000,0.8000,-6.8005,0.000000,0.000000,0.00,0.00
9.5000,997.2819,0.0000,2842.2627,61.7453,0.0000,33.6421,-0.0000,9.7422,-0.0000,-0.9964,0.0000,-0.0849,0.0000,70.3130,28.6198,0.0000,-0.0687,0.0000,0.0000,0.8000,-6.8015,0.000000,0.000000,0.00,0.00
9.5100,997.9473,0.0000,2842.0354,61.7687,0.0000,33.6046,-0.0000,9.6810,-0.0000,-0.9964,0.0000,-0.0844,0.0000,70.3155,28.5838,0.0000,-0.0686,0.0000,0.0000,0.8000,-6.8028,0.000000,0.000000,0.00,0.00
9.5200,998.6127,0.0000,2841.8079,61.7921,0.0000,33.5674,-0.0000,9.6199,-0.0000,-0.9965,0.0000,-0.0839,0.0000,70.3182,28.5479,0.0000,-0.0684,0.0000,0.0000,0.8000,-6.8044,0.000000,0.000000,0.00,0.00
9.5300,999.2780,0.0000,2841.5801,61.8156,0.0000,33.5303,-0.0000,9.5589,-0.0000,-0.9965,0.0000,-0.0833,0.0000,70.3210,28.5122,0.0000,-0.0683,0.0000,0.0000,0.8000,-6.8061,0.000000,0.000000,0.00,0.00
9.5400,999.9432,0.0000,2841.3519,61.8390,0.0000,33.4934,-0.0000,9.4982,-0.0000,-0.9966,0.0000,-0.0828,0.0000,70.3239,28.4765,0.0000,-0.0682,0.0000,0.0000,0.8000,-6.8082,0.000000,0.000000,0.00,0.00
9.5500,1000.6083,0.0000,2841.1235,61.8624,0.0000,33.4566,-0.0000,9.4376,-0.0000,-0.9966,0.0000,-0.0823,0.0000,70.3268,28.4410,0.0000,-0.0680,0.0000,0.0000,0.8000,-6.8105,0.000000,0.000000,0.00,0.00
9.5600,1001.2734,0.0000,2840.8947,61.8859,0.0000,33.4199,-0.0000,9.3772,-0.0000,-0.9967,0.0000,-0.0817,0.0000,70.3299,28.4055,0.0000,-0.0679,0.0000,0.0000,0.8000,-6.8130,0.000000,0.000000,0.00,0.00
9.5700,1001.9384,0.0000,2840.6657,61.9093,0.0000,33.3835,-0.0000,9.3169,-0.0000,-0.9967,0.0000,-0.0812,0.0000,70.3331,28.3702,0.0000,-0.0678,0.0000,0.0000,0.8000,-6.8158,0.000000,0.000000,0.00,0.00
9.5800,1002.6034,0.0000,2840.4363,61.9328,0.0000,33.3471,-0.0000,9.2569,-0.0000,-0.9967,0.0000,-0.0807,0.0000,70.3365,28.3350,0.0000,-0.0676,0.0000,0.0000,0.8000,-6.8189,0.000000,0.000000,0.00,0.00
9.5900,1003.2682,0.0000,2840.2067,61.9563,0.0000,33.3109,-0.0000,9.1970,-0.0000,-0.9968,0.0000,-0.0802,0.0000,70.3399,28.2998,0.0000,-0.0675,0.0000,0.0000,0.8000,-6.8222,0.000000,0.000000,0.00,0.00
9.6000,1003.9330,0.0000,2839.9767,61.9797,0.0000,33.2749,-0.0000,9.1373,-0.0000,-0.9968,0.0000,-0.0797,0.0000,70.3434,28.2648,0.0000,-0.0674,0.0000,0.0000,0.8000,-6.8258,0.000000,0.000000,0.00,0.00
9.6100,1004.5978,0.0000,2839.7464,62.0033,0.0000,33.2390,-0.0000,9.0777,-0.0000,-0.9969,0.0000,-0.0791,0.0000,70.3470,28.2299,0.0000,-0.0672,0.0000,0.0000,0.8000,-6.8297,0.000000,0.000000,0.00,0.00
9.6200,1005.2625,0.0000,2839.5159,62.0268,0.0000,33.2032,-0.0000,9.0183,-0.0000,-0.9969,0.0000,-0.0786,0.0000,70.3508,28.1950,0.0000,-0.0671,0.0000,0.0000,0.8000,-6.8339,0.000000,0.000000,0.00,0.00
9.6300,1005.9271,0.0000,2839.2850,62.0503,0.0000,33.1675,-0.0000,8.9591,-0.0000,-0.9969,0.0000,-0.0781,0.0000,70.3546,28.1603,0.0000,-0.0669,0.0000,0.0000,0.8000,-6.8383,0.000000,0.000000,0.00,0.00
9.6400,1006.5916,0.0000,2839.0539,62.0739,0.0000,33.1320,-0.0000,8.9001,-0.0000,-0.9970,0.0000,-0.0776,0.0000,70.3586,28.1257,0.0000,-0.0668,0.0000,0.0000,0.8000,-6.8430,0.000000,0.000000,0.00,0.00
9.6500,1007.2561,0.0000,2838.8225,62.0975,0.0000,33.0966,-0.0000,8.8412,-0.0000,-0.9970,0.0000,-0.0771,0.0000,70.3626,28.0911,0.0000,-0.0667,0.0000,0.0000,0.8000,-6.8480,0.000000,0.000000,0.00,0.00
9.6600,1007.9206,0.0000,2838.5907,62.1211,0.0000,33.0613,-0.0000,8.7826,-0.0000,-0.9971,0.0000,-0.0766,0.0000,70.3668,28.0567,0.0000,-0.0665,0.0000,0.0000,0.8000,-6.8534,0.000000,0.000000,0.00,0.00
9.6700,1008.5849,0.0000,2838.3587,62.1447,0.0000,33.0262,-0.0000,8.7240,-0.0000,-0.9971,0.0000,-0.0761,0.0000,70.3710,28.0223,0.0000,-0.0664,0.0000,0.0000,0.8000,-6.8590,0.000000,0.000000,0.00,0.00
9.6800,1009.2493,0.0000,2838.1264,62.1684,0.0000,32.9912,-0.0000,8.6657,-0.0000,-0.9971,0.0000,-0.0756,0.0000,70.3754,27.9880,0.0000,-0.0662,0.0000,0.0000,0.8000,-6.8649,0.000000,0.000000,0.00,0.00
9.6900,1009.9135,0.0000,2837.8937,62.1920,0.0000,32.9563,-0.0000,8.6076,-0.0000,-0.9972,0.0000,-0.0750,0.0000,70.3798,27.9538,0.0000,-0.0661,0.0000,0.0000,0.8000,-6.8711,0.000000,0.000000,0.00,0.00
9.7000,1010.5777,0.0000,2837.6608,62.2157,0.0000,32.9215,-0.0000,8.5496,-0.0000,-0.9972,0.0000,-0.0745,0.0000,70.3844,27.9196,0.0000,-0.0660,0.0000,0.0000,0.8000,-6.8776,0.000000,0.000000,0.00,0.00
9.7100,1011.2419,0.0000,2837.4276,62.2394,0.0000,32.8868,-0.0000,8.4918,-0.0000,-0.9973,0.0000,-0.0740,0.0000,70.3891,27.8856,0.0000,-0.0658,0.0000,0.0000,0.8000,-6.8845,0.000000,0.000000,0.00,0.00
9.7200,1011.9060,0.0000,2837.1941,62.2632,0.0000,32.8522,-0.0000,8.4341,-0.0000,-0.9973,0.0000,-0.0735,0.0000,70.3938,27.8516,0.0000,-0.0657,0.0000,0.0000,0.8000,-6.8917,0.000000,0.000000,0.00,0.00
9.7300,1012.5701,0.0000,2836.9603,62.2870,0.0000,32.8178,-0.0000,8.3767,-0.0000,-0.9973,0.0000,-0.0730,0.0000,70.3987,27.8177,0.0000,-0.0655,0.0000,0.0000,0.8000,-6.8992,0.000000,0.000000,0.00,0.00
9.7400,1013.2341,0.0000,2836.7262,62.3108,0.0000,32.7834,-0.0000,8.3194,-0.0000,-0.9974,0.0000,-0.0725,0.0000,70.4037,27.7839,0.0000,-0.0654,0.0000,0.0000,0.8000,-6.9070,0.000000,0.000000,0.00,0.00
9.7500,1013.8980,0.0000,2836.4919,62.3346,0.0000,32.7492,-0.0000,8.2623,-0.0000,-0.9974,0.0000,-0.0720,0.0000,70.4087,27.7501,0.0000,-0.0652,0.0000,0.0000,0.8000,-6.9151,0.000000,0.000000,0.00,0.00
9.7600,1014.5619,0.0000,2836.2572,62.3585,0.0000,32.7150,-0.0000,8.2054,-0.0000,-0.9974,0.0000,-0.0715,0.0000,70.4139,27.7164,0.0000,-0.0651,0.0000,0.0000,0.8000,-6.9236,0.000000,0.000000,0.00,0.00
9.7700,1015.2258,0.0000,2836.0223,62.3824,0.0000,32.6809,-0.0000,8.1487,-0.0000,-0.9975,0.0000,-0.0711,0.0000,70.4191,27.6828,0.0000,-0.0649,0.0000,0.0000,0.8000,-6.9325,0.000000,0.000000,0.00,0.00
9.7800,1015.8896,0.0000,2835.7870,62.4063,0.0000,32.6470,-0.0000,8.0921,-0.0000,-0.9975,0.0000,-0.0706,0.0000,70.4245,27.6492,0.0000,-0.0648,0.0000,0.0000,0.8000,-6.9416,0.000000,0.000000,0.00,0.00
9.7900,1016.5534,0.0000,2835.5515,62.4303,0.0000,32.6131,-0.0000,8.0357,-0.0000,-0.9975,0.0000,-0.0701,0.0000,70.4299,27.6157,0.0000,-0.0646,0.0000,0.0000,0.8000,-6.9512,0.000000,0.000000,0.00,0.00
9.8000,1017.2172,0.0000,2835.3157,62.4543,0.0000,32.5793,-0.0000,7.9795,-0.0000,-0.9976,0.0000,-0.0696,0.0000,70.4355,27.5822,0.0000,-0.0645,0.0000,0.0000,0.8000,-6.9611,0.000000,0.000000,0.00,0.00
9.8100,1017.8809,0.0000,2835.0796,62.4784,0.0000,32.5456,-0.0000,7.9235,-0.0000,-0.9976,0.0000,-0.0691,0.0000,70.4411,27.5488,0.0000,-0.0643,0.0000,0.0000,0.8000,-6.9713,0.000000,0.000000,0.00,0.00
9.8200,1018.5445,0.0000,2834.8433,62.5025,0.0000,32.5119,-0.0000,7.8677,-0.0000,-0.9976,0.0000,-0.0686,0.0000,70.4469,27.5154,0.0000,-0.0642,0.0000,0.0000,0.8000,-6.9819,0.000000,0.000000,0.00,0.00
9.8300,1019.2082,0.0000,2834.6066,62.5266,0.0000,32.4784,-0.0000,7.8120,-0.0000,-0.9977,0.0000,-0.0681,0.0000,70.4527,27.4821,0.0000,-0.0640,0.0000,0.0000,0.8000,-6.9929,0.000000,0.000000,0.00,0.00
9.8400,1019.8718,0.0000,2834.3697,62.5508,0.0000,32.4449,-0.0000,7.7565,-0.0000,-0.9977,0.0000,-0.0676,0.0000,70.4587,27.4489,0.0000,-0.0638,0.0000,0.0000,0.8000,-7.0043,0.000000,0.000000,0.00,0.00
9.8500,1020.5353,0.0000,2834.1325,62.5750,0.0000,32.4115,-0.0000,7.7012,-0.0000,-0.9977,0.0000,-0.0672,0.0000,70.4647,27.4156,0.0000,-0.0637,0.0000,0.0000,0.8000,-7.0160,0.000000,0.000000,0.00,0.00
9.8600,1021.1988,0.0000,2833.8950,62.5992,0.0000,32.3781,-0.0000,7.6461,-0.0000,-0.9978,0.0000,-0.0667,0.0000,70.4708,27.3825,0.0000,-0.0635,0.0000,0.0000,0.8000,-7.0281,0.000000,0.000000,0.00,0.00
9.8700,1021.8623,0.0000,2833.6573,62.6235,0.0000,32.3449,-0.0000,7.5912,-0.0000,-0.9978,0.0000,-0.0662,0.0000,70.4770,27.3493,0.0000,-0.0634,0.0000,0.0000,0.8000,-7.0406,0.000000,0.000000,0.00,0.00
9.8800,1022.5258,0.0000,2833.4193,62.6479,0.0000,32.3117,-0.0000,7.5365,-0.0000,-0.9978,0.0000,-0.0657,0.0000,70.4833,27.3162,0.0000,-0.0632,0.0000,0.0000,0.8000,-7.0535,0.000000,0.000000,0.00,0.00
9.8900,1023.1892,0.0000,2833.1810,62.6723,0.0000,32.2785,-0.0000,7.4820,-0.0000,-0.9979,0.0000,-0.0652,0.0000,70.4897,27.2831,0.0000,-0.0630,0.0000,0.0000,0.8000,-7.0668,0.000000,0.000000,0.00,0.00
9.9000,1023.8526,0.0000,2832.9424,62.6967,0.0000,32.2454,-0.0000,7.4276,-0.0000,-0.9979,0.0000,-0.0648,0.0000,70.4962,27.2501,0.0000,-0.0629,0.0000,0.0000,0.8000,-7.0805,0.000000,0.000000,0.00,0.00
9.9100,1024.5160,0.0000,2832.7036,62.7212,0.0000,32.2123,-0.0000,7.3734,-0.0000,-0.9979,0.0000,-0.0643,0.0000,70.5028,27.2171,0.0000,-0.0627,0.0000,0.0000,0.8000,-7.0946,0.000000,0.000000,0.00,0.00
9.9200,1025.1794,0.0000,2832.4645,62.7458,0.0000,32.1793,-0.0000,7.3194,-0.0000,-0.9980,0.0000,-0.0638,0.0000,70.5095,27.1841,0.0000,-0.0625,0.0000,0.0000,0.8000,-7.1091,0.000000,0.000000,0.00,0.00
9.9300,1025.8427,0.0000,2832.2251,62.7703,0.0000,32.1464,-0.0000,7.2657,-0.0000,-0.9980,0.0000,-0.0634,0.0000,70.5162,27.1511,0.0000,-0.0624,0.0000,0.0000,0.8000,-7.1241,0.000000,0.000000,0.00,0.00
9.9400,1026.5060,0.0000,2831.9855,62.7950,0.0000,32.1134,-0.0000,7.2121,-0.0000,-0.9980,0.0000,-0.0629,0.0000,70.5231,27.1182,0.0000,-0.0622,0.0000,0.0000,0.8000,-7.1394,0.000000,0.000000,0.00,0.00
9.9500,1027.1693,0.0000,2831.7456,62.8197,0.0000,32.0806,-0.0000,7.1586,-0.0000,-0.9980,0.0000,-0.0624,0.0000,70.5300,27.0853,0.0000,-0.0620,0.0000,0.0000,0.8000,-7.1552,0.000000,0.000000,0.00,0.00
9.9600,1027.8326,0.0000,2831.5054,62.8445,0.0000,32.0477,-0.0000,7.1054,-0.0000,-0.9981,0.0000,-0.0620,0.0000,70.5371,27.0523,0.0000,-0.0619,0.0000,0.0000,0.8000,-7.1714,0.000000,0.000000,0.00,0.00
9.9700,1028.4958,0.0000,2831.2650,62.8693,0.0000,32.0149,-0.0000,7.0524,-0.0000,-0.9981,0.0000,-0.0615,0.0000,70.5442,27.0194,0.0000,-0.0617,0.0000,0.0000,0.8000,-7.1881,0.000000,0.000000,0.00,0.00
9.9800,1029.1590,0.0000,2831.0244,62.8942,0.0000,31.9821,-0.0000,6.9996,-0.0000,-0.9981,0.0000,-0.0610,0.0000,70.5514,26.9865,0.0000,-0.0615,0.0000,0.0000,0.8000,-7.2052,0.000000,0.000000,0.00,0.00
9.9900,1029.8223,0.0000,2830.7834,62.9191,0.0000,31.9493,-0.0000,6.9469,-0.0000,-0.9982,0.0000,-0.0606,0.0000,70.5587,26.9537,0.0000,-0.0613,0.0000,0.0000,0.8000,-7.2227,0.000000,0.000000,0.00,0.00
10.0000,1030.4855,0.0000,2830.5423,62.9441,0.0000,31.9166,-0.0000,6.8945,-0.0000,-0.9982,0.0000,-0.0601,0.0000,70.5661,26.9208,0.0000,-0.0611,0.0000,0.0000,0.8000,-7.2407,0.000000,0.000000,0.00,0.00
10.0100,1031.1487,0.0000,2830.3008,62.9691,0.0000,31.8839,-0.0000,6.8423,-0.0000,-0.9982,0.0000,-0.0597,0.0000,70.5736,26.8879,0.0000,-0.0610,0.0000,0.0000,0.8000,-7.2591,0.000000,0.000000,0.00,0.00
10.0200,1031.8119,0.0000,2830.0592,62.9943,0.0000,31.8512,-0.0000,6.7902,-0.0000,-0.9982,0.0000,-0.0592,0.0000,70.5811,26.8550,0.0000,-0.0608,0.0000,0.0000,0.8000,-7.2780,0.000000,0.000000,0.00,0.00
10.0300,1032.4750,0.0000,2829.8173,63.0195,0.0000,31.8185,-0.0000,6.7384,-0.0000,-0.9983,0.0000,-0.0588,0.0000,70.5888,26.8221,0.0000,-0.0606,0.0000,0.0000,0.8000,-7.2974,0.000000,0.000000,0.00,0.00
10.0400,1033.1382,0.0000,2829.5751,63.0447,0.0000,31.7858,-0.0000,6.6867,-0.0000,-0.9983,0.0000,-0.0583,0.0000,70.5965,26.7892,0.0000,-0.0604,0.0000,0.0000,0.8000,-7.3172,0.000000,0.000000,0.00,0.00
10.0500,1033.8014,0.0000,2829.3327,63.0700,0.0000,31.7531,-0.0000,6.6353,-0.0000,-0.9983,0.0000,-0.0579,0.0000,70.6043,26.7563,0.0000,-0.0602,0.0000,0.0000,0.8000,-7.3375,0.000000,0.000000,0.00,0.00
10.0600,1034.4645,0.0000,2829.0900,63.0954,0.0000,31.7204,-0.0000,6.5840,-0.0000,-0.9983,0.0000,-0.0574,0.0000,70.6122,26.7233,0.0000,-0.0600,0.0000,0.0000,0.8000,-7.3583,0.000000,0.000000,0.00,0.00
10.0700,1035.1277,0.0000,2828.8472,63.1209,0.0000,31.6877,-0.0000,6.5330,-0.0000,-0.9984,0.0000,-0.0570,0.0000,70.6202,26.6904,0.0000,-0.0598,0.0000,0.0000,0.8000,-7.3795,0.000000,0.000000,0.00,0.00
10.0800,1035.7909,0.0000,2828.6040,63.1464,0.0000,31.6550,-0.0000,6.4822,-0.0000,-0.9984,0.0000,-0.0565,0.0000,70.6283,26.6574,0.0000,-0.0596,0.0000,0.0000,0.8000,-7.4013,0.000000,0.000000,0.00,0.00
10.0900,1036.4540,0.0000,2828.3607,63.1720,0.0000,31.6223,-0.0000,6.4315,-0.0000,-0.9984,0.0000,-0.0561,0.0000,70.6365,26.6244,0.0000,-0.0594,0.0000,0.0000,0.8000,-7.4235,0.000000,0.000000,0.00,0.00
10.1000,1037.1172,0.0000,2828.1171,63.1977,0.0000,31.5895,-0.0000,6.3811,-0.0000,-0.9984,0.0000,-0.0557,0.0000,70.6447,26.5914,0.0000,-0.0592,0.0000,0.0000,0.8000,-7.4462,0.000000,0.000000,0.00,0.00
10.1100,1037.7804,0.0000,2827.8733,63.2235,0.0000,31.5568,-0.0000,6.3309,-0.0000,-0.9985,0.0000,-0.0552,0.0000,70.6530,26.5583,0.0000,-0.0590,0.0000,0.0000,0.8000,-7.4694,0.000000,0.000000,0.00,0.00
10.1200,1038.4435,0.0000,2827.6292,63.2493,0.0000,31.5240,-0.0000,6.2809,-0.0000,-0.9985,0.0000,-0.0548,0.0000,70.6614,26.5252,0.0000,-0.0588,0.0000,0.0000,0.8000,-7.4931,0.000000,0.000000,0.00,0.00
10.1300,1039.1067,0.0000,2827.3850,63.2752,0.0000,31.4912,-0.0000,6.2311,-0.0000,-0.9985,0.0000,-0.0543,0.0000,70.6699,26.4921,0.0000,-0.0586,0.0000,0.0000,0.8000,-7.5173,0.000000,0.000000,0.00,0.00
10.1400,1039.7699,0.0000,2827.1405,63.3012,0.0000,31.4584,-0.0000,6.1815,-0.0000,-0.9985,0.0000,-0.0539,0.0000,70.6785,26.4589,0.0000,-0.0584,0.0000,0.0000,0.8000,-7.5420,0.000000,0.000000,0.00,0.00
10.1500,1040.4331,0.0000,2826.8958,63.3273,0.0000,31.4255,-0.0000,6.1321,-0.0000,-0.9986,0.0000,-0.0535,0.0000,70.6871,26.4257,0.0000,-0.0582,0.0000,0.0000,0.8000,-7.5672,0.000000,0.000000,0.00,0.00
10.1600,1041.0964,0.0000,2826.6509,63.3534,0.0000,31.3926,-0.0000,6.0829,-0.0000,-0.9986,0.0000,-0.0531,0.0000,70.6959,26.3925,0.0000,-0.0580,0.0000,0.0000,0.8000,-7.5929,0.000000,0.000000,0.00,0.00
10.1700,1041.7596,0.0000,2826.4057,63.3796,0.0000,31.3597,-0.0000,6.0340,-0.0000,-0.9986,0.0000,-0.0526,0.0000,70.7047,26.3591,0.0000,-0.0578,0.0000,0.0000,0.8000,-7.6190,0.000000,0.000000,0.00,0.00
10.1800,1042.4229,0.0000,2826.1604,63.4060,0.0000,31.3267,-0.0000,5.9852,-0.0000,-0.9986,0.0000,-0.0522,0.0000,70.7136,26.3258,0.0000,-0.0576,0.0000,0.0000,0.8000,-7.6457,0.000000,0.000000,0.00,0.00
10.1900,1043.0862,0.0000,2825.9149,63.4324,0.0000,31.2936,-0.0000,5.9367,-0.0000,-0.9987,0.0000,-0.0518,0.0000,70.7225,26.2924,0.0000,-0.0574,0.0000,0.0000,0.8000,-7.6730,0.000000,0.000000,0.00,0.00
10.2000,1043.7495,0.0000,2825.6691,63.4589,0.0000,31.2605,-0.0000,5.8884,-0.0000,-0.9987,0.0000,-0.0514,0.0000,70.7316,26.2589,0.0000,-0.0572,0.0000,0.0000,0.8000,-7.7007,0.000000,0.000000,0.00,0.00
10.2100,1044.4128,0.0000,2825.4231,63.4854,0.0000,31.2274,-0.0000,5.8403,-0.0000,-0.9987,0.0000,-0.0509,0.0000,70.7407,26.2254,0.0000,-0.0569,0.0000,0.0000,0.8000,-7.7289,0.000000,0.000000,0.00,0.00
10.2200,1045.0761,0.0000,2825.1770,63.5121,0.0000,31.1942,-0.0000,5.7924,-0.0000,-0.9987,0.0000,-0.0505,0.0000,70.7499,26.1918,0.0000,-0.0567,0.0000,0.0000,0.8000,-7.7576,0.000000,0.000000,0.00,0.00
10.2300,1045.7395,0.0000,2824.9307,63.5389,0.0000,31.1609,-0.0000,5.7448,-0.0000,-0.9987,0.0000,-0.0501,0.0000,70.7592,26.1581,0.0000,-0.0565,0.0000,0.0000,0.8000,-7.7869,0.000000,0.000000,0.00,0.00
10.2400,1046.4029,0.0000,2824.6841,63.5657,0.0000,31.1276,-0.0000,5.6973,-0.0000,-0.9988,0.0000,-0.0497,0.0000,70.7686,26.1244,0.0000,-0.0563,0.0000,0.0000,0.8000,-7.8166,0.000000,0.000000,0.00,0.00
10.2500,1047.0663,0.0000,2824.4374,63.5927,0.0000,31.0941,-0.0000,5.6501,-0.0000,-0.9988,0.0000,-0.0493,0.0000,70.7780,26.0906,0.0000,-0.0560,0.0000,0.0000,0.8000,-7.8468,0.000000,0.000000,0.00,0.00
10.2600,1047.7298,0.0000,2824.1905,63.6197,0.0000,31.0607,-0.0000,5.6032,-0.0000,-0.9988,0.0000,-0.0489,0.0000,70.7875,26.0567,0.0000,-0.0558,0.0000,0.0000,0.8000,-7.8776,0.000000,0.000000,0.00,0.00
10.2700,1048.3933,0.0000,2823.9434,63.6468,0.0000,31.0271,-0.0000,5.5564,-0.0000,-0.9988,0.0000,-0.0485,0.0000,70.7971,26.0227,0.0000,-0.0556,0.0000,0.0000,0.8000,-7.9088,0.000000,0.000000,0.00,0.00
10.2800,1049.0568,0.0000,2823.6961,63.6741,0.0000,30.9934,-0.0000,5.5099,-0.0000,-0.9988,0.0000,-0.0481,0.0000,70.8068,25.9887,0.0000,-0.0553,0.0000,0.0000,0.8000,-7.9405,0.000000,0.000000,0.00,0.00
10.2900,1049.7204,0.0000,2823.4486,63.7014,0.0000,30.9597,-0.0000,5.4636,-0.0000,-0.9989,0.0000,-0.0477,0.0000,70.8165,25.9546,0.0000,-0.0551,0.0000,0.0000,0.8000,-7.9728,0.000000,0.000000,0.00,0.00
10.3000,1050.3840,0.0000,2823.2010,63.7288,0.0000,30.9259,-0.0000,5.4175,-0.0000,-0.9989,0.0000,-0.0473,0.0000,70.8263,25.9203,0.0000,-0.0549,0.0000,0.0000,0.8000,-8.0055,0.000000,0.000000,0.00,0.00
10.3100,1051.0477,0.0000,2822.9532,63.7563,0.0000,30.8919,-0.0000,5.3717,-0.0000,-0.9989,0.0000,-0.0469,0.0000,70.8362,25.8860,0.0000,-0.0546,0.0000,0.0000,0.8000,-8.0386,0.000000,0.000000,0.00,0.00
10.3200,1051.7114,0.0000,2822.7053,63.7840,0.0000,30.8579,-0.0000,5.3260,-0.0000,-0.9989,0.0000,-0.0465,0.0000,70.8462,25.8516,0.0000,-0.0544,0.0000,0.0000,0.8000,-8.0723,0.000000,0.000000,0.00,0.00
10.3300,1052.3752,0.0000,2822.4571,63.8117,0.0000,30.8238,-0.0000,5.2807,-0.0000,-0.9989,0.0000,-0.0461,0.0000,70.8562,25.8171,0.0000,-0.0542,0.0000,0.0000,0.8000,-8.1064,0.000000,0.000000,0.00,0.00
10.3400,1053.0390,0.0000,2822.2089,63.8395,0.0000,30.7896,-0.0000,5.2355,-0.0000,-0.9990,0.0000,-0.0457,0.0000,70.8663,25.7826,0.0000,-0.0539,0.0000,0.0000,0.8000,-8.1410,0.000000,0.000000,0.00,0.00
10.3500,1053.7028,0.0000,2821.9604,63.8674,0.0000,30.7553,-0.0000,5.1906,-0.0000,-0.9990,0.0000,-0.0453,0.0000,70.8765,25.7479,0.0000,-0.0537,0.0000,0.0000,0.8000,-8.1760,0.000000,0.000000,0.00,0.00
10.3600,1054.3667,0.0000,2821.7118,63.8955,0.0000,30.7208,-0.0000,5.1459,-0.0000,-0.9990,0.0000,-0.0449,0.0000,70.8868,25.7131,0.0000,-0.0534,0.0000,0.0000,0.8000,-8.2115,0.000000,0.000000,0.00,0.00
10.3700,1055.0307,0.0000,2821.4631,63.9236,0.0000,30.6863,-0.0000,5.1015,-0.0000,-0.9990,0.0000,-0.0445,0.0000,70.8971,25.6782,0.0000,-0.0532,0.0000,0.0000,0.8000,-8.2474,0.000000,0.000000,0.00,0.00
10.3800,1055.6947,0.0000,2821.2142,63.9519,0.0000,30.6516,-0.0000,5.0573,-0.0000,-0.9990,0.0000,-0.0441,0.0000,70.9075,25.6431,0.0000,-0.0529,0.0000,0.0000,0.8000,-8.2837,0.000000,0.000000,0.00,0.00
10.3900,1056.3588,0.0000,2820.9652,63.9802,0.0000,30.6168,-0.0000,5.0133,-0.0000,-0.9990,0.0000,-0.0437,0.0000,70.9180,25.6080,0.0000,-0.0527,0.0000,0.0000,0.8000,-8.3204,0.000000,0.000000,0.00,0.00
10.4000,1057.0229,0.0000,2820.7161,64.0087,0.0000,30.5819,-0.0000,4.9696,-0.0000,-0.9991,0.0000,-0.0434,0.0000,70.9285,25.5728,0.0000,-0.0524,0.0000,0.0000,0.8000,-8.3575,0.000000,0.000000,0.00,0.00
10.4100,1057.6871,0.0000,2820.4668,64.0372,0.0000,30.5469,-0.0000,4.9261,-0.0000,-0.9991,0.0000,-0.0430,0.0000,70.9391,25.5374,0.0000,-0.0521,0.0000,0.0000,0.8000,-8.3950,0.000000,0.000000,0.00,0.00
10.4200,1058.3514,0.0000,2820.2174,64.0659,0.0000,30.5117,-0.0000,4.8829,-0.0000,-0.9991,0.0000,-0.0426,0.0000,70.9498,25.5020,0.0000,-0.0519,0.0000,0.0000,0.8000,-8.4328,0.000000,0.000000,0.00,0.00
10.4300,1059.0157,0.0000,2819.9678,64.0947,0.0000,30.4765,-0.0000,4.8398,-0.0000,-0.9991,0.0000,-0.0422,0.0000,70.9606,25.4664,0.0000,-0.0516,0.0000,0.0000,0.8000,-8.4710,0.000000,0.000000,0.00,0.00
10.4400,1059.6801,0.0000,2819.7182,64.1235,0.0000,30.4411,-0.0000,4.7971,-0.0000,-0.9991,0.0000,-0.0419,0.0000,70.9714,25.4307,0.0000,-0.0513,0.0000,0.0000,0.8000,-8.5096,0.000000,0.000000,0.00,0.00
10.4500,1060.3446,0.0000,2819.4684,64.1525,0.0000,30.4055,-0.0000,4.7546,-0.0000,-0.9991,0.0000,-0.0415,0.0000,70.9823,25.3949,0.0000,-0.0511,0.0000,0.0000,0.8000,-8.5484,0.000000,0.000000,0.00,0.00
10.4600,1061.0092,0.0000,2819.2185,64.1816,0.0000,30.3698,-0.0000,4.7123,-0.0000,-0.9992,0.0000,-0.0411,0.0000,70.9933,25.3589,0.0000,-0.0508,0.0000,0.0000,0.8000,-8.5875,0.000000,0.000000,0.00,0.00
10.4700,1061.6738,0.0000,2818.9685,64.2108,0.0000,30.3340,-0.0000,4.6703,-0.0000,-0.9992,0.0000,-0.0407,0.0000,71.0043,25.3229,0.0000,-0.0505,0.0000,0.0000,0.8000,-8.6269,0.000000,0.000000,0.00,0.00
10.4800,1062.3385,0.0000,2818.7184,64.2401,0.0000,30.2981,-0.0000,4.6285,-0.0000,-0.9992,0.0000,-0.0404,0.0000,71.0154,25.2867,0.0000,-0.0503,0.0000,0.0000,0.8000,-8.6666,0.000000,0.000000,0.00,0.00
10.4900,1063.0033,0.0000,2818.4682,64.2696,0.0000,30.2620,-0.0000,4.5870,-0.0000,-0.9992,0.0000,-0.0400,0.0000,71.0265,25.2503,0.0000,-0.0500,0.0000,0.0000,0.8000,-8.7065,0.000000,0.000000,0.00,0.00
10.5000,1063.6682,0.0000,2818.2179,64.2991,0.0000,30.2258,-0.0000,4.5457,-0.0000,-0.9992,0.0000,-0.0397,0.0000,71.0378,25.2139,0.0000,-0.0497,0.0000,0.0000,0.8000,-8.7466,0.000000,0.000000,0.00,0.00
10.5100,1064.3332,0.0000,2817.9675,64.3287,0.0000,30.1894,-0.0000,4.5047,-0.0000,-0.9992,0.0000,-0.0393,0.0000,71.0491,25.1773,0.0000,-0.0495,0.0000,0.0000,0.8000,-8.7869,0.000000,0.000000,0.00,0.00
10.5200,1064.9982,0.0000,2817.7170,64.3585,0.0000,30.1529,-0.0000,4.4639,-0.0000,-0.9992,0.0000,-0.0389,0.0000,71.0604,25.1406,0.0000,-0.0492,0.0000,0.0000,0.8000,-8.8274,0.000000,0.000000,0.00,0.00
10.5300,1065.6634,0.0000,2817.4665,64.3883,0.0000,30.1163,-0.0000,4.4234,-0.0000,-0.9993,0.0000,-0.0386,0.0000,71.0719,25.1038,0.0000,-0.0489,0.0000,0.0000,0.8000,-8.8680,0.000000,0.000000,0.00,0.00
10.5400,1066.3286,0.0000,2817.2158,64.4183,0.0000,30.0795,-0.0000,4.3831,-0.0000,-0.9993,0.0000,-0.0382,0.0000,71.0834,25.0668,0.0000,-0.0486,0.0000,0.0000,0.8000,-8.9087,0.000000,0.000000,0.00,0.00
10.5500,1066.9940,0.0000,2816.9651,64.4483,0.0000,30.0425,-0.0000,4.3431,-0.0000,-0.9993,0.0000,-0.0379,0.0000,71.0949,25.0298,0.0000,-0.0483,0.0000,0.0000,0.8000,-8.9495,0.000000,0.000000,0.00,0.00
10.5600,1067.6594,0.0000,2816.7143,64.4785,0.0000,30.0055,-0.0000,4.3033,-0.0000,-0.9993,0.0000,-0.0375,0.0000,71.1065,24.9926,0.0000,-0.0481,0.0000,0.0000,0.8000,-8.9903,0.000000,0.000000,0.00,0.00
10.5700,1068.3249,0.0000,2816.4634,64.5087,0.0000,29.9683,-0.0000,4.2637,-0.0000,-0.9993,0.0000,-0.0372,0.0000,71.1182,24.9552,0.0000,-0.0478,0.0000,0.0000,0.8000,-9.0312,0.000000,0.000000,0.00,0.00
10.5800,1068.9906,0.0000,2816.2125,64.5391,0.0000,29.9309,-0.0000,4.2245,-0.0000,-0.9993,0.0000,-0.0369,0.0000,71.1300,24.9178,0.0000,-0.0475,0.0000,0.0000,0.8000,-9.0721,0.000000,0.000000,0.00,0.00
10.5900,1069.6563,0.0000,2815.9615,64.5696,0.0000,29.8934,-0.0000,4.1854,-0.0000,-0.9993,0.0000,-0.0365,0.0000,71.1418,24.8802,0.0000,-0.0472,0.0000,0.0000,0.8000,-9.1129,0.000000,0.000000,0.00,0.00
10.6000,1070.3221,0.0000,2815.7105,64.6001,0.0000,29.8558,-0.0000,4.1467,-0.0000,-0.9993,0.0000,-0.0362,0.0000,71.1537,24.8425,0.0000,-0.0469,0.0000,0.0000,0.8000,-9.1537,0.000000,0.000000,0.00,0.00
10.6100,1070.9881,0.0000,2815.4594,64.6308,0.0000,29.8180,-0.0000,4.1082,-0.0000,-0.9994,0.0000,-0.0358,0.0000,71.1656,24.8046,0.0000,-0.0467,0.0000,0.0000,0.8000,-9.1944,0.000000,0.000000,0.00,0.00
10.6200,1071.6542,0.0000,2815.2083,64.6616,0.0000,29.7801,-0.0000,4.0699,-0.0000,-0.9994,0.0000,-0.0355,0.0000,71.1776,24.7667,0.0000,-0.0464,0.0000,0.0000,0.8000,-9.2350,0.000000,0.000000,0.00,0.00
10.6300,1072.3203,0.0000,2814.9571,64.6924,0.0000,29.7421,-0.0000,4.0319,-0.0000,-0.9994,0.0000,-0.0352,0.0000,71.1897,24.7286,0.0000,-0.0461,0.0000,0.0000,0.8000,-9.2754,0.000000,0.000000,0.00,0.00
10.6400,1072.9866,0.0000,2814.7059,64.7234,0.0000,29.7039,-0.0000,3.9941,-0.0000,-0.9994,0.0000,-0.0348,0.0000,71.2018,24.6904,0.0000,-0.0458,0.0000,0.0000,0.8000,-9.3157,0.000000,0.000000,0.00,0.00
10.6500,1073.6530,0.0000,2814.4546,64.7544,0.0000,29.6656,-0.0000,3.9566,-0.0000,-0.9994,0.0000,-0.0345,0.0000,71.2140,24.6521,0.0000,-0.0455,0.0000,0.0000,0.8000,-9.3557,0.000000,0.000000,0.00,0.00
10.6600,1074.3196,0.0000,2814.2033,64.7855,0.0000,29.6272,-0.0000,3.9194,-0.0000,-0.9994,0.0000,-0.0342,0.0000,71.2263,24.6137,0.0000,-0.0452,0.0000,0.0000,0.8000,-9.3955,0.000000,0.000000,0.00,0.00
10.6700,1074.9862,0.0000,2813.9520,64.8168,0.0000,29.5886,-0.0000,3.8824,-0.0000,-0.9994,0.0000,-0.0339,0.0000,71.2386,24.5752,0.0000,-0.0449,0.0000,0.0000,0.8000,-9.4350,0.000000,0.000000,0.00,0.00
10.6800,1075.6530,0.0000,2813.7007,64.8481,0.0000,29.5499,-0.0000,3.8456,-0.0000,-0.9994,0.0000,-0.0336,0.0000,71.2509,24.5365,0.0000,-0.0447,0.0000,0.0000,0.8000,-9.4741,0.000000,0.000000,0.00,0.00
10.6900,1076.3199,0.0000,2813.4493,64.8794,0.0000,29.5111,-0.0000,3.8091,-0.0000,-0.9994,0.0000,-0.0332,0.0000,71.2634,24.4978,0.0000,-0.0444,0.0000,0.0000,0.8000,-9.5130,0.000000,0.000000,0.00,0.00
10.7000,1076.9869,0.0000,2813.1980,64.9109,0.0000,29.4722,-0.0000,3.7729,-0.0000,-0.9995,0.0000,-0.0329,0.0000,71.2759,24.4589,0.0000,-0.0441,0.0000,0.0000,0.8000,-9.5514,0.000000,0.000000,0.00,0.00
10.7100,1077.6541,0.0000,2812.9466,64.9425,0.0000,29.4332,-0.0000,3.7369,-0.0000,-0.9995,0.0000,-0.0326,0.0000,71.2884,24.4200,0.0000,-0.0438,0.0000,0.0000,0.8000,-9.5895,0.000000,0.000000,0.00,0.00
10.7200,1078.3214,0.0000,2812.6952,64.9741,0.0000,29.3941,-0.0000,3.7011,-0.0000,-0.9995,0.0000,-0.0323,0.0000,71.3010,24.3810,0.0000,-0.0435,0.0000,0.0000,0.8000,-9.6272,0.000000,0.000000,0.00,0.00
10.7300,1078.9888,0.0000,2812.4438,65.0058,0.0000,29.3549,-0.0000,3.6656,-0.0000,-0.9995,0.0000,-0.0320,0.0000,71.3137,24.3419,0.0000,-0.0432,0.0000,0.0000,0.8000,-9.6643,0.000000,0.000000,0.00,0.00
10.7400,1079.6564,0.0000,2812.1924,65.0376,0.0000,29.3155,-0.0000,3.6303,-0.0000,-0.9995,0.0000,-0.0317,0.0000,71.3264,24.3026,0.0000,-0.0429,0.0000,0.0000,0.8000,-9.7010,0.000000,0.000000,0.00,0.00
10.7500,1080.3241,0.0000,2811.9411,65.0694,0.0000,29.2761,-0.0000,3.5953,-0.0000,-0.9995,0.0000,-0.0314,0.0000,71.3392,24.2634,0.0000,-0.0427,0.0000,0.0000,0.8000,-9.7372,0.000000,0.000000,0.00,0.00
10.7600,1080.9919,0.0000,2811.6897,65.1013,0.0000,29.2366,-0.0000,3.5606,-0.0000,-0.9995,0.0000,-0.0311,0.0000,71.3521,24.2240,0.0000,-0.0424,0.0000,0.0000,0.8000,-9.7728,0.000000,0.000000,0.00,0.00
10.7700,1081.6599,0.0000,2811.4383,65.1333,0.0000,29.1970,-0.0000,3.5260,-0.0000,-0.9995,0.0000,-0.0308,0.0000,71.3650,24.1845,0.0000,-0.0421,0.0000,0.0000,0.8000,-9.8079,0.000000,0.000000,0.00,0.00
10.7800,1082.3280,0.0000,2811.1870,65.1653,0.0000,29.1573,-0.0000,3.4918,-0.0000,-0.9995,0.0000,-0.0305,0.0000,71.3779,24.1450,0.0000,-0.0418,0.0000,0.0000,0.8000,-9.8423,0.000000,0.000000,0.00,0.00
10.7900,1082.9963,0.0000,2810.9356,65.1974,0.0000,29.1175,-0.0000,3.4577,-0.0000,-0.9995,0.0000,-0.0302,0.0000,71.3909,24.1055,0.0000,-0.0415,0.0000,0.0000,0.8000,-9.8762,0.000000,0.000000,0.00,0.00
10.8000,1083.6647,0.0000,2810.6843,65.2295,0.0000,29.0777,-0.0000,3.4240,-0.0000,-0.9996,0.0000,-0.0299,0.0000,71.4040,24.0658,0.0000,-0.0413,0.0000,0.0000,0.8000,-9.9094,0.000000,0.000000,0.00,0.00
10.8100,1084.3333,0.0000,2810.4330,65.2617,0.0000,29.0378,-0.0000,3.3904,-0.0000,-0.9996,0.0000,-0.0296,0.0000,71.4171,24.0261,0.0000,-0.0410,0.0000,0.0000,0.8000,-9.9420,0.000000,0.000000,0.00,0.00
10.8200,1085.0020,0.0000,2810.1818,65.2940,0.0000,28.9979,-0.0000,3.3571,-0.0000,-0.9996,0.0000,-0.0293,0.0000,71.4303,23.9864,0.0000,-0.0407,0.0000,0.0000,0.8000,-9.9738,0.000000,0.000000,0.00,0.00
10.8300,1085.6709,0.0000,2809.9305,65.3263,0.0000,28.9579,-0.0000,3.3240,-0.0000,-0.9996,0.0000,-0.0290,0.0000,71.4436,23.9466,0.0000,-0.0404,0.0000,0.0000,0.8000,-10.0050,0.000000,0.000000,0.00,0.00
10.8400,1086.3399,0.0000,2809.6793,65.3586,0.0000,28.9178,-0.0000,3.2912,-0.0000,-0.9996,0.0000,-0.0287,0.0000,71.4569,23.9068,0.0000,-0.0402,0.0000,0.0000,0.8000,-10.0355,0.000000,0.000000,0.00,0.00
10.8500,1087.0091,0.0000,2809.4282,65.3910,0.0000,28.8777,-0.0000,3.2586,-0.0000,-0.9996,0.0000,-0.0284,0.0000,71.4702,23.8669,0.0000,-0.0399,0.0000,0.0000,0.8000,-10.0653,0.000000,0.000000,0.00,0.00
10.8600,1087.6785,0.0000,2809.1771,65.4234,0.0000,28.8376,-0.0000,3.2262,-0.0000,-0.9996,0.0000,-0.0282,0.0000,71.4836,23.8270,0.0000,-0.0396,0.0000,0.0000,0.8000,-10.0943,0.000000,0.000000,0.00,0.00
10.8700,1088.3480,0.0000,2808.9260,65.4559,0.0000,28.7975,-0.0000,3.1941,-0.0000,-0.9996,0.0000,-0.0279,0.0000,71.4971,23.7871,0.0000,-0.0394,0.0000,0.0000,0.8000,-10.1225,0.000000,0.000000,0.00,0.00
10.8800,1089.0177,0.0000,2808.6750,65.4883,0.0000,28.7573,-0.0000,3.1621,-0.0000,-0.9996,0.0000,-0.0276,0.0000,71.5106,23.7472,0.0000,-0.0391,0.0000,0.0000,0.8000,-10.1500,0.000000,0.000000,0.00,0.00
10.8900,1089.6875,0.0000,2808.4240,65.5208,0.0000,28.7171,-0.0000,3.1305,-0.0000,-0.9996,0.0000,-0.0273,0.0000,71.5241,23.7073,0.0000,-0.0388,0.0000,0.0000,0.8000,-10.1768,0.000000,0.000000,0.00,0.00
10.9000,1090.3575,0.0000,2808.1730,65.5534,0.0000,28.6769,-0.0000,3.0990,-0.0000,-0.9996,0.0000,-0.0270,0.0000,71.5378,23.6673,0.0000,-0.0386,0.0000,0.0000,0.8000,-10.2027,0.000000,0.000000,0.00,0.00
10.9100,1091.0276,0.0000,2807.9221,65.5859,0.0000,28.6366,-0.0000,3.0678,-0.0000,-0.9996,0.0000,-0.0268,0.0000,71.5514,23.6274,0.0000,-0.0383,0.0000,0.0000,0.8000,-10.2279,0.000000,0.000000,0.00,0.00
10.9200,1091.6980,0.0000,2807.6713,65.6185,0.0000,28.5964,-0.0000,3.0367,-0.0000,-0.9996,0.0000,-0.0265,0.0000,71.5651,23.5874,0.0000,-0.0380,0.0000,0.0000,0.8000,-10.2523,0.000000,0.000000,0.00,0.00
10.9300,1092.3685,0.0000,2807.4205,65.6511,0.0000,28.5562,-0.0000,3.0060,-0.0000,-0.9997,0.0000,-0.0262,0.0000,71.5789,23.5475,0.0000,-0.0378,0.0000,0.0000,0.8000,-10.2759,0.000000,0.000000,0.00,0.00
10.9400,1093.0391,0.0000,2807.1698,65.6837,0.0000,28.5160,-0.0000,2.9754,-0.0000,-0.9997,0.0000,-0.0260,0.0000,71.5927,23.5076,0.0000,-0.0375,0.0000,0.0000,0.8000,-10.2987,0.000000,0.000000,0.00,0.00
10.9500,1093.7100,0.0000,2806.9192,65.7163,0.0000,28.4758,-0.0000,2.9450,-0.0000,-0.9997,0.0000,-0.0257,0.0000,71.6066,23.4677,0.0000,-0.0373,0.0000,0.0000,0.8000,-10.3207,0.000000,0.000000,0.00,0.00
10.9600,1094.3810,0.0000,2806.6686,65.7489,0.0000,28.4356,-0.0000,2.9149,-0.0000,-0.9997,0.0000,-0.0254,0.0000,71.6205,23.4278,0.0000,-0.0370,0.0000,0.0000,0.8000,-10.3419,0.000000,0.000000,0.00,0.00
10.9700,1095.0522,0.0000,2806.4181,65.7815,0.0000,28.3955,-0.0000,2.8849,-0.0000,-0.9997,0.0000,-0.0252,0.0000,71.6345,23.3879,0.0000,-0.0368,0.0000,0.0000,0.8000,-10.3623,0.000000,0.000000,0.00,0.00
10.9800,1095.7235,0.0000,2806.1676,65.8142,0.0000,28.3554,-0.0000,2.8552,-0.0000,-0.9997,0.0000,-0.0249,0.0000,71.6486,23.3481,0.0000,-0.0366,0.0000,0.0000,0.8000,-10.3820,0.000000,0.000000,0.00,0.00
10.9900,1096.3951,0.0000,2805.9172,65.8468,0.0000,28.3153,-0.0000,2.8257,-0.0000,-0.9997,0.0000,-0.0247,0.0000,71.6626,23.3083,0.0000,-0.0363,0.0000,0.0000,0.8000,-10.4008,0.000000,0.000000,0.00,0.00
11.0000,1097.0668,0.0000,2805.6669,65.8794,0.0000,28.2753,-0.0000,2.7964,-0.0000,-0.9997,0.0000,-0.0244,0.0000,71.6768,23.2686,0.0000,-0.0361,0.0000,0.0000,0.8000,-10.4189,0.000000,0.000000,0.00,0.00
11.0100,1097.7387,0.0000,2805.4167,65.9120,0.0000,28.2353,-0.0000,2.7673,-0.0000,-0.9997,0.0000,-0.0241,0.0000,71.6909,23.2289,0.0000,-0.0359,0.0000,0.0000,0.8000,-10.4362,0.000000,0.000000,0.00,0.00
11.0200,1098.4108,0.0000,2805.1665,65.9446,0.0000,28.1954,-0.0000,2.7383,-0.0000,-0.9997,0.0000,-0.0239,0.0000,71.7052,23.1893,0.0000,-0.0356,0.0000,0.0000,0.8000,-10.4528,0.000000,0.000000,0.00,0.00
11.0300,1099.0830,0.0000,2804.9164,65.9772,0.0000,28.1556,-0.0000,2.7096,-0.0000,-0.9997,0.0000,-0.0236,0.0000,71.7194,23.1497,0.0000,-0.0354,0.0000,0.0000,0.8000,-10.4686,0.000000,0.000000,0.00,0.00
11.0400,1099.7554,0.0000,2804.6664,66.0098,0.0000,28.1158,-0.0000,2.6811,-0.0000,-0.9997,0.0000,-0.0234,0.0000,71.7337,23.1102,0.0000,-0.0352,0.0000,0.0000,0.8000,-10.4836,0.000000,0.000000,0.00,0.00
11.0500,1100.4281,0.0000,2804.4165,66.0424,0.0000,28.0760,-0.0000,2.6528,-0.0000,-0.9997,0.0000,-0.0231,0.0000,71.7481,23.0708,0.0000,-0.0350,0.0000,0.0000,0.8000,-10.4980,0.000000,0.000000,0.00,0.00
11.0600,1101.1009,0.0000,2804.1666,66.0749,0.0000,28.0364,-0.0000,2.6247,-0.0000,-0.9997,0.0000,-0.0229,0.0000,71.7625,23.0314,0.0000,-0.0347,0.0000,0.0000,0.8000,-10.5116,0.000000,0.000000,0.00,0.00
11.0700,1101.7738,0.0000,2803.9169,66.1075,0.0000,27.9968,-0.0000,2.5967,-0.0000,-0.9997,0.0000,-0.0227,0.0000,71.7770,22.9921,0.0000,-0.0345,0.0000,0.0000,0.8000,-10.5245,0.000000,0.000000,0.00,0.00
11.0800,1102.4470,0.0000,2803.6672,66.1400,0.0000,27.9573,-0.0000,2.5689,-0.0000,-0.9997,0.0000,-0.0224,0.0000,71.7915,22.9529,0.0000,-0.0343,0.0000,0.0000,0.8000,-10.5367,0.000000,0.000000,0.00,0.00
11.0900,1103.1204,0.0000,2803.4176,66.1725,0.0000,27.9179,-0.0000,2.5414,-0.0000,-0.9998,0.0000,-0.0222,0.0000,71.8061,22.9137,0.0000,-0.0341,0.0000,0.0000,0.8000,-10.5482,0.000000,0.000000,0.00,0.00
11.1000,1103.7939,0.0000,2803.1681,66.2049,0.0000,27.8786,-0.0000,2.5140,-0.0000,-0.9998,0.0000,-0.0219,0.0000,71.8207,22.8747,0.0000,-0.0339,0.0000,0.0000,0.8000,-10.5590,0.000000,0.000000,0.00,0.00
11.1100,1104.4677,0.0000,2802.9186,66.2374,0.0000,27.8394,-0.0000,2.4868,-0.0000,-0.9998,0.0000,-0.0217,0.0000,71.8353,22.8358,0.0000,-0.0337,0.0000,0.0000,0.8000,-10.5692,0.000000,0.000000,0.00,0.00
11.1200,1105.1416,0.0000,2802.6693,66.2698,0.0000,27.8003,-0.0000,2.4597,-0.0000,-0.9998,0.0000,-0.0215,0.0000,71.8500,22.7969,0.0000,-0.0335,0.0000,0.0000,0.8000,-10.5788,0.000000,0.000000,0.00,0.00
11.1300,1105.8157,0.0000,2802.4200,66.3022,0.0000,27.7613,-0.0000,2.4329,-0.0000,-0.9998,0.0000,-0.0212,0.0000,71.8647,22.7581,0.0000,-0.0333,0.0000,0.0000,0.8000,-10.5877,0.000000,0.000000,0.00,0.00
11.1400,1106.4900,0.0000,2802.1708,66.3345,0.0000,27.7224,-0.0000,2.4062,-0.0000,-0.9998,0.0000,-0.0210,0.0000,71.8795,22.7195,0.0000,-0.0331,0.0000,0.0000,0.8000,-10.5960,0.000000,0.000000,0.00,0.00
11.1500,1107.1645,0.0000,2801.9217,66.3668,0.0000,27.6836,-0.0000,2.3797,-0.0000,-0.9998,0.0000,-0.0208,0.0000,71.8943,22.6809,0.0000,-0.0329,0.0000,0.0000,0.8000,-10.6037,0.000000,0.000000,0.00,0.00
11.1600,1107.8392,0.0000,2801.6728,66.3991,0.0000,27.6449,-0.0000,2.3533,-0.0000,-0.9998,0.0000,-0.0205,0.0000,71.9092,22.6425,0.0000,-0.0327,0.0000,0.0000,0.8000,-10.6108,0.000000,0.000000,0.00,0.00
11.1700,1108.5141,0.0000,2801.4238,66.4313,0.0000,27.6063,-0.0000,2.3271,-0.0000,-0.9998,0.0000,-0.0203,0.0000,71.9241,22.6041,0.0000,-0.0325,0.0000,0.0000,0.8000,-10.6173,0.000000,0.000000,0.00,0.00
11.1800,1109.1891,0.0000,2801.1750,66.4635,0.0000,27.5679,-0.0000,2.3011,-0.0000,-0.9998,0.0000,-0.0201,0.0000,71.9391,22.5659,0.0000,-0.0323,0.0000,0.0000,0.8000,-10.6233,0.000000,0.000000,0.00,0.00
11.1900,1109.8644,0.0000,2800.9263,66.4957,0.0000,27.5295,-0.0000,2.2753,-0.0000,-0.9998,0.0000,-0.0199,0.0000,71.9541,22.5278,0.0000,-0.0322,0.0000,0.0000,0.8000,-10.6288,0.000000,0.000000,0.00,0.00
11.2000,1110.5399,0.0000,2800.6777,66.5278,0.0000,27.4913,-0.0000,2.2496,-0.0000,-0.9998,0.0000,-0.0196,0.0000,71.9691,22.4898,0.0000,-0.0320,0.0000,0.0000,0.8000,-10.6337,0.000000,0.000000,0.00,0.00
11.2100,1111.2155,0.0000,2800.4291,66.5599,0.0000,27.4533,-0.0000,2.2240,-0.0000,-0.9998,0.0000,-0.0194,0.0000,71.9842,22.4519,0.0000,-0.0318,0.0000,0.0000,0.8000,-10.6381,0.000000,0.000000,0.00,0.00
11.2200,1111.8914,0.0000,2800.1807,66.5920,0.0000,27.4153,-0.0000,2.1986,-0.0000,-0.9998,0.0000,-0.0192,0.0000,71.9993,22.4142,0.0000,-0.0316,0.0000,0.0000,0.8000,-10.6420,0.000000,0.000000,0.00,0.00
11.2300,1112.5674,0.0000,2799.9323,66.6240,0.0000,27.3775,-0.0000,2.1734,-0.0000,-0.9998,0.0000,-0.0190,0.0000,72.0145,22.3765,0.0000,-0.0315,0.0000,0.0000,0.8000,-10.6455,0.000000,0.000000,0.00,0.00
11.2400,1113.2437,0.0000,2799.6841,66.6559,0.0000,27.3398,-0.0000,2.1483,-0.0000,-0.9998,0.0000,-0.0187,0.0000,72.0297,22.3390,0.0000,-0.0313,0.0000,0.0000,0.8000,-10.6485,0.000000,0.000000,0.00,0.00
11.2500,1113.9201,0.0000,2799.4359,66.6878,0.0000,27.3023,-0.0000,2.1234,-0.0000,-0.9998,0.0000,-0.0185,0.0000,72.0450,22.3017,0.0000,-0.0311,0.0000,0.0000,0.8000,-10.6510,0.000000,0.000000,0.00,0.00
11.2600,1114.5967,0.0000,2799.1878,66.7197,0.0000,27.2649,-0.0000,2.0986,-0.0000,-0.9998,0.0000,-0.0183,0.0000,72.0603,22.2644,0.0000,-0.0310,0.0000,0.0000,0.8000,-10.6531,0.000000,0.000000,0.00,0.00
11.2700,1115.2736,0.0000,2798.9398,66.7515,0.0000,27.2277,-0.0000,2.0739,-0.0000,-0.9998,0.0000,-0.0181,0.0000,72.0756,22.2273,0.0000,-0.0308,0.0000,0.0000,0.8000,-10.6548,0.000000,0.000000,0.00,0.00
11.2800,1115.9506,0.0000,2798.6919,66.7833,0.0000,27.1905,-0.0000,2.0494,-0.0000,-0.9998,0.0000,-0.0179,0.0000,72.0910,22.1903,0.0000,-0.0307,0.0000,0.0000,0.8000,-10.6560,0.000000,0.000000,0.00,0.00
11.2900,1116.6278,0.0000,2798.4441,66.8150,0.0000,27.1536,-0.0000,2.0251,-0.0000,-0.9998,0.0000,-0.0177,0.0000,72.1064,22.1535,0.0000,-0.0305,0.0000,0.0000,0.8000,-10.6569,0.000000,0.000000,0.00,0.00
11.3000,1117.3052,0.0000,2798.1964,66.8466,0.0000,27.1167,-0.0000,2.0008,-0.0000,-0.9998,0.0000,-0.0175,0.0000,72.1218,22.1168,0.0000,-0.0303,0.0000,0.0000,0.8000,-10.6574,0.000000,0.000000,0.00,0.00
11.3100,1117.9829,0.0000,2797.9488,66.8783,0.0000,27.0801,-0.0000,1.9767,-0.0000,-0.9999,0.0000,-0.0172,0.0000,72.1373,22.0802,0.0000,-0.0302,0.0000,0.0000,0.8000,-10.6575,0.000000,0.000000,0.00,0.00
11.3200,1118.6607,0.0000,2797.7013,66.9098,0.0000,27.0435,-0.0000,1.9528,-0.0000,-0.9999,0.0000,-0.0170,0.0000,72.1528,22.0438,0.0000,-0.0301,0.0000,0.0000,0.8000,-10.6573,0.000000,0.000000,0.00,0.00
11.3300,1119.3387,0.0000,2797.4538,66.9413,0.0000,27.0071,-0.0000,1.9290,-0.0000,-0.9999,0.0000,-0.0168,0.0000,72.1684,22.0075,0.0000,-0.0299,0.0000,0.0000,0.8000,-10.6567,0.000000,0.000000,0.00,0.00
11.3400,1120.0169,0.0000,2797.2065,66.9728,0.0000,26.9709,-0.0000,1.9053,-0.0000,-0.9999,0.0000,-0.0166,0.0000,72.1840,21.9714,0.0000,-0.0298,0.0000,0.0000,0.8000,-10.6558,0.000000,0.000000,0.00,0.00
11.3500,1120.6954,0.0000,2796.9592,67.0042,0.0000,26.9348,-0.0000,1.8817,-0.0000,-0.9999,0.0000,-0.0164,0.0000,72.1996,21.9354,0.0000,-0.0296,0.0000,0.0000,0.8000,-10.6546,0.000000,0.000000,0.00,0.00
11.3600,1121.3740,0.0000,2796.7121,67.0356,0.0000,26.8989,-0.0000,1.8582,-0.0000,-0.9999,0.0000,-0.0162,0.0000,72.2153,21.8995,0.0000,-0.0295,0.0000,0.0000,0.8000,-10.6531,0.000000,0.000000,0.00,0.00
11.3700,1122.0528,0.0000,2796.4650,67.0669,0.0000,26.8631,-0.0000,1.8349,-0.0000,-0.9999,0.0000,-0.0160,0.0000,72.2310,21.8638,0.0000,-0.0294,0.0000,0.0000,0.8000,-10.6513,0.000000,0.000000,0.00,0.00
11.3800,1122.7318,0.0000,2796.2181,67.0982,0.0000,26.8275,-0.0000,1.8117,-0.0000,-0.9999,0.0000,-0.0158,0.0000,72.2468,21.8282,0.0000,-0.0292,0.0000,0.0000,0.8000,-10.6492,0.000000,0.000000,0.00,0.00
11.3900,1123.4111,0.0000,2795.9712,67.1294,0.0000,26.7920,-0.0000,1.7887,-0.0000,-0.9999,0.0000,-0.0156,0.0000,72.2626,21.7928,0.0000,-0.0291,0.0000,0.0000,0.8000,-10.6468,0.000000,0.000000,0.00,0.00
11.4000,1124.0905,0.0000,2795.7244,67.1605,0.0000,26.7567,-0.0000,1.7657,-0.0000,-0.9999,0.0000,-0.0154,0.0000,72.2784,21.7575,0.0000,-0.0290,0.0000,0.0000,0.8000,-10.6442,0.000000,0.000000,0.00,0.00
11.4100,1124.7701,0.0000,2795.4777,67.1916,0.0000,26.7216,-0.0000,1.7429,-0.0000,-0.9999,0.0000,-0.0152,0.0000,72.2943,21.7223,0.0000,-0.0288,0.0000,0.0000,0.8000,-10.6413,0.000000,0.000000,0.00,0.00
11.4200,1125.4500,0.0000,2795.2311,67.2227,0.0000,26.6866,-0.0000,1.7201,-0.0000,-0.9999,0.0000,-0.0150,0.0000,72.3102,21.6873,0.0000,-0.0287,0.0000,0.0000,0.8000,-10.6382,0.000000,0.000000,0.00,0.00
11.4300,1126.1300,0.0000,2794.9845,67.2537,0.0000,26.6517,-0.0000,1.6975,-0.0000,-0.9999,0.0000,-0.0148,0.0000,72.3261,21.6525,0.0000,-0.0286,0.0000,0.0000,0.8000,-10.6349,0.000000,0.000000,0.00,0.00
11.4400,1126.8102,0.0000,2794.7381,67.2846,0.0000,26.6171,-0.0000,1.6750,-0.0000,-0.9999,0.0000,-0.0146,0.0000,72.3421,21.6178,0.0000,-0.0285,0.0000,0.0000,0.8000,-10.6313,0.000000,0.000000,0.00,0.00
11.4500,1127.4907,0.0000,2794.4918,67.3155,0.0000,26.5825,-0.0000,1.6526,-0.0000,-0.9999,0.0000,-0.0144,0.0000,72.3581,21.5832,0.0000,-0.0284,0.0000,0.0000,0.8000,-10.6276,0.000000,0.000000,0.00,0.00
11.4600,1128.1713,0.0000,2794.2455,67.3463,0.0000,26.5482,-0.0000,1.6304,-0.0000,-0.9999,0.0000,-0.0142,0.0000,72.3741,21.5488,0.0000,-0.0283,0.0000,0.0000,0.8000,-10.6236,0.000000,0.000000,0.00,0.00
11.4700,1128.8522,0.0000,2793.9993,67.3771,0.0000,26.5140,-0.0000,1.6082,-0.0000,-0.9999,0.0000,-0.0140,0.0000,72.3902,21.5145,0.0000,-0.0281,0.0000,0.0000,0.8000,-10.6194,0.000000,0.000000,0.00,0.00
11.4800,1129.5332,0.0000,2793.7533,67.4079,0.0000,26.4799,-0.0000,1.5861,-0.0000,-0.9999,0.0000,-0.0138,0.0000,72.4063,21.4804,0.0000,-0.0280,0.0000,0.0000,0.8000,-10.6151,0.000000,0.000000,0.00,0.00
11.4900,1130.2145,0.0000,2793.5073,67.4385,0.0000,26.4460,-0.0000,1.5642,-0.0000,-0.9999,0.0000,-0.0136,0.0000,72.4224,21.4465,0.0000,-0.0279,0.0000,0.0000,0.8000,-10.6106,0.000000,0.000000,0.00,0.00
11.5000,1130.8959,0.0000,2793.2613,67.4692,0.0000,26.4123,-0.0000,1.5423,-0.0000,-0.9999,0.0000,-0.0135,0.0000,72.4386,21.4126,0.0000,-0.0278,0.0000,0.0000,0.8000,-10.6059,0.000000,0.000000,0.00,0.00
11.5100,1131.5776,0.0000,2793.0155,67.4997,0.0000,26.3787,-0.0000,1.5206,-0.0000,-0.9999,0.0000,-0.0133,0.0000,72.4548,21.3790,0.0000,-0.0277,0.0000,0.0000,0.8000,-10.6011,0.000000,0.000000,0.00,0.00
11.5200,1132.2594,0.0000,2792.7698,67.5302,0.0000,26.3453,-0.0000,1.4989,-0.0000,-0.9999,0.0000,-0.0131,0.0000,72.4710,21.3454,0.0000,-0.0276,0.0000,0.0000,0.8000,-10.5961,0.000000,0.000000,0.00,0.00
11.5300,1132.9415,0.0000,2792.5241,67.5607,0.0000,26.3121,-0.0000,1.4774,-0.0000,-0.9999,0.0000,-0.0129,0.0000,72.4873,21.3121,0.0000,-0.0275,0.0000,0.0000,0.8000,-10.5909,0.000000,0.000000,0.00,0.00
11.5400,1133.6238,0.0000,2792.2786,67.5911,0.0000,26.2790,-0.0000,1.4559,-0.0000,-0.9999,0.0000,-0.0127,0.0000,72.5036,21.2788,0.0000,-0.0274,0.0000,0.0000,0.8000,-10.5856,0.000000,0.000000,0.00,0.00
11.5500,1134.3062,0.0000,2792.0331,67.6215,0.0000,26.2460,-0.0000,1.4345,-0.0000,-0.9999,0.0000,-0.0125,0.0000,72.5199,21.2457,0.0000,-0.0273,0.0000,0.0000,0.8000,-10.5802,0.000000,0.000000,0.00,0.00
11.5600,1134.9889,0.0000,2791.7877,67.6518,0.0000,26.2132,-0.0000,1.4133,-0.0000,-0.9999,0.0000,-0.0123,0.0000,72.5363,21.2128,0.0000,-0.0272,0.0000,0.0000,0.8000,-10.5747,0.000000,0.000000,0.00,0.00
11.5700,1135.6718,0.0000,2791.5423,67.6820,0.0000,26.1806,-0.0000,1.3921,-0.0000,-0.9999,0.0000,-0.0121,0.0000,72.5527,21.1800,0.0000,-0.0271,0.0000,0.0000,0.8000,-10.5690,0.000000,0.000000,0.00,0.00
11.5800,1136.3549,0.0000,2791.2971,67.7122,0.0000,26.1481,-0.0000,1.3710,-0.0000,-0.9999,0.0000,-0.0120,0.0000,72.5691,21.1474,0.0000,-0.0270,0.0000,0.0000,0.8000,-10.5633,0.000000,0.000000,0.00,0.00
11.5900,1137.0382,0.0000,2791.0519,67.7424,0.0000,26.1158,-0.0000,1.3500,-0.0000,-0.9999,0.0000,-0.0118,0.0000,72.5856,21.1148,0.0000,-0.0269,0.0000,0.0000,0.8000,-10.5574,0.000000,0.000000,0.00,0.00
11.6000,1137.7217,0.0000,2790.8068,67.7725,0.0000,26.0837,-0.0000,1.3292,-0.0000,-0.9999,0.0000,-0.0116,0.0000,72.6021,21.0825,0.0000,-0.0268,0.0000,0.0000,0.8000,-10.5514,0.000000,0.000000,0.00,0.00
11.6100,1138.4054,0.0000,2790.5618,67.8025,0.0000,26.0517,-0.0000,1.3083,-0.0000,-0.9999,0.0000,-0.0114,0.0000,72.6186,21.0503,0.0000,-0.0268,0.0000,0.0000,0.8000,-10.5453,0.000000,0.000000,0.00,0.00
11.6200,1139.0893,0.0000,2790.3169,67.8325,0.0000,26.0198,-0.0000,1.2876,-0.0000,-0.9999,0.0000,-0.0112,0.0000,72.6352,21.0182,0.0000,-0.0267,0.0000,0.0000,0.8000,-10.5392,0.000000,0.000000,0.00,0.00
11.6300,1139.7734,0.0000,2790.0720,67.8625,0.0000,25.9881,-0.0000,1.2670,-0.0000,-0.9999,0.0000,-0.0111,0.0000,72.6518,20.9863,0.0000,-0.0266,0.0000,0.0000,0.8000,-10.5329,0.000000,0.000000,0.00,0.00
11.6400,1140.4577,0.0000,2789.8273,67.8923,0.0000,25.9566,-0.0000,1.2464,-0.0000,-0.9999,0.0000,-0.0109,0.0000,72.6684,20.9545,0.0000,-0.0265,0.0000,0.0000,0.8000,-10.5266,0.000000,0.000000,0.00,0.00
11.6500,1141.1422,0.0000,2789.5826,67.9222,0.0000,25.9252,-0.0000,1.2260,-0.0000,-0.9999,0.0000,-0.0107,0.0000,72.6850,20.9229,0.0000,-0.0264,0.0000,0.0000,0.8000,-10.5202,0.000000,0.000000,0.00,0.00
11.6600,1141.8269,0.0000,2789.3380,67.9520,0.0000,25.8940,-0.0000,1.2056,-0.0000,-0.9999,0.0000,-0.0105,0.0000,72.7017,20.8914,0.0000,-0.0263,0.0000,0.0000,0.8000,-10.5137,0.000000,0.000000,0.00,0.00
11.6700,1142.5118,0.0000,2789.0934,67.9817,0.0000,25.8629,-0.0000,1.1853,-0.0000,-0.9999,0.0000,-0.0103,0.0000,72.7184,20.8600,0.0000,-0.0263,0.0000,0.0000,0.8000,-10.5072,0.000000,0.000000,0.00,0.00
11.6800,1143.1969,0.0000,2788.8489,68.0114,0.0000,25.8320,-0.0000,1.1651,-0.0000,-0.9999,0.0000,-0.0102,0.0000,72.7352,20.8288,0.0000,-0.0262,0.0000,0.0000,0.8000,-10.5006,0.000000,0.000000,0.00,0.00
11.6900,1143.8823,0.0000,2788.6045,68.0410,0.0000,25.8013,-0.0000,1.1450,-0.0000,-1.0000,0.0000,-0.0100,0.0000,72.7519,20.7977,0.0000,-0.0261,0.0000,0.0000,0.8000,-10.4939,0.000000,0.000000,0.00,0.00
11.7000,1144.5678,0.0000,2788.3602,68.0706,0.0000,25.7707,-0.0000,1.1249,-0.0000,-1.0000,0.0000,-0.0098,0.0000,72.7687,20.7668,0.0000,-0.0260,0.0000,0.0000,0.8000,-10.4872,0.000000,0.000000,0.00,0.00
11.7100,1145.2535,0.0000,2788.1159,68.1002,0.0000,25.7402,-0.0000,1.1049,-0.0000,-1.0000,0.0000,-0.0096,0.0000,72.7856,20.7360,0.0000,-0.0259,0.0000,0.0000,0.8000,-10.4804,0.000000,0.000000,0.00,0.00
11.7200,1145.9395,0.0000,2787.8718,68.1297,0.0000,25.7099,-0.0000,1.0850,-0.0000,-1.0000,0.0000,-0.0095,0.0000,72.8024,20.7054,0.0000,-0.0259,0.0000,0.0000,0.8000,-10.4736,0.000000,0.000000,0.00,0.00
11.7300,1146.6256,0.0000,2787.6276,68.1591,0.0000,25.6797,-0.0000,1.0652,-0.0000,-1.0000,0.0000,-0.0093,0.0000,72.8193,20.6749,0.0000,-0.0258,0.0000,0.0000,0.8000,-10.4667,0.000000,0.000000,0.00,0.00
11.7400,1147.3120,0.0000,2787.3836,68.1885,0.0000,25.6497,-0.0000,1.0455,-0.0000,-1.0000,0.0000,-0.0091,0.0000,72.8362,20.6445,0.0000,-0.0257,0.0000,0.0000,0.8000,-10.4598,0.000000,0.000000,0.00,0.00
11.7500,1147.9985,0.0000,2787.1396,68.2178,0.0000,25.6199,-0.0000,1.0258,-0.0000,-1.0000,0.0000,-0.0090,0.0000,72.8531,20.6143,0.0000,-0.0257,0.0000,0.0000,0.8000,-10.4529,0.000000,0.000000,0.00,0.00
11.7600,1148.6853,0.0000,2786.8957,68.2471,0.0000,25.5902,-0.0000,1.0062,-0.0000,-1.0000,0.0000,-0.0088,0.0000,72.8701,20.5842,0.0000,-0.0256,0.0000,0.0000,0.8000,-10.4459,0.000000,0.000000,0.00,0.00
11.7700,1149.3722,0.0000,2786.6519,68.2764,0.0000,25.5606,-0.0000,0.9867,-0.0000,-1.0000,0.0000,-0.0086,0.0000,72.8871,20.5542,0.0000,-0.0255,0.0000,0.0000,0.8000,-10.4389,0.000000,0.000000,0.00,0.00
11.7800,1150.0594,0.0000,2786.4081,68.3056,0.0000,25.5312,-0.0000,0.9672,-0.0000,-1.0000,0.0000,-0.0084,0.0000,72.9041,20.5244,0.0000,-0.0255,0.0000,0.0000,0.8000,-10.4318,0.000000,0.000000,0.00,0.00
11.7900,1150.7468,0.0000,2786.1644,68.3347,0.0000,25.5019,-0.0000,0.9478,-0.0000,-1.0000,0.0000,-0.0083,0.0000,72.9212,20.4947,0.0000,-0.0254,0.0000,0.0000,0.8000,-10.4248,0.000000,0.000000,0.00,0.00
11.8000,1151.4344,0.0000,2785.9207,68.3639,0.0000,25.4728,-0.0000,0.9285,-0.0000,-1.0000,0.0000,-0.0081,0.0000,72.9382,20.4651,0.0000,-0.0253,0.0000,0.0000,0.8000,-10.4177,0.000000,0.000000,0.00,0.00
11.8100,1152.1221,0.0000,2785.6771,68.3929,0.0000,25.4438,-0.0000,0.9093,-0.0000,-1.0000,0.0000,-0.0079,0.0000,72.9553,20.4357,0.0000,-0.0253,0.0000,0.0000,0.8000,-10.4106,0.000000,0.000000,0.00,0.00
11.8200,1152.8101,0.0000,2785.4336,68.4219,0.0000,25.4150,-0.0000,0.8901,-0.0000,-1.0000,0.0000,-0.0078,0.0000,72.9725,20.4064,0.0000,-0.0252,0.0000,0.0000,0.8000,-10.4034,0.000000,0.000000,0.00,0.00
11.8300,1153.4983,0.0000,2785.1902,68.4509,0.0000,25.3863,-0.0000,0.8710,-0.0000,-1.0000,0.0000,-0.0076,0.0000,72.9896,20.3773,0.0000,-0.0251,0.0000,0.0000,0.8000,-10.3963,0.000000,0.000000,0.00,0.00
11.8400,1154.1867,0.0000,2784.9468,68.4798,0.0000,25.3578,-0.0000,0.8520,-0.0000,-1.0000,0.0000,-0.0074,0.0000,73.0068,20.3483,0.0000,-0.0251,0.0000,0.0000,0.8000,-10.3891,0.000000,0.000000,0.00,0.00
11.8500,1154.8753,0.0000,2784.7034,68.5087,0.0000,25.3294,-0.0000,0.8330,-0.0000,-1.0000,0.0000,-0.0073,0.0000,73.0240,20.3194,0.0000,-0.0250,0.0000,0.0000,0.8000,-10.3820,0.000000,0.000000,0.00,0.00
11.8600,1155.5641,0.0000,2784.4601,68.5376,0.0000,25.3011,-0.0000,0.8141,-0.0000,-1.0000,0.0000,-0.0071,0.0000,73.0412,20.2906,0.0000,-0.0249,0.0000,0.0000,0.8000,-10.3748,0.000000,0.000000,0.00,0.00
11.8700,1156.2531,0.0000,2784.2169,68.5664,0.0000,25.2730,-0.0000,0.7953,-0.0000,-1.0000,0.0000,-0.0069,0.0000,73.0585,20.2620,0.0000,-0.0249,0.0000,0.0000,0.8000,-10.3676,0.000000,0.000000,0.00,0.00
11.8800,1156.9423,0.0000,2783.9738,68.5951,0.0000,25.2450,-0.0000,0.7765,-0.0000,-1.0000,0.0000,-0.0068,0.0000,73.0758,20.2335,0.0000,-0.0248,0.0000,0.0000,0.8000,-10.3604,0.000000,0.000000,0.00,0.00
11.8900,1157.6317,0.0000,2783.7307,68.6238,0.0000,25.2172,-0.0000,0.7578,-0.0000,-1.0000,0.0000,-0.0066,0.0000,73.0931,20.2051,0.0000,-0.0248,0.0000,0.0000,0.8000,-10.3532,0.000000,0.000000,0.00,0.00
11.9000,1158.3213,0.0000,2783.4876,68.6525,0.0000,25.1895,-0.0000,0.7392,-0.0000,-1.0000,0.0000,-0.0065,0.0000,73.1104,20.1769,0.0000,-0.0247,0.0000,0.0000,0.8000,-10.3460,0.000000,0.000000,0.00,0.00
11.9100,1159.0111,0.0000,2783.2446,68.6811,0.0000,25.1620,-0.0000,0.7206,-0.0000,-1.0000,0.0000,-0.0063,0.0000,73.1278,20.1488,0.0000,-0.0247,0.0000,0.0000,0.8000,-10.3388,0.000000,0.000000,0.00,0.00
11.9200,1159.7012,0.0000,2783.0017,68.7097,0.0000,25.1346,-0.0000,0.7021,-0.0000,-1.0000,0.0000,-0.0061,0.0000,73.1452,20.1208,0.0000,-0.0246,0.0000,0.0000,0.8000,-10.3316,0.000000,0.000000,0.00,0.00
11.9300,1160.3914,0.0000,2782.7588,68.7382,0.0000,25.1073,-0.0000,0.6837,-0.0000,-1.0000,0.0000,-0.0060,0.0000,73.1626,20.0929,0.0000,-0.0245,0.0000,0.0000,0.8000,-10.3244,0.000000,0.000000,0.00,0.00
11.9400,1161.0818,0.0000,2782.5160,68.7667,0.0000,25.0801,-0.0000,0.6653,-0.0000,-1.0000,0.0000,-0.0058,0.0000,73.1800,20.0652,0.0000,-0.0245,0.0000,0.0000,0.8000,-10.3172,0.000000,0.000000,0.00,0.00
11.9500,1161.7725,0.0000,2782.2732,68.7952,0.0000,25.0531,-0.0000,0.6470,-0.0000,-1.0000,0.0000,-0.0056,0.0000,73.1975,20.0376,0.0000,-0.0244,0.0000,0.0000,0.8000,-10.3100,0.000000,0.000000,0.00,0.00
11.9600,1162.4633,0.0000,2782.0305,68.8236,0.0000,25.0263,-0.0000,0.6287,-0.0000,-1.0000,0.0000,-0.0055,0.0000,73.2150,20.0101,0.0000,-0.0244,0.0000,0.0000,0.8000,-10.3028,0.000000,0.000000,0.00,0.00
11.9700,1163.1543,0.0000,2781.7878,68.8519,0.0000,24.9995,-0.0000,0.6105,-0.0000,-1.0000,0.0000,-0.0053,0.0000,73.2325,19.9828,0.0000,-0.0243,0.0000,0.0000,0.8000,-10.2956,0.000000,0.000000,0.00,0.00
11.9800,1163.8456,0.0000,2781.5452,68.8803,0.0000,24.9729,-0.0000,0.5923,-0.0000,-1.0000,0.0000,-0.0052,0.0000,73.2500,19.9555,0.0000,-0.0243,0.0000,0.0000,0.8000,-10.2885,0.000000,0.000000,0.00,0.00
11.9900,1164.5370,0.0000,2781.3026,68.9085,0.0000,24.9465,-0.0000,0.5743,-0.0000,-1.0000,0.0000,-0.0050,0.0000,73.2676,19.9284,0.0000,-0.0242,0.0000,0.0000,0.8000,-10.2813,0.000000,0.000000,0.00,0.00
