Time,PosX,PosY,Alt,VelN,VelE,VelD,Roll,Pitch,Yaw,Qw,Qx,Qy,Qz,TAS,Alpha,Beta,Elevator,Aileron,Rudder,Throttle,AccZ,Lat,Lon,GPS_Alt,GPS_Spd
0.0000,1.1999,0.0000,1999.9992,59.9873,0.0000,0.0844,0.0060,0.0025,0.0000,1.0000,0.0001,0.0000,-0.0000,60.0000,0.0000,0.0000,-0.0000,0.0175,0.0000,0.0000,-5.6441,37.774900,-122.419400,2000.00,60.00
0.0200,2.3995,0.0000,1999.9967,59.9748,0.0001,0.1716,0.0221,0.0100,0.0000,1.0000,0.0002,0.0001,-0.0000,59.9874,0.0806,0.0000,-0.0016,0.0175,0.0000,0.0006,-5.7856,37.774911,-122.419400,2000.00,59.99
0.0400,3.5989,0.0000,1999.9927,59.9624,0.0003,0.2614,0.0464,0.0226,0.0000,1.0000,0.0004,0.0002,-0.0000,59.9750,0.1639,0.0001,-0.0023,0.0175,0.0000,0.0013,-5.9136,37.774922,-122.419400,2000.00,59.97
0.0600,4.7980,0.0000,1999.9873,59.9500,0.0007,0.3535,0.0770,0.0403,0.0000,1.0000,0.0007,0.0004,-0.0000,59.9629,0.2497,0.0003,-0.0029,0.0174,0.0000,0.0019,-6.0565,37.774932,-122.419400,1999.99,59.96
0.0800,5.9969,0.0000,1999.9803,59.9376,0.0013,0.4477,0.1127,0.0629,0.0000,1.0000,0.0010,0.0005,-0.0000,59.9510,0.3378,0.0007,-0.0034,0.0174,0.0000,0.0025,-6.2041,37.774943,-122.419400,1999.99,59.95
0.1000,7.1955,0.0000,1999.9720,59.9253,0.0021,0.5439,0.1522,0.0903,0.0001,1.0000,0.0013,0.0008,-0.0000,59.9393,0.4280,0.0012,-0.0039,0.0173,0.0000,0.0031,-6.3562,37.774954,-122.419400,1999.98,59.94
0.1200,8.3939,0.0000,1999.9624,59.9130,0.0032,0.6417,0.1949,0.1224,0.0002,1.0000,0.0017,0.0011,-0.0000,59.9278,0.5200,0.0020,-0.0043,0.0173,0.0000,0.0036,-6.5122,37.774965,-122.419400,1999.97,59.93
0.1400,9.5921,0.0001,1999.9515,59.9006,0.0045,0.7410,0.2400,0.1588,0.0003,1.0000,0.0021,0.0014,-0.0000,59.9164,0.6137,0.0030,-0.0046,0.0173,0.0000,0.0042,-6.6719,37.774975,-122.419400,1999.96,59.91
0.1600,10.7900,0.0001,1999.9394,59.8883,0.0061,0.8413,0.2871,0.1995,0.0004,1.0000,0.0025,0.0017,-0.0000,59.9052,0.7087,0.0043,-0.0049,0.0173,0.0000,0.0048,-6.8346,37.774986,-122.419400,1999.95,59.90
0.1800,11.9877,0.0002,1999.9262,59.8758,0.0079,0.9424,0.3356,0.2441,0.0006,1.0000,0.0029,0.0021,-0.0000,59.8942,0.8048,0.0058,-0.0051,0.0172,0.0000,0.0053,-6.9999,37.774997,-122.419400,1999.94,59.89
0.2000,13.1852,0.0002,1999.9119,59.8633,0.0101,1.0441,0.3854,0.2925,0.0009,1.0000,0.0034,0.0026,-0.0000,59.8832,0.9017,0.0076,-0.0053,0.0172,0.0000,0.0059,-7.1672,37.775008,-122.419400,1999.93,59.88
0.2200,14.3824,0.0003,1999.8967,59.8507,0.0125,1.1459,0.4360,0.3443,0.0012,1.0000,0.0038,0.0030,-0.0000,59.8724,0.9992,0.0096,-0.0053,0.0172,0.0000,0.0065,-7.3361,37.775018,-122.419400,1999.91,59.87
0.2400,15.5795,0.0004,1999.8805,59.8380,0.0152,1.2477,0.4874,0.3993,0.0016,1.0000,0.0043,0.0035,-0.0000,59.8617,1.0969,0.0120,-0.0054,0.0172,0.0000,0.0070,-7.5060,37.775029,-122.419400,1999.90,59.86
0.2600,16.7762,0.0006,1999.8635,59.8253,0.0182,1.3489,0.5394,0.4572,0.0021,1.0000,0.0047,0.0040,-0.0000,59.8510,1.1945,0.0146,-0.0053,0.0172,0.0000,0.0076,-7.6763,37.775040,-122.419400,1999.88,59.85
0.2800,17.9728,0.0007,1999.8456,59.8124,0.0214,1.4495,0.5918,0.5176,0.0027,1.0000,0.0052,0.0045,-0.0000,59.8405,1.2917,0.0174,-0.0052,0.0172,0.0000,0.0081,-7.8464,37.775051,-122.419400,1999.86,59.83
0.3000,19.1692,0.0009,1999.8271,59.7994,0.0249,1.5490,0.6445,0.5802,0.0033,1.0000,0.0056,0.0051,0.0000,59.8299,1.3882,0.0205,-0.0051,0.0172,0.0000,0.0086,-8.0158,37.775061,-122.419400,1999.85,59.82
0.3200,20.3653,0.0012,1999.8079,59.7863,0.0286,1.6471,0.6975,0.6448,0.0041,1.0000,0.0061,0.0056,0.0000,59.8195,1.4838,0.0238,-0.0049,0.0172,-0.0000,0.0092,-8.1840,37.775072,-122.419400,1999.83,59.81
0.3400,21.5612,0.0015,1999.7882,59.7732,0.0326,1.7435,0.7507,0.7109,0.0050,1.0000,0.0066,0.0062,0.0000,59.8090,1.5780,0.0274,-0.0047,0.0172,-0.0000,0.0097,-8.3502,37.775083,-122.419400,1999.81,59.80
0.3600,22.7569,0.0018,1999.7679,59.7599,0.0368,1.8379,0.8041,0.7783,0.0061,1.0000,0.0070,0.0068,0.0000,59.7986,1.6707,0.0312,-0.0044,0.0172,-0.0000,0.0103,-8.5141,37.775094,-122.419400,1999.79,59.79
0.3800,23.9524,0.0022,1999.7471,59.7466,0.0413,1.9300,0.8576,0.8465,0.0072,0.9999,0.0075,0.0074,0.0000,59.7882,1.7615,0.0353,-0.0041,0.0171,-0.0001,0.0108,-8.6750,37.775104,-122.419400,1999.77,59.78
0.4000,25.1477,0.0026,1999.7260,59.7332,0.0459,2.0196,0.9111,0.9153,0.0085,0.9999,0.0080,0.0080,0.0000,59.7778,1.8502,0.0395,-0.0037,0.0171,-0.0001,0.0114,-8.8323,37.775115,-122.419400,1999.75,59.77
0.4200,26.3427,0.0031,1999.7045,59.7198,0.0507,2.1063,0.9647,0.9844,0.0099,0.9999,0.0084,0.0086,0.0000,59.7674,1.9364,0.0440,-0.0034,0.0171,-0.0001,0.0119,-8.9857,37.775126,-122.419400,1999.73,59.76
0.4400,27.5375,0.0036,1999.6828,59.7063,0.0558,2.1900,1.0184,1.0533,0.0115,0.9999,0.0089,0.0092,0.0000,59.7569,2.0200,0.0487,-0.0029,0.0171,-0.0001,0.0124,-9.1346,37.775137,-122.419400,1999.70,59.75
0.4600,28.7322,0.0042,1999.6608,59.6927,0.0610,2.2703,1.0721,1.1217,0.0132,0.9999,0.0094,0.0098,0.0000,59.7464,2.1006,0.0535,-0.0025,0.0171,-0.0002,0.0130,-9.2785,37.775147,-122.419400,1999.68,59.74
0.4800,29.9266,0.0049,1999.6387,59.6792,0.0663,2.3471,1.1258,1.1894,0.0150,0.9999,0.0098,0.0104,0.0000,59.7359,2.1781,0.0585,-0.0021,0.0171,-0.0002,0.0135,-9.4170,37.775158,-122.419400,1999.66,59.73
0.5000,31.1208,0.0057,1999.6165,59.6657,0.0718,2.4202,1.1795,1.2561,0.0170,0.9999,0.0103,0.0110,0.0000,59.7254,2.2522,0.0636,-0.0016,0.0171,-0.0003,0.0141,-9.5497,37.775169,-122.419400,1999.64,59.72
0.5200,32.3147,0.0065,1999.5942,59.6522,0.0775,2.4894,1.2332,1.3213,0.0191,0.9999,0.0108,0.0115,0.0000,59.7148,2.3228,0.0689,-0.0011,0.0171,-0.0003,0.0147,-9.6762,37.775180,-122.419400,1999.62,59.70
0.5400,33.5085,0.0074,1999.5720,59.6388,0.0833,2.5544,1.2869,1.3849,0.0214,0.9999,0.0112,0.0121,0.0001,59.7042,2.3896,0.0744,-0.0006,0.0171,-0.0004,0.0152,-9.7961,37.775190,-122.419400,1999.59,59.69
0.5600,34.7021,0.0084,1999.5497,59.6254,0.0891,2.6153,1.3406,1.4465,0.0238,0.9999,0.0117,0.0126,0.0001,59.6935,2.4526,0.0799,-0.0001,0.0171,-0.0004,0.0158,-9.9091,37.775201,-122.419400,1999.57,59.68
0.5800,35.8954,0.0095,1999.5275,59.6121,0.0951,2.6717,1.3943,1.5060,0.0264,0.9998,0.0122,0.0131,0.0001,59.6828,2.5115,0.0856,0.0004,0.0171,-0.0005,0.0163,-10.0149,37.775212,-122.419400,1999.55,59.67
0.6000,37.0885,0.0107,1999.5055,59.5989,0.1011,2.7237,1.4479,1.5630,0.0291,0.9998,0.0126,0.0136,0.0001,59.6720,2.5662,0.0913,0.0009,0.0171,-0.0005,0.0169,-10.1134,37.775222,-122.419400,1999.53,59.66
0.6200,38.2815,0.0120,1999.4836,59.5858,0.1072,2.7712,1.5016,1.6173,0.0319,0.9998,0.0131,0.0141,0.0001,59.6612,2.6167,0.0971,0.0014,0.0170,-0.0006,0.0175,-10.2042,37.775233,-122.419400,1999.51,59.65
0.6400,39.4742,0.0134,1999.4619,59.5728,0.1134,2.8141,1.5552,1.6687,0.0349,0.9998,0.0136,0.0146,0.0001,59.6503,2.6628,0.1030,0.0019,0.0170,-0.0007,0.0181,-10.2872,37.775244,-122.419400,1999.48,59.64
0.6600,40.6666,0.0150,1999.4404,59.5600,0.1196,2.8523,1.6088,1.7171,0.0380,0.9998,0.0140,0.0150,0.0001,59.6394,2.7045,0.1089,0.0024,0.0170,-0.0008,0.0187,-10.3624,37.775255,-122.419400,1999.46,59.63
0.6800,41.8589,0.0166,1999.4192,59.5473,0.1258,2.8859,1.6624,1.7622,0.0413,0.9998,0.0145,0.0154,0.0001,59.6284,2.7418,0.1149,0.0028,0.0170,-0.0008,0.0192,-10.4295,37.775265,-122.419400,1999.44,59.62
0.7000,43.0510,0.0184,1999.3982,59.5348,0.1320,2.9149,1.7159,1.8040,0.0447,0.9998,0.0150,0.0157,0.0002,59.6173,2.7746,0.1209,0.0033,0.0170,-0.0009,0.0198,-10.4885,37.775276,-122.419400,1999.42,59.61
0.7200,44.2428,0.0202,1999.3775,59.5225,0.1383,2.9392,1.7694,1.8422,0.0482,0.9998,0.0154,0.0161,0.0002,59.6063,2.8030,0.1269,0.0037,0.0170,-0.0010,0.0204,-10.5395,37.775287,-122.419400,1999.40,59.60
0.7400,45.4344,0.0223,1999.3571,59.5103,0.1445,2.9590,1.8229,1.8768,0.0519,0.9997,0.0159,0.0164,0.0002,59.5952,2.8269,0.1329,0.0041,0.0170,-0.0011,0.0210,-10.5824,37.775297,-122.419400,1999.38,59.59
0.7600,46.6258,0.0244,1999.3370,59.4984,0.1507,2.9743,1.8764,1.9076,0.0556,0.9997,0.0164,0.0167,0.0002,59.5840,2.8465,0.1390,0.0045,0.0170,-0.0012,0.0216,-10.6173,37.775308,-122.419400,1999.36,59.58
0.7800,47.8170,0.0267,1999.3173,59.4866,0.1569,2.9851,1.9298,1.9347,0.0595,0.9997,0.0168,0.0169,0.0002,59.5728,2.8618,0.1450,0.0049,0.0170,-0.0013,0.0222,-10.6443,37.775319,-122.419400,1999.34,59.56
0.8000,49.0079,0.0291,1999.2979,59.4750,0.1630,2.9917,1.9832,1.9580,0.0635,0.9997,0.0173,0.0171,0.0003,59.5616,2.8728,0.1509,0.0052,0.0170,-0.0014,0.0228,-10.6636,37.775330,-122.419400,1999.32,59.55
0.8200,50.1987,0.0317,1999.2788,59.4636,0.1691,2.9942,2.0366,1.9774,0.0677,0.9997,0.0178,0.0173,0.0003,59.5504,2.8797,0.1569,0.0055,0.0170,-0.0015,0.0234,-10.6753,37.775340,-122.419400,1999.30,59.54
0.8400,51.3892,0.0345,1999.2601,59.4525,0.1752,2.9926,2.0899,1.9930,0.0719,0.9997,0.0182,0.0174,0.0003,59.5392,2.8826,0.1628,0.0057,0.0170,-0.0016,0.0240,-10.6796,37.775351,-122.419400,1999.28,59.53
0.8600,52.5795,0.0373,1999.2417,59.4415,0.1811,2.9872,2.1433,2.0047,0.0762,0.9997,0.0187,0.0175,0.0003,59.5280,2.8816,0.1686,0.0060,0.0169,-0.0017,0.0246,-10.6767,37.775362,-122.419400,1999.26,59.52
0.8800,53.7696,0.0404,1999.2237,59.4307,0.1870,2.9780,2.1965,2.0126,0.0807,0.9997,0.0192,0.0176,0.0004,59.5168,2.8769,0.1744,0.0061,0.0169,-0.0018,0.0253,-10.6669,37.775372,-122.419400,1999.24,59.51
0.9000,54.9594,0.0436,1999.2060,59.4201,0.1928,2.9654,2.2498,2.0168,0.0852,0.9997,0.0196,0.0176,0.0004,59.5055,2.8687,0.1801,0.0063,0.0169,-0.0019,0.0259,-10.6506,37.775383,-122.419400,1999.22,59.50
0.9200,56.1491,0.0470,1999.1886,59.4097,0.1985,2.9495,2.3030,2.0173,0.0899,0.9996,0.0201,0.0176,0.0004,59.4943,2.8570,0.1857,0.0064,0.0169,-0.0020,0.0265,-10.6280,37.775394,-122.419400,1999.21,59.49
0.9400,57.3385,0.0505,1999.1715,59.3994,0.2042,2.9306,2.3562,2.0143,0.0947,0.9996,0.0205,0.0176,0.0005,59.4832,2.8423,0.1912,0.0065,0.0169,-0.0021,0.0271,-10.5994,37.775404,-122.419399,1999.19,59.48
0.9600,58.5277,0.0543,1999.1547,59.3893,0.2097,2.9088,2.4094,2.0078,0.0995,0.9996,0.0210,0.0175,0.0005,59.4720,2.8245,0.1967,0.0065,0.0169,-0.0022,0.0277,-10.5653,37.775415,-122.419399,1999.17,59.47
0.9800,59.7167,0.0582,1999.1382,59.3794,0.2151,2.8844,2.4625,1.9979,0.1045,0.9996,0.0215,0.0175,0.0005,59.4609,2.8040,0.2021,0.0065,0.0169,-0.0023,0.0283,-10.5260,37.775426,-122.419399,1999.15,59.46
1.0000,60.9055,0.0622,1999.1219,59.3697,0.2205,2.8576,2.5156,1.9849,0.1096,0.9996,0.0219,0.0173,0.0006,59.4498,2.7810,0.2073,0.0065,0.0169,-0.0024,0.0289,-10.4819,37.775436,-122.419399,1999.14,59.44
1.0200,62.0940,0.0665,1999.1059,59.3601,0.2257,2.8288,2.5686,1.9689,0.1148,0.9996,0.0224,0.0172,0.0006,59.4388,2.7557,0.2125,0.0064,0.0169,-0.0026,0.0295,-10.4334,37.775447,-122.419399,1999.12,59.43
1.0400,63.2824,0.0710,1999.0901,59.3506,0.2308,2.7981,2.6216,1.9501,0.1201,0.9996,0.0229,0.0170,0.0007,59.4278,2.7283,0.2176,0.0063,0.0169,-0.0027,0.0301,-10.3810,37.775458,-122.419399,1999.11,59.42
1.0600,64.4705,0.0756,1999.0745,59.3412,0.2358,2.7657,2.6746,1.9285,0.1255,0.9996,0.0233,0.0168,0.0007,59.4169,2.6992,0.2225,0.0062,0.0169,-0.0028,0.0307,-10.3251,37.775468,-122.419399,1999.09,59.41
1.0800,65.6584,0.0804,1999.0591,59.3320,0.2406,2.7321,2.7275,1.9045,0.1310,0.9996,0.0238,0.0166,0.0007,59.4061,2.6685,0.2274,0.0060,0.0168,-0.0029,0.0313,-10.2662,37.775479,-122.419399,1999.07,59.40
1.1000,66.8461,0.0854,1999.0438,59.3229,0.2454,2.6974,2.7804,1.8783,0.1367,0.9996,0.0242,0.0164,0.0008,59.3953,2.6365,0.2321,0.0058,0.0168,-0.0030,0.0319,-10.2046,37.775490,-122.419399,1999.06,59.39
1.1200,68.0336,0.0907,1999.0287,59.3138,0.2501,2.6618,2.8333,1.8500,0.1425,0.9996,0.0247,0.0162,0.0008,59.3847,2.6034,0.2368,0.0055,0.0168,-0.0031,0.0325,-10.1410,37.775500,-122.419399,1999.04,59.38
1.1400,69.2208,0.0961,1999.0136,59.3049,0.2546,2.6257,2.8861,1.8199,0.1484,0.9996,0.0252,0.0159,0.0009,59.3741,2.5695,0.2413,0.0053,0.0168,-0.0032,0.0331,-10.0756,37.775511,-122.419399,1999.03,59.37
1.1600,70.4079,0.1017,1998.9986,59.2961,0.2590,2.5893,2.9389,1.7882,0.1544,0.9995,0.0256,0.0156,0.0009,59.3636,2.5351,0.2457,0.0050,0.0168,-0.0034,0.0337,-10.0090,37.775522,-122.419399,1999.01,59.36
1.1800,71.5947,0.1075,1998.9837,59.2873,0.2634,2.5529,2.9917,1.7551,0.1606,0.9995,0.0261,0.0153,0.0010,59.3531,2.5004,0.2501,0.0046,0.0168,-0.0035,0.0343,-9.9417,37.775532,-122.419399,1999.00,59.35
1.2000,72.7814,0.1135,1998.9688,59.2786,0.2676,2.5167,3.0444,1.7209,0.1670,0.9995,0.0265,0.0151,0.0011,59.3428,2.4656,0.2543,0.0043,0.0168,-0.0036,0.0349,-9.8740,37.775543,-122.419399,1998.98,59.34
1.2200,73.9678,0.1198,1998.9539,59.2700,0.2717,2.4809,3.0971,1.6858,0.1735,0.9995,0.0270,0.0147,0.0011,59.3326,2.4310,0.2584,0.0039,0.0168,-0.0037,0.0355,-9.8065,37.775554,-122.419399,1998.97,59.33
1.2400,75.1541,0.1262,1998.9389,59.2614,0.2757,2.4457,3.1497,1.6500,0.1802,0.9995,0.0275,0.0144,0.0012,59.3225,2.3968,0.2624,0.0035,0.0168,-0.0038,0.0360,-9.7395,37.775564,-122.419399,1998.95,59.32
1.2600,76.3401,0.1329,1998.9239,59.2529,0.2797,2.4115,3.2023,1.6139,0.1870,0.9995,0.0279,0.0141,0.0012,59.3125,2.3633,0.2664,0.0031,0.0167,-0.0039,0.0366,-9.6734,37.775575,-122.419399,1998.94,59.31
1.2800,77.5259,0.1397,1998.9087,59.2444,0.2835,2.3784,3.2548,1.5775,0.1941,0.9995,0.0284,0.0138,0.0013,59.3026,2.3306,0.2702,0.0027,0.0167,-0.0040,0.0372,-9.6087,37.775586,-122.419398,1998.92,59.30
1.3000,78.7116,0.1468,1998.8935,59.2360,0.2873,2.3466,3.3074,1.5412,0.2013,0.9995,0.0288,0.0135,0.0014,59.2928,2.2989,0.2740,0.0022,0.0167,-0.0041,0.0377,-9.5457,37.775596,-122.419398,1998.91,59.29
1.3200,79.8970,0.1541,1998.8781,59.2276,0.2910,2.3162,3.3598,1.5052,0.2087,0.9995,0.0293,0.0132,0.0014,59.2832,2.2685,0.2776,0.0018,0.0167,-0.0042,0.0383,-9.4848,37.775607,-122.419398,1998.89,59.28
1.3400,81.0823,0.1616,1998.8626,59.2193,0.2946,2.2876,3.4123,1.4696,0.2164,0.9995,0.0297,0.0129,0.0015,59.2736,2.2395,0.2812,0.0013,0.0167,-0.0043,0.0388,-9.4263,37.775618,-122.419398,1998.88,59.27
1.3600,82.2673,0.1694,1998.8468,59.2110,0.2981,2.2607,3.4647,1.4348,0.2243,0.9995,0.0302,0.0126,0.0016,59.2642,2.2122,0.2848,0.0008,0.0167,-0.0044,0.0394,-9.3706,37.775628,-122.419398,1998.86,59.26
1.3800,83.4522,0.1774,1998.8309,59.2027,0.3016,2.2359,3.5170,1.4009,0.2324,0.9995,0.0307,0.0123,0.0017,59.2549,2.1866,0.2883,0.0003,0.0167,-0.0045,0.0399,-9.3180,37.775639,-122.419398,1998.85,59.25
1.4000,84.6369,0.1856,1998.8148,59.1944,0.3050,2.2132,3.5693,1.3681,0.2408,0.9994,0.0311,0.0120,0.0017,59.2457,2.1629,0.2917,-0.0001,0.0167,-0.0046,0.0404,-9.2687,37.775650,-122.419398,1998.83,59.24
1.4200,85.8214,0.1940,1998.7984,59.1862,0.3084,2.1927,3.6216,1.3366,0.2494,0.9994,0.0316,0.0117,0.0018,59.2366,2.1412,0.2950,-0.0006,0.0167,-0.0047,0.0410,-9.2230,37.775660,-122.419398,1998.81,59.23
1.4400,87.0057,0.2026,1998.7817,59.1780,0.3117,2.1746,3.6738,1.3066,0.2583,0.9994,0.0320,0.0115,0.0019,59.2276,2.1217,0.2983,-0.0011,0.0166,-0.0048,0.0415,-9.1811,37.775671,-122.419398,1998.80,59.22
1.4600,88.1898,0.2115,1998.7647,59.1698,0.3150,2.1589,3.7260,1.2782,0.2674,0.9994,0.0325,0.0112,0.0020,59.2187,2.1045,0.3016,-0.0016,0.0166,-0.0049,0.0420,-9.1433,37.775682,-122.419398,1998.78,59.21
1.4800,89.3738,0.2207,1998.7475,59.1616,0.3183,2.1457,3.7781,1.2517,0.2769,0.9994,0.0329,0.0110,0.0021,59.2100,2.0896,0.3048,-0.0020,0.0166,-0.0050,0.0425,-9.1096,37.775692,-122.419398,1998.76,59.20
1.5000,90.5576,0.2300,1998.7300,59.1535,0.3215,2.1351,3.8302,1.2271,0.2866,0.9994,0.0334,0.0108,0.0021,59.2014,2.0771,0.3080,-0.0025,0.0166,-0.0050,0.0431,-9.0803,37.775703,-122.419397,1998.75,59.19
1.5200,91.7412,0.2396,1998.7121,59.1453,0.3248,2.1271,3.8823,1.2045,0.2966,0.9994,0.0338,0.0106,0.0022,59.1929,2.0671,0.3112,-0.0029,0.0166,-0.0051,0.0436,-9.0554,37.775713,-122.419397,1998.73,59.19
1.5400,92.9246,0.2495,1998.6940,59.1372,0.3280,2.1217,3.9343,1.1842,0.3069,0.9994,0.0343,0.0104,0.0023,59.1844,2.0597,0.3144,-0.0033,0.0166,-0.0052,0.0441,-9.0351,37.775724,-122.419397,1998.71,59.18
1.5600,94.1078,0.2596,1998.6755,59.1290,0.3312,2.1190,3.9863,1.1662,0.3176,0.9993,0.0347,0.0103,0.0024,59.1761,2.0547,0.3176,-0.0037,0.0166,-0.0053,0.0446,-9.0194,37.775735,-122.419397,1998.69,59.17
1.5800,95.2909,0.2699,1998.6566,59.1209,0.3344,2.1189,4.0382,1.1505,0.3286,0.9993,0.0352,0.0101,0.0025,59.1679,2.0524,0.3207,-0.0041,0.0166,-0.0054,0.0451,-9.0083,37.775745,-122.419397,1998.68,59.16
1.6000,96.4738,0.2805,1998.6375,59.1128,0.3376,2.1214,4.0901,1.1373,0.3399,0.9993,0.0357,0.0100,0.0026,59.1598,2.0526,0.3239,-0.0045,0.0165,-0.0054,0.0455,-9.0020,37.775756,-122.419397,1998.66,59.15
1.6200,97.6566,0.2914,1998.6180,59.1047,0.3408,2.1265,4.1419,1.1265,0.3515,0.9993,0.0361,0.0099,0.0027,59.1518,2.0553,0.3270,-0.0048,0.0165,-0.0055,0.0460,-9.0002,37.775767,-122.419397,1998.64,59.14
1.6400,98.8392,0.3025,1998.5981,59.0965,0.3441,2.1342,4.1937,1.1184,0.3635,0.9993,0.0366,0.0099,0.0028,59.1439,2.0606,0.3302,-0.0052,0.0165,-0.0056,0.0465,-9.0031,37.775777,-122.419397,1998.62,59.14
1.6600,100.0216,0.3139,1998.5780,59.0884,0.3473,2.1444,4.2454,1.1128,0.3758,0.9993,0.0370,0.0098,0.0029,59.1361,2.0683,0.3334,-0.0055,0.0165,-0.0057,0.0470,-9.0105,37.775788,-122.419397,1998.60,59.13
1.6800,101.2038,0.3255,1998.5575,59.0803,0.3506,2.1569,4.2972,1.1098,0.3884,0.9992,0.0375,0.0098,0.0030,59.1283,2.0784,0.3366,-0.0058,0.0165,-0.0057,0.0475,-9.0223,37.775799,-122.419396,1998.58,59.12
1.7000,102.3859,0.3374,1998.5367,59.0721,0.3540,2.1718,4.3488,1.1094,0.4014,0.9992,0.0379,0.0098,0.0031,59.1207,2.0909,0.3398,-0.0060,0.0165,-0.0058,0.0479,-9.0385,37.775809,-122.419396,1998.56,59.11
1.7200,103.5679,0.3496,1998.5156,59.0639,0.3573,2.1889,4.4005,1.1116,0.4148,0.9992,0.0384,0.0098,0.0032,59.1131,2.1056,0.3431,-0.0062,0.0165,-0.0059,0.0484,-9.0588,37.775820,-122.419396,1998.54,59.10
1.7400,104.7496,0.3621,1998.4941,59.0557,0.3607,2.2081,4.4520,1.1163,0.4285,0.9992,0.0388,0.0099,0.0034,59.1055,2.1224,0.3464,-0.0064,0.0165,-0.0059,0.0489,-9.0832,37.775830,-122.419396,1998.52,59.10
1.7600,105.9313,0.3748,1998.4724,59.0475,0.3642,2.2293,4.5036,1.1235,0.4426,0.9992,0.0393,0.0099,0.0035,59.0981,2.1413,0.3497,-0.0066,0.0164,-0.0060,0.0493,-9.1114,37.775841,-122.419396,1998.49,59.09
1.7800,107.1127,0.3878,1998.4504,59.0392,0.3676,2.2524,4.5551,1.1332,0.4570,0.9992,0.0397,0.0100,0.0036,59.0907,2.1622,0.3531,-0.0068,0.0164,-0.0061,0.0498,-9.1433,37.775852,-122.419396,1998.47,59.08
1.8000,108.2940,0.4011,1998.4282,59.0310,0.3712,2.2772,4.6066,1.1452,0.4717,0.9991,0.0401,0.0102,0.0037,59.0833,2.1848,0.3565,-0.0069,0.0164,-0.0061,0.0502,-9.1787,37.775862,-122.419396,1998.45,59.07
1.8200,109.4752,0.4148,1998.4057,59.0226,0.3747,2.3036,4.6580,1.1596,0.4868,0.9991,0.0406,0.0103,0.0038,59.0760,2.2092,0.3600,-0.0070,0.0164,-0.0062,0.0507,-9.2172,37.775873,-122.419395,1998.43,59.07
1.8400,110.6562,0.4287,1998.3829,59.0143,0.3784,2.3314,4.7094,1.1762,0.5022,0.9991,0.0410,0.0104,0.0040,59.0688,2.2350,0.3635,-0.0070,0.0164,-0.0063,0.0512,-9.2587,37.775883,-122.419395,1998.41,59.06
1.8600,111.8370,0.4429,1998.3600,59.0059,0.3821,2.3605,4.7607,1.1949,0.5180,0.9991,0.0415,0.0106,0.0041,59.0616,2.2623,0.3671,-0.0071,0.0164,-0.0063,0.0516,-9.3029,37.775894,-122.419395,1998.38,59.05
1.8800,113.0177,0.4574,1998.3368,58.9975,0.3858,2.3906,4.8120,1.2155,0.5341,0.9991,0.0419,0.0108,0.0042,59.0544,2.2908,0.3707,-0.0071,0.0164,-0.0064,0.0521,-9.3495,37.775905,-122.419395,1998.36,59.04
1.9000,114.1983,0.4723,1998.3135,58.9891,0.3896,2.4218,4.8633,1.2381,0.5505,0.9990,0.0424,0.0110,0.0043,59.0472,2.3204,0.3744,-0.0070,0.0163,-0.0065,0.0525,-9.3983,37.775915,-122.419395,1998.34,59.04
1.9200,115.3787,0.4874,1998.2900,58.9807,0.3934,2.4537,4.9145,1.2624,0.5673,0.9990,0.0428,0.0112,0.0045,59.0401,2.3509,0.3781,-0.0070,0.0163,-0.0065,0.0530,-9.4490,37.775926,-122.419395,1998.31,59.03
1.9400,116.5589,0.5029,1998.2663,58.9722,0.3973,2.4862,4.9657,1.2883,0.5843,0.9990,0.0433,0.0115,0.0046,59.0330,2.3822,0.3819,-0.0069,0.0163,-0.0066,0.0534,-9.5012,37.775936,-122.419394,1998.29,59.02
1.9600,117.7390,0.5187,1998.2426,58.9637,0.4013,2.5192,5.0169,1.3157,0.6016,0.9990,0.0437,0.0117,0.0047,59.0259,2.4141,0.3857,-0.0068,0.0163,-0.0067,0.0539,-9.5547,37.775947,-122.419394,1998.27,59.01
1.9800,118.9190,0.5349,1998.2187,58.9551,0.4053,2.5524,5.0680,1.3444,0.6193,0.9989,0.0441,0.0120,0.0049,59.0188,2.4465,0.3896,-0.0067,0.0163,-0.0067,0.0543,-9.6093,37.775958,-122.419394,1998.24,59.01
2.0000,120.0988,0.5514,1998.1948,58.9465,0.4094,2.5858,5.1191,1.3743,0.6372,0.9989,0.0446,0.0122,0.0050,59.0117,2.4791,0.3935,-0.0065,0.0163,-0.0068,0.0548,-9.6645,37.775968,-122.419394,1998.22,59.00
2.0200,121.2785,0.5682,1998.1709,58.9380,0.4135,2.6191,5.1701,1.4052,0.6554,0.9989,0.0450,0.0125,0.0052,59.0047,2.5118,0.3975,-0.0064,0.0162,-0.0069,0.0552,-9.7201,37.775979,-122.419394,1998.19,58.99
2.0400,122.4580,0.5854,1998.1469,58.9294,0.4176,2.6521,5.2211,1.4369,0.6738,0.9989,0.0455,0.0128,0.0053,58.9976,2.5444,0.4016,-0.0062,0.0162,-0.0070,0.0557,-9.7758,37.775989,-122.419394,1998.17,58.99
2.0600,123.6373,0.6029,1998.1228,58.9207,0.4219,2.6847,5.2721,1.4694,0.6925,0.9988,0.0459,0.0131,0.0054,58.9905,2.5768,0.4056,-0.0060,0.0162,-0.0070,0.0561,-9.8313,37.776000,-122.419393,1998.15,58.98
2.0800,124.8165,0.6208,1998.0988,58.9121,0.4261,2.7169,5.3230,1.5023,0.7114,0.9988,0.0463,0.0134,0.0056,58.9834,2.6089,0.4098,-0.0058,0.0162,-0.0071,0.0566,-9.8864,37.776011,-122.419393,1998.12,58.97
2.1000,125.9956,0.6391,1998.0749,58.9035,0.4304,2.7483,5.3739,1.5357,0.7305,0.9988,0.0468,0.0137,0.0057,58.9763,2.6404,0.4140,-0.0055,0.0162,-0.0072,0.0571,-9.9407,37.776021,-122.419393,1998.10,58.96
2.1200,127.1745,0.6577,1998.0510,58.8949,0.4347,2.7788,5.4248,1.5692,0.7498,0.9988,0.0472,0.0140,0.0059,58.9692,2.6713,0.4182,-0.0053,0.0162,-0.0072,0.0575,-9.9940,37.776032,-122.419393,1998.07,58.96
2.1400,128.3533,0.6768,1998.0271,58.8863,0.4391,2.8084,5.4756,1.6028,0.7694,0.9987,0.0477,0.0143,0.0060,58.9620,2.7014,0.4225,-0.0050,0.0162,-0.0073,0.0580,-10.0460,37.776042,-122.419393,1998.05,58.95
2.1600,129.5319,0.6962,1998.0034,58.8777,0.4435,2.8369,5.5264,1.6362,0.7891,0.9987,0.0481,0.0146,0.0062,58.9548,2.7305,0.4268,-0.0048,0.0161,-0.0074,0.0584,-10.0965,37.776053,-122.419392,1998.03,58.94
2.1800,130.7104,0.7160,1997.9798,58.8691,0.4480,2.8642,5.5772,1.6694,0.8089,0.9987,0.0485,0.0149,0.0063,58.9477,2.7586,0.4311,-0.0045,0.0161,-0.0075,0.0589,-10.1452,37.776064,-122.419392,1998.00,58.94
2.2000,131.8887,0.7361,1997.9563,58.8606,0.4525,2.8901,5.6279,1.7022,0.8290,0.9987,0.0490,0.0152,0.0065,58.9405,2.7854,0.4355,-0.0042,0.0161,-0.0075,0.0594,-10.1919,37.776074,-122.419392,1997.98,58.93
2.2200,133.0669,0.7567,1997.9330,58.8521,0.4569,2.9146,5.6786,1.7344,0.8492,0.9986,0.0494,0.0155,0.0067,58.9332,2.8110,0.4399,-0.0039,0.0161,-0.0076,0.0598,-10.2365,37.776085,-122.419392,1997.96,58.92
2.2400,134.2450,0.7777,1997.9098,58.8436,0.4615,2.9375,5.7292,1.7659,0.8695,0.9986,0.0499,0.0158,0.0068,58.9260,2.8352,0.4443,-0.0036,0.0161,-0.0077,0.0603,-10.2786,37.776095,-122.419391,1997.93,58.91
2.2600,135.4228,0.7991,1997.8868,58.8352,0.4660,2.9588,5.7798,1.7966,0.8899,0.9986,0.0503,0.0160,0.0070,58.9187,2.8579,0.4488,-0.0033,0.0161,-0.0078,0.0608,-10.3182,37.776106,-122.419391,1997.91,58.91
2.2800,136.6006,0.8209,1997.8640,58.8268,0.4705,2.9784,5.8304,1.8263,0.9104,0.9986,0.0507,0.0163,0.0071,58.9114,2.8790,0.4532,-0.0030,0.0161,-0.0078,0.0613,-10.3551,37.776117,-122.419391,1997.89,58.90
2.3000,137.7782,0.8432,1997.8414,58.8185,0.4751,2.9963,5.8809,1.8549,0.9310,0.9985,0.0512,0.0166,0.0073,58.9040,2.8984,0.4577,-0.0028,0.0160,-0.0079,0.0617,-10.3891,37.776127,-122.419391,1997.86,58.89
2.3200,138.9556,0.8658,1997.8191,58.8103,0.4796,3.0123,5.9314,1.8823,0.9517,0.9985,0.0516,0.0168,0.0074,58.8967,2.9162,0.4622,-0.0025,0.0160,-0.0080,0.0622,-10.4201,37.776138,-122.419390,1997.84,58.89
2.3400,140.1329,0.8889,1997.7969,58.8021,0.4842,3.0265,5.9818,1.9084,0.9725,0.9985,0.0520,0.0171,0.0076,58.8893,2.9322,0.4667,-0.0022,0.0160,-0.0081,0.0627,-10.4481,37.776148,-122.419390,1997.82,58.88
2.3600,141.3100,0.9124,1997.7750,58.7940,0.4888,3.0387,6.0322,1.9331,0.9933,0.9984,0.0525,0.0173,0.0078,58.8819,2.9463,0.4712,-0.0019,0.0160,-0.0082,0.0632,-10.4728,37.776159,-122.419390,1997.80,58.87
2.3800,142.4870,0.9364,1997.7534,58.7860,0.4933,3.0491,6.0826,1.9563,1.0142,0.9984,0.0529,0.0175,0.0079,58.8745,2.9587,0.4757,-0.0016,0.0160,-0.0082,0.0637,-10.4943,37.776169,-122.419390,1997.78,58.86
2.4000,143.6638,0.9608,1997.7320,58.7780,0.4978,3.0575,6.1329,1.9780,1.0351,0.9984,0.0533,0.0177,0.0081,58.8670,2.9691,0.4801,-0.0014,0.0160,-0.0083,0.0641,-10.5125,37.776180,-122.419389,1997.75,58.86
2.4200,144.8404,0.9857,1997.7109,58.7701,0.5024,3.0640,6.1831,1.9980,1.0560,0.9984,0.0538,0.0179,0.0083,58.8596,2.9777,0.4846,-0.0011,0.0159,-0.0084,0.0646,-10.5274,37.776191,-122.419389,1997.73,58.85
2.4400,146.0170,1.0110,1997.6900,58.7624,0.5069,3.0686,6.2334,2.0164,1.0770,0.9983,0.0542,0.0181,0.0084,58.8521,2.9844,0.4891,-0.0009,0.0159,-0.0085,0.0651,-10.5389,37.776201,-122.419389,1997.71,58.84
2.4600,147.1933,1.0367,1997.6695,58.7547,0.5114,3.0713,6.2835,2.0330,1.0980,0.9983,0.0546,0.0182,0.0086,58.8446,2.9893,0.4935,-0.0007,0.0159,-0.0086,0.0656,-10.5470,37.776212,-122.419389,1997.69,58.84
2.4800,148.3695,1.0629,1997.6491,58.7471,0.5158,3.0721,6.3336,2.0479,1.1190,0.9983,0.0551,0.0184,0.0088,58.8371,2.9923,0.4980,-0.0005,0.0159,-0.0087,0.0661,-10.5518,37.776222,-122.419388,1997.67,58.83
2.5000,149.5456,1.0896,1997.6291,58.7396,0.5203,3.0710,6.3837,2.0609,1.1400,0.9982,0.0555,0.0185,0.0089,58.8296,2.9934,0.5024,-0.0003,0.0159,-0.0088,0.0666,-10.5534,37.776233,-122.419388,1997.65,58.82
2.5200,150.7214,1.1168,1997.6093,58.7322,0.5247,3.0682,6.4337,2.0722,1.1610,0.9982,0.0559,0.0186,0.0091,58.8221,2.9928,0.5068,-0.0001,0.0159,-0.0089,0.0671,-10.5517,37.776243,-122.419388,1997.63,58.81
2.5400,151.8972,1.1444,1997.5898,58.7249,0.5291,3.0637,6.4837,2.0816,1.1820,0.9982,0.0564,0.0187,0.0093,58.8146,2.9905,0.5111,0.0000,0.0158,-0.0090,0.0676,-10.5469,37.776254,-122.419387,1997.61,58.81
2.5600,153.0727,1.1725,1997.5706,58.7177,0.5334,3.0575,6.5336,2.0892,1.2031,0.9982,0.0568,0.0188,0.0094,58.8071,2.9864,0.5155,0.0002,0.0158,-0.0090,0.0681,-10.5390,37.776265,-122.419387,1997.59,58.80
2.5800,154.2482,1.2011,1997.5516,58.7105,0.5377,3.0497,6.5835,2.0951,1.2241,0.9981,0.0572,0.0189,0.0096,58.7996,2.9807,0.5198,0.0003,0.0158,-0.0091,0.0686,-10.5281,37.776275,-122.419387,1997.57,58.79
2.6000,155.4234,1.2301,1997.5329,58.7035,0.5420,3.0404,6.6333,2.0991,1.2451,0.9981,0.0576,0.0189,0.0098,58.7921,2.9735,0.5240,0.0004,0.0158,-0.0092,0.0691,-10.5144,37.776286,-122.419386,1997.55,58.78
2.6200,156.5985,1.2596,1997.5144,58.6965,0.5462,3.0297,6.6831,2.1014,1.2661,0.9981,0.0581,0.0189,0.0100,58.7847,2.9648,0.5283,0.0005,0.0158,-0.0093,0.0696,-10.4980,37.776296,-122.419386,1997.53,58.78
2.6400,157.7735,1.2896,1997.4961,58.6897,0.5504,3.0176,6.7328,2.1020,1.2871,0.9981,0.0585,0.0190,0.0101,58.7772,2.9547,0.5325,0.0005,0.0158,-0.0094,0.0701,-10.4790,37.776307,-122.419386,1997.51,58.77
2.6600,158.9483,1.3201,1997.4781,58.6829,0.5545,3.0043,6.7824,2.1010,1.3081,0.9980,0.0589,0.0190,0.0103,58.7698,2.9434,0.5366,0.0006,0.0157,-0.0095,0.0706,-10.4576,37.776317,-122.419385,1997.50,58.76
2.6800,160.1229,1.3511,1997.4603,58.6762,0.5586,2.9899,6.8320,2.0984,1.3292,0.9980,0.0594,0.0190,0.0105,58.7624,2.9308,0.5407,0.0006,0.0157,-0.0096,0.0710,-10.4339,37.776328,-122.419385,1997.48,58.76
2.7000,161.2974,1.3826,1997.4427,58.6696,0.5627,2.9745,6.8815,2.0942,1.3502,0.9980,0.0598,0.0189,0.0107,58.7550,2.9171,0.5448,0.0006,0.0157,-0.0097,0.0715,-10.4082,37.776338,-122.419385,1997.46,58.75
2.7200,162.4717,1.4146,1997.4253,58.6631,0.5667,2.9581,6.9310,2.0886,1.3712,0.9979,0.0602,0.0189,0.0108,58.7476,2.9024,0.5488,0.0006,0.0157,-0.0098,0.0720,-10.3805,37.776349,-122.419384,1997.44,58.74
2.7400,163.6458,1.4470,1997.4081,58.6566,0.5707,2.9410,6.9805,2.0816,1.3923,0.9979,0.0606,0.0189,0.0110,58.7403,2.8868,0.5528,0.0006,0.0157,-0.0099,0.0725,-10.3512,37.776360,-122.419384,1997.43,58.73
2.7600,164.8198,1.4800,1997.3911,58.6502,0.5746,2.9232,7.0298,2.0733,1.4134,0.9979,0.0611,0.0188,0.0112,58.7330,2.8704,0.5567,0.0005,0.0157,-0.0100,0.0730,-10.3203,37.776370,-122.419384,1997.41,58.73
2.7800,165.9937,1.5135,1997.3742,58.6439,0.5785,2.9048,7.0791,2.0638,1.4346,0.9979,0.0615,0.0187,0.0114,58.7258,2.8533,0.5606,0.0004,0.0156,-0.0100,0.0735,-10.2881,37.776381,-122.419383,1997.39,58.72
2.8000,167.1674,1.5475,1997.3575,58.6376,0.5823,2.8860,7.1284,2.0532,1.4558,0.9978,0.0619,0.0187,0.0116,58.7186,2.8357,0.5645,0.0003,0.0156,-0.0101,0.0740,-10.2549,37.776391,-122.419383,1997.37,58.71
2.8200,168.3409,1.5819,1997.3409,58.6314,0.5861,2.8669,7.1776,2.0416,1.4771,0.9978,0.0624,0.0186,0.0117,58.7115,2.8177,0.5683,0.0002,0.0156,-0.0102,0.0745,-10.2207,37.776402,-122.419382,1997.36,58.71
2.8400,169.5143,1.6169,1997.3244,58.6252,0.5898,2.8475,7.2267,2.0291,1.4984,0.9978,0.0628,0.0185,0.0119,58.7044,2.7993,0.5720,0.0001,0.0156,-0.0103,0.0750,-10.1858,37.776412,-122.419382,1997.34,58.70
2.8600,170.6875,1.6524,1997.3080,58.6191,0.5935,2.8281,7.2758,2.0158,1.5198,0.9978,0.0632,0.0184,0.0121,58.6973,2.7808,0.5757,-0.0000,0.0156,-0.0104,0.0754,-10.1504,37.776423,-122.419382,1997.32,58.69
2.8800,171.8606,1.6884,1997.2917,58.6131,0.5972,2.8087,7.3248,2.0018,1.5413,0.9977,0.0636,0.0183,0.0123,58.6903,2.7621,0.5794,-0.0002,0.0156,-0.0105,0.0759,-10.1148,37.776433,-122.419381,1997.31,58.68
2.9000,173.0335,1.7249,1997.2755,58.6071,0.6008,2.7894,7.3737,1.9872,1.5629,0.9977,0.0641,0.0182,0.0125,58.6834,2.7435,0.5831,-0.0003,0.0155,-0.0106,0.0764,-10.0790,37.776444,-122.419381,1997.29,58.68
2.9200,174.2063,1.7619,1997.2593,58.6011,0.6044,2.7705,7.4226,1.9722,1.5846,0.9977,0.0645,0.0181,0.0127,58.6765,2.7250,0.5866,-0.0005,0.0155,-0.0107,0.0769,-10.0434,37.776454,-122.419380,1997.28,58.67
2.9400,175.3789,1.7994,1997.2432,58.5952,0.6079,2.7518,7.4715,1.9569,1.6065,0.9976,0.0649,0.0180,0.0129,58.6697,2.7067,0.5902,-0.0007,0.0155,-0.0108,0.0774,-10.0081,37.776465,-122.419380,1997.26,58.66
2.9600,176.5513,1.8375,1997.2271,58.5893,0.6114,2.7337,7.5202,1.9412,1.6285,0.9976,0.0653,0.0178,0.0131,58.6629,2.6888,0.5937,-0.0009,0.0155,-0.0108,0.0778,-9.9734,37.776475,-122.419380,1997.24,58.66
2.9800,177.7237,1.8760,1997.2110,58.5834,0.6149,2.7161,7.5690,1.9255,1.6506,0.9976,0.0657,0.0177,0.0133,58.6562,2.6714,0.5972,-0.0011,0.0155,-0.0109,0.0783,-9.9393,37.776486,-122.419379,1997.23,58.65
3.0000,178.8958,1.9151,1997.1950,58.5776,0.6183,2.6991,7.6176,1.9098,1.6730,0.9976,0.0662,0.0176,0.0135,58.6496,2.6545,0.6007,-0.0013,0.0155,-0.0110,0.0788,-9.9061,37.776497,-122.419379,1997.21,58.64
3.0200,180.0678,1.9547,1997.1789,58.5718,0.6217,2.6830,7.6662,1.8941,1.6955,0.9975,0.0666,0.0175,0.0137,58.6430,2.6382,0.6041,-0.0015,0.0154,-0.0111,0.0792,-9.8739,37.776507,-122.419378,1997.19,58.64
3.0400,181.2397,1.9948,1997.1628,58.5660,0.6251,2.6676,7.7148,1.8787,1.7181,0.9975,0.0670,0.0174,0.0139,58.6365,2.6227,0.6075,-0.0018,0.0154,-0.0112,0.0797,-9.8430,37.776518,-122.419378,1997.18,58.63
3.0600,182.4114,2.0355,1997.1467,58.5602,0.6285,2.6532,7.7633,1.8636,1.7410,0.9975,0.0674,0.0173,0.0141,58.6300,2.6080,0.6109,-0.0020,0.0154,-0.0113,0.0801,-9.8134,37.776528,-122.419377,1997.16,58.62
3.0800,183.5830,2.0766,1997.1305,58.5545,0.6318,2.6398,7.8117,1.8488,1.7641,0.9974,0.0679,0.0171,0.0143,58.6237,2.5942,0.6142,-0.0022,0.0154,-0.0113,0.0806,-9.7853,37.776539,-122.419377,1997.15,58.62
3.1000,184.7544,2.1183,1997.1142,58.5488,0.6351,2.6274,7.8600,1.8346,1.7875,0.9974,0.0683,0.0170,0.0145,58.6174,2.5813,0.6176,-0.0024,0.0154,-0.0114,0.0811,-9.7588,37.776549,-122.419376,1997.13,58.61
3.1200,185.9257,2.1605,1997.0979,58.5431,0.6384,2.6162,7.9084,1.8210,1.8111,0.9974,0.0687,0.0169,0.0147,58.6111,2.5695,0.6209,-0.0027,0.0153,-0.0115,0.0815,-9.7342,37.776560,-122.419376,1997.11,58.61
3.1400,187.0969,2.2033,1997.0815,58.5374,0.6417,2.6061,7.9566,1.8081,1.8349,0.9974,0.0691,0.0168,0.0149,58.6050,2.5587,0.6242,-0.0029,0.0153,-0.0116,0.0820,-9.7113,37.776570,-122.419375,1997.10,58.60
3.1600,188.2679,2.2466,1997.0650,58.5317,0.6450,2.5972,8.0048,1.7959,1.8590,0.9973,0.0695,0.0168,0.0151,58.5989,2.5491,0.6274,-0.0031,0.0153,-0.0116,0.0824,-9.6905,37.776581,-122.419375,1997.08,58.59
3.1800,189.4387,2.2904,1997.0485,58.5260,0.6483,2.5896,8.0529,1.7846,1.8833,0.9973,0.0699,0.0167,0.0153,58.5928,2.5407,0.6307,-0.0034,0.0153,-0.0117,0.0828,-9.6717,37.776591,-122.419374,1997.07,58.59
3.2000,190.6095,2.3347,1997.0318,58.5203,0.6515,2.5832,8.1010,1.7742,1.9080,0.9973,0.0704,0.0166,0.0155,58.5868,2.5335,0.6340,-0.0036,0.0153,-0.0118,0.0833,-9.6550,37.776602,-122.419374,1997.05,58.58
3.2200,191.7800,2.3796,1997.0150,58.5147,0.6548,2.5782,8.1490,1.7648,1.9329,0.9972,0.0708,0.0166,0.0157,58.5809,2.5275,0.6372,-0.0038,0.0153,-0.0119,0.0837,-9.6405,37.776612,-122.419373,1997.03,58.57
3.2400,192.9505,2.4251,1996.9981,58.5090,0.6580,2.5744,8.1970,1.7564,1.9582,0.9972,0.0712,0.0165,0.0159,58.5751,2.5228,0.6405,-0.0040,0.0152,-0.0119,0.0842,-9.6283,37.776623,-122.419373,1997.02,58.57
3.2600,194.1208,2.4710,1996.9811,58.5033,0.6613,2.5720,8.2449,1.7491,1.9838,0.9972,0.0716,0.0165,0.0162,58.5693,2.5194,0.6438,-0.0042,0.0152,-0.0120,0.0846,-9.6183,37.776633,-122.419372,1997.00,58.56
3.2800,195.2909,2.5176,1996.9640,58.4977,0.6646,2.5709,8.2928,1.7429,2.0096,0.9971,0.0720,0.0164,0.0164,58.5636,2.5173,0.6470,-0.0044,0.0152,-0.0121,0.0850,-9.6106,37.776644,-122.419372,1996.98,58.56
3.3000,196.4610,2.5646,1996.9467,58.4920,0.6679,2.5711,8.3406,1.7379,2.0358,0.9971,0.0724,0.0164,0.0166,58.5579,2.5164,0.6503,-0.0046,0.0152,-0.0122,0.0854,-9.6052,37.776654,-122.419371,1996.96,58.55
3.3200,197.6309,2.6122,1996.9294,58.4864,0.6711,2.5726,8.3883,1.7341,2.0624,0.9971,0.0728,0.0164,0.0168,58.5523,2.5169,0.6535,-0.0048,0.0152,-0.0122,0.0859,-9.6022,37.776665,-122.419371,1996.95,58.55
3.3400,198.8006,2.6604,1996.9119,58.4807,0.6744,2.5754,8.4360,1.7316,2.0892,0.9970,0.0733,0.0164,0.0171,58.5468,2.5186,0.6568,-0.0050,0.0151,-0.0123,0.0863,-9.6013,37.776675,-122.419370,1996.93,58.54
3.3600,199.9702,2.7092,1996.8942,58.4750,0.6777,2.5795,8.4836,1.7303,2.1164,0.9970,0.0737,0.0164,0.0173,58.5413,2.5216,0.6601,-0.0051,0.0151,-0.0124,0.0867,-9.6028,37.776686,-122.419370,1996.91,58.53
3.3800,201.1397,2.7585,1996.8765,58.4693,0.6811,2.5847,8.5312,1.7302,2.1440,0.9970,0.0741,0.0164,0.0175,58.5358,2.5258,0.6634,-0.0053,0.0151,-0.0124,0.0871,-9.6065,37.776696,-122.419369,1996.89,58.53
3.4000,202.3091,2.8083,1996.8586,58.4637,0.6844,2.5912,8.5787,1.7314,2.1718,0.9969,0.0745,0.0165,0.0178,58.5304,2.5312,0.6667,-0.0054,0.0151,-0.0125,0.0876,-9.6123,37.776707,-122.419369,1996.88,58.52
3.4200,203.4783,2.8588,1996.8406,58.4580,0.6878,2.5987,8.6262,1.7339,2.2000,0.9969,0.0749,0.0165,0.0180,58.5251,2.5377,0.6700,-0.0055,0.0151,-0.0126,0.0880,-9.6202,37.776717,-122.419368,1996.86,58.52
3.4400,204.6474,2.9098,1996.8225,58.4523,0.6911,2.6074,8.6736,1.7376,2.2286,0.9969,0.0753,0.0166,0.0182,58.5197,2.5454,0.6734,-0.0056,0.0150,-0.0127,0.0884,-9.6302,37.776728,-122.419368,1996.84,58.51
3.4600,205.8164,2.9614,1996.8043,58.4466,0.6945,2.6171,8.7210,1.7425,2.2575,0.9968,0.0757,0.0167,0.0185,58.5145,2.5541,0.6768,-0.0057,0.0150,-0.0127,0.0888,-9.6421,37.776738,-122.419367,1996.82,58.51
3.4800,206.9852,3.0135,1996.7860,58.4408,0.6980,2.6278,8.7683,1.7487,2.2867,0.9968,0.0761,0.0167,0.0187,58.5092,2.5639,0.6801,-0.0058,0.0150,-0.0128,0.0892,-9.6558,37.776749,-122.419366,1996.80,58.50
3.5000,208.1539,3.0663,1996.7676,58.4351,0.7014,2.6393,8.8156,1.7560,2.3163,0.9967,0.0765,0.0168,0.0190,58.5041,2.5745,0.6836,-0.0059,0.0150,-0.0129,0.0896,-9.6714,37.776759,-122.419366,1996.79,58.50
3.5200,209.3224,3.1196,1996.7490,58.4294,0.7049,2.6517,8.8628,1.7644,2.3462,0.9967,0.0769,0.0169,0.0192,58.4989,2.5861,0.6870,-0.0059,0.0150,-0.0129,0.0900,-9.6885,37.776770,-122.419365,1996.77,58.49
3.5400,210.4909,3.1736,1996.7304,58.4236,0.7084,2.6649,8.9100,1.7740,2.3764,0.9967,0.0773,0.0170,0.0195,58.4938,2.5985,0.6904,-0.0060,0.0149,-0.0130,0.0904,-9.7072,37.776780,-122.419365,1996.75,58.49
3.5600,211.6592,3.2281,1996.7117,58.4179,0.7119,2.6787,8.9571,1.7846,2.4070,0.9966,0.0777,0.0172,0.0197,58.4887,2.6116,0.6939,-0.0060,0.0149,-0.0131,0.0908,-9.7274,37.776791,-122.419364,1996.73,58.48
3.5800,212.8273,3.2832,1996.6930,58.4121,0.7154,2.6932,9.0041,1.7962,2.4379,0.9966,0.0781,0.0173,0.0200,58.4836,2.6254,0.6974,-0.0060,0.0149,-0.0131,0.0912,-9.7488,37.776801,-122.419363,1996.71,58.48
3.6000,213.9954,3.3390,1996.6742,58.4064,0.7190,2.7082,9.0512,1.8088,2.4690,0.9966,0.0785,0.0174,0.0202,58.4786,2.6398,0.7010,-0.0060,0.0149,-0.0132,0.0916,-9.7714,37.776812,-122.419363,1996.69,58.47
3.6200,215.1633,3.3953,1996.6553,58.4006,0.7226,2.7236,9.0981,1.8222,2.5005,0.9965,0.0789,0.0176,0.0205,58.4735,2.6548,0.7045,-0.0060,0.0149,-0.0133,0.0920,-9.7950,37.776822,-122.419362,1996.67,58.47
3.6400,216.3311,3.4523,1996.6364,58.3948,0.7262,2.7394,9.1450,1.8364,2.5323,0.9965,0.0793,0.0177,0.0207,58.4685,2.6701,0.7081,-0.0060,0.0148,-0.0133,0.0924,-9.8195,37.776833,-122.419361,1996.66,58.46
3.6600,217.4987,3.5099,1996.6174,58.3890,0.7298,2.7555,9.1919,1.8515,2.5643,0.9964,0.0797,0.0179,0.0210,58.4635,2.6859,0.7117,-0.0059,0.0148,-0.0134,0.0929,-9.8447,37.776843,-122.419361,1996.64,58.46
3.6800,218.6662,3.5681,1996.5984,58.3832,0.7335,2.7718,9.2387,1.8671,2.5967,0.9964,0.0801,0.0181,0.0213,58.4586,2.7019,0.7153,-0.0059,0.0148,-0.0135,0.0933,-9.8706,37.776854,-122.419360,1996.62,58.45
3.7000,219.8336,3.6270,1996.5794,58.3775,0.7372,2.7882,9.2855,1.8835,2.6292,0.9964,0.0805,0.0182,0.0215,58.4536,2.7181,0.7190,-0.0058,0.0148,-0.0135,0.0937,-9.8969,37.776864,-122.419359,1996.60,58.45
3.7200,221.0009,3.6865,1996.5604,58.3717,0.7409,2.8047,9.3322,1.9003,2.6621,0.9963,0.0809,0.0184,0.0218,58.4487,2.7345,0.7227,-0.0058,0.0148,-0.0136,0.0941,-9.9235,37.776875,-122.419359,1996.58,58.44
3.7400,222.1680,3.7466,1996.5414,58.3659,0.7446,2.8211,9.3789,1.9176,2.6952,0.9963,0.0813,0.0186,0.0221,58.4437,2.7509,0.7264,-0.0057,0.0147,-0.0137,0.0945,-9.9503,37.776885,-122.419358,1996.56,58.44
3.7600,223.3350,3.8073,1996.5224,58.3601,0.7484,2.8374,9.4255,1.9353,2.7285,0.9962,0.0817,0.0188,0.0223,58.4388,2.7672,0.7301,-0.0056,0.0147,-0.0137,0.0949,-9.9772,37.776896,-122.419357,1996.54,58.43
3.7800,224.5018,3.8688,1996.5034,58.3544,0.7521,2.8535,9.4721,1.9533,2.7620,0.9962,0.0821,0.0190,0.0226,58.4339,2.7834,0.7338,-0.0055,0.0147,-0.0138,0.0953,-10.0039,37.776906,-122.419357,1996.52,58.43
3.8000,225.6686,3.9308,1996.4845,58.3486,0.7559,2.8693,9.5186,1.9715,2.7958,0.9961,0.0825,0.0192,0.0229,58.4289,2.7995,0.7376,-0.0054,0.0147,-0.0139,0.0957,-10.0304,37.776917,-122.419356,1996.50,58.42
3.8200,226.8352,3.9936,1996.4656,58.3429,0.7598,2.8848,9.5651,1.9899,2.8297,0.9961,0.0829,0.0194,0.0232,58.4240,2.8153,0.7414,-0.0053,0.0147,-0.0140,0.0961,-10.0565,37.776927,-122.419355,1996.48,58.42
3.8400,228.0016,4.0570,1996.4468,58.3372,0.7636,2.8998,9.6116,2.0083,2.8638,0.9961,0.0833,0.0196,0.0234,58.4191,2.8307,0.7452,-0.0051,0.0146,-0.0140,0.0965,-10.0821,37.776938,-122.419355,1996.47,58.41
3.8600,229.1680,4.1210,1996.4280,58.3315,0.7674,2.9144,9.6579,2.0268,2.8981,0.9960,0.0837,0.0197,0.0237,58.4142,2.8457,0.7490,-0.0050,0.0146,-0.0141,0.0969,-10.1071,37.776948,-122.419354,1996.45,58.41
3.8800,230.3341,4.1858,1996.4093,58.3258,0.7713,2.9285,9.7043,2.0451,2.9326,0.9960,0.0841,0.0199,0.0240,58.4093,2.8603,0.7528,-0.0049,0.0146,-0.0142,0.0973,-10.1314,37.776959,-122.419353,1996.43,58.40
3.9000,231.5002,4.2512,1996.3907,58.3201,0.7751,2.9419,9.7505,2.0633,2.9671,0.9959,0.0845,0.0201,0.0243,58.4043,2.8743,0.7567,-0.0047,0.0146,-0.0142,0.0977,-10.1548,37.776969,-122.419352,1996.41,58.40
3.9200,232.6661,4.3173,1996.3721,58.3145,0.7790,2.9547,9.7968,2.0813,3.0019,0.9959,0.0849,0.0203,0.0245,58.3994,2.8878,0.7605,-0.0046,0.0146,-0.0143,0.0981,-10.1772,37.776980,-122.419352,1996.39,58.39
3.9400,233.8319,4.3841,1996.3537,58.3089,0.7829,2.9668,9.8429,2.0989,3.0367,0.9958,0.0853,0.0205,0.0248,58.3945,2.9006,0.7644,-0.0045,0.0145,-0.0144,0.0985,-10.1986,37.776990,-122.419351,1996.37,58.39
3.9600,234.9975,4.4515,1996.3354,58.3033,0.7868,2.9781,9.8891,2.1162,3.0717,0.9958,0.0857,0.0207,0.0251,58.3896,2.9127,0.7683,-0.0043,0.0145,-0.0145,0.0989,-10.2188,37.777001,-122.419350,1996.35,58.38
3.9800,236.1631,4.5197,1996.3171,58.2978,0.7907,2.9887,9.9351,2.1331,3.1068,0.9957,0.0860,0.0209,0.0254,58.3847,2.9241,0.7721,-0.0042,0.0145,-0.0145,0.0993,-10.2378,37.777011,-122.419349,1996.34,58.38
4.0000,237.3284,4.5886,1996.2990,58.2923,0.7946,2.9984,9.9812,2.1495,3.1419,0.9957,0.0864,0.0211,0.0257,58.3797,2.9347,0.7760,-0.0041,0.0145,-0.0146,0.0997,-10.2555,37.777021,-122.419349,1996.32,58.37
4.0200,238.4937,4.6582,1996.2810,58.2869,0.7985,3.0073,10.0271,2.1653,3.1772,0.9957,0.0868,0.0212,0.0260,58.3748,2.9446,0.7799,-0.0039,0.0145,-0.0147,0.1001,-10.2718,37.777032,-122.419348,1996.30,58.37
4.0400,239.6588,4.7285,1996.2632,58.2815,0.8024,3.0153,10.0730,2.1805,3.2125,0.9956,0.0872,0.0214,0.0262,58.3699,2.9535,0.7838,-0.0038,0.0144,-0.0148,0.1005,-10.2867,37.777042,-122.419347,1996.28,58.36
4.0600,240.8237,4.7995,1996.2455,58.2761,0.8063,3.0224,10.1189,2.1951,3.2479,0.9956,0.0876,0.0216,0.0265,58.3649,2.9616,0.7877,-0.0036,0.0144,-0.0148,0.1010,-10.3001,37.777053,-122.419346,1996.26,58.36
4.0800,241.9885,4.8712,1996.2279,58.2708,0.8102,3.0285,10.1647,2.2090,3.2833,0.9955,0.0880,0.0217,0.0268,58.3600,2.9689,0.7916,-0.0035,0.0144,-0.0149,0.1014,-10.3120,37.777063,-122.419345,1996.25,58.35
4.1000,243.1532,4.9437,1996.2104,58.2655,0.8140,3.0338,10.2104,2.2221,3.3188,0.9955,0.0884,0.0219,0.0271,58.3551,2.9752,0.7955,-0.0034,0.0144,-0.0150,0.1018,-10.3223,37.777074,-122.419345,1996.23,58.35
4.1200,244.3177,5.0168,1996.1931,58.2603,0.8179,3.0381,10.2561,2.2345,3.3543,0.9954,0.0888,0.0220,0.0274,58.3501,2.9806,0.7993,-0.0033,0.0144,-0.0151,0.1022,-10.3310,37.777084,-122.419344,1996.21,58.34
4.1400,245.4821,5.0907,1996.1760,58.2551,0.8218,3.0415,10.3017,2.2461,3.3899,0.9954,0.0891,0.0222,0.0277,58.3452,2.9851,0.8032,-0.0032,0.0143,-0.0151,0.1026,-10.3381,37.777095,-122.419343,1996.19,58.34
4.1600,246.6463,5.1654,1996.1590,58.2500,0.8256,3.0440,10.3473,2.2568,3.4255,0.9953,0.0895,0.0223,0.0280,58.3403,2.9887,0.8071,-0.0030,0.0143,-0.0152,0.1030,-10.3437,37.777105,-122.419342,1996.18,58.33
4.1800,247.8104,5.2407,1996.1421,58.2450,0.8295,3.0456,10.3928,2.2667,3.4611,0.9953,0.0899,0.0224,0.0283,58.3354,2.9914,0.8109,-0.0029,0.0143,-0.0153,0.1034,-10.3476,37.777116,-122.419341,1996.16,58.33
4.2000,248.9744,5.3169,1996.1254,58.2400,0.8333,3.0462,10.4382,2.2757,3.4968,0.9952,0.0903,0.0225,0.0286,58.3304,2.9932,0.8148,-0.0029,0.0143,-0.0154,0.1038,-10.3500,37.777126,-122.419340,1996.14,58.32
4.2200,250.1382,5.3937,1996.1089,58.2350,0.8371,3.0460,10.4836,2.2839,3.5324,0.9952,0.0907,0.0227,0.0289,58.3255,2.9941,0.8186,-0.0028,0.0142,-0.0155,0.1043,-10.3508,37.777137,-122.419340,1996.13,58.32
4.2400,251.3019,5.4713,1996.0925,58.2301,0.8409,3.0450,10.5289,2.2912,3.5681,0.9952,0.0911,0.0228,0.0292,58.3206,2.9942,0.8224,-0.0027,0.0142,-0.0155,0.1047,-10.3501,37.777147,-122.419339,1996.11,58.31
4.2600,252.4654,5.5497,1996.0762,58.2253,0.8447,3.0431,10.5742,2.2976,3.6038,0.9951,0.0915,0.0229,0.0295,58.3157,2.9934,0.8262,-0.0026,0.0142,-0.0156,0.1051,-10.3478,37.777157,-122.419338,1996.09,58.31
4.2800,253.6288,5.6288,1996.0601,58.2205,0.8484,3.0404,10.6194,2.3031,3.6395,0.9951,0.0918,0.0229,0.0298,58.3109,2.9918,0.8300,-0.0026,0.0142,-0.0157,0.1055,-10.3442,37.777168,-122.419337,1996.08,58.31
4.3000,254.7920,5.7086,1996.0441,58.2158,0.8522,3.0369,10.6645,2.3077,3.6752,0.9950,0.0922,0.0230,0.0301,58.3060,2.9894,0.8338,-0.0025,0.0142,-0.0158,0.1059,-10.3391,37.777178,-122.419336,1996.06,58.30
4.3200,255.9551,5.7892,1996.0282,58.2111,0.8559,3.0328,10.7095,2.3115,3.7109,0.9950,0.0926,0.0231,0.0303,58.3012,2.9862,0.8375,-0.0025,0.0141,-0.0159,0.1063,-10.3326,37.777189,-122.419335,1996.04,58.30
4.3400,257.1180,5.8706,1996.0125,58.2065,0.8596,3.0279,10.7545,2.3144,3.7467,0.9949,0.0930,0.0232,0.0306,58.2963,2.9824,0.8412,-0.0024,0.0141,-0.0159,0.1067,-10.3249,37.777199,-122.419334,1996.03,58.29
4.3600,258.2808,5.9527,1995.9970,58.2019,0.8633,3.0225,10.7995,2.3165,3.7825,0.9949,0.0934,0.0232,0.0309,58.2915,2.9779,0.8449,-0.0024,0.0141,-0.0160,0.1071,-10.3160,37.777210,-122.419333,1996.01,58.29
4.3800,259.4434,6.0356,1995.9815,58.1974,0.8669,3.0164,10.8443,2.3178,3.8183,0.9948,0.0938,0.0233,0.0312,58.2867,2.9727,0.8486,-0.0024,0.0141,-0.0161,0.1076,-10.3059,37.777220,-122.419332,1996.00,58.28
4.4000,260.6059,6.1193,1995.9662,58.1929,0.8705,3.0098,10.8891,2.3184,3.8541,0.9948,0.0941,0.0233,0.0315,58.2819,2.9670,0.8523,-0.0024,0.0141,-0.0162,0.1080,-10.2947,37.777231,-122.419331,1995.98,58.28
4.4200,261.7682,6.2037,1995.9510,58.1885,0.8741,3.0028,10.9339,2.3182,3.8899,0.9947,0.0945,0.0234,0.0319,58.2772,2.9608,0.8559,-0.0024,0.0140,-0.0162,0.1084,-10.2826,37.777241,-122.419330,1995.97,58.27
4.4400,262.9304,6.2889,1995.9359,58.1841,0.8777,2.9953,10.9785,2.3173,3.9258,0.9947,0.0949,0.0234,0.0322,58.2725,2.9541,0.8595,-0.0024,0.0140,-0.0163,0.1088,-10.2696,37.777252,-122.419329,1995.95,58.27
4.4600,264.0924,6.3749,1995.9209,58.1798,0.8813,2.9874,11.0231,2.3157,3.9618,0.9946,0.0953,0.0234,0.0325,58.2678,2.9469,0.8631,-0.0025,0.0140,-0.0164,0.1092,-10.2558,37.777262,-122.419329,1995.94,58.26
4.4800,265.2543,6.4616,1995.9060,58.1755,0.8848,2.9792,11.0677,2.3135,3.9977,0.9946,0.0957,0.0234,0.0328,58.2631,2.9394,0.8667,-0.0025,0.0140,-0.0165,0.1096,-10.2413,37.777272,-122.419328,1995.92,58.26
4.5000,266.4161,6.5492,1995.8912,58.1713,0.8883,2.9708,11.1121,2.3108,4.0338,0.9946,0.0960,0.0235,0.0331,58.2585,2.9316,0.8702,-0.0025,0.0139,-0.0166,0.1100,-10.2262,37.777283,-122.419327,1995.91,58.25
4.5200,267.5777,6.6375,1995.8764,58.1671,0.8918,2.9622,11.1565,2.3075,4.0699,0.9945,0.0964,0.0235,0.0334,58.2539,2.9236,0.8737,-0.0026,0.0139,-0.0166,0.1104,-10.2106,37.777293,-122.419326,1995.89,58.25
4.5400,268.7391,6.7266,1995.8618,58.1629,0.8952,2.9534,11.2008,2.3037,4.1061,0.9945,0.0968,0.0235,0.0337,58.2493,2.9153,0.8772,-0.0027,0.0139,-0.0167,0.1108,-10.1945,37.777304,-122.419325,1995.88,58.24
4.5600,269.9004,6.8164,1995.8472,58.1588,0.8987,2.9445,11.2451,2.2995,4.1423,0.9944,0.0972,0.0235,0.0340,58.2448,2.9069,0.8807,-0.0027,0.0139,-0.0168,0.1112,-10.1782,37.777314,-122.419324,1995.86,58.24
4.5800,271.0615,6.9071,1995.8327,58.1548,0.9021,2.9357,11.2893,2.2949,4.1787,0.9944,0.0975,0.0235,0.0343,58.2403,2.8984,0.8841,-0.0028,0.0139,-0.0169,0.1116,-10.1616,37.777325,-122.419323,1995.85,58.24
4.6000,272.2225,6.9985,1995.8182,58.1507,0.9055,2.9268,11.3334,2.2900,4.2152,0.9943,0.0979,0.0235,0.0346,58.2358,2.8899,0.8876,-0.0029,0.0138,-0.0170,0.1120,-10.1450,37.777335,-122.419322,1995.83,58.23
4.6200,273.3833,7.0907,1995.8038,58.1467,0.9088,2.9180,11.3775,2.2848,4.2517,0.9943,0.0983,0.0235,0.0349,58.2314,2.8814,0.8910,-0.0030,0.0138,-0.0170,0.1124,-10.1283,37.777345,-122.419320,1995.82,58.23
4.6400,274.5440,7.1838,1995.7894,58.1427,0.9122,2.9094,11.4214,2.2795,4.2884,0.9942,0.0987,0.0235,0.0352,58.2270,2.8729,0.8943,-0.0031,0.0138,-0.0171,0.1128,-10.1117,37.777356,-122.419319,1995.80,58.22
4.6600,275.7046,7.2776,1995.7751,58.1388,0.9155,2.9010,11.4654,2.2739,4.3252,0.9942,0.0991,0.0235,0.0356,58.2226,2.8646,0.8977,-0.0032,0.0138,-0.0172,0.1132,-10.0953,37.777366,-122.419318,1995.79,58.22
4.6800,276.8649,7.3722,1995.7608,58.1349,0.9188,2.8928,11.5092,2.2683,4.3622,0.9941,0.0994,0.0235,0.0359,58.2183,2.8565,0.9010,-0.0033,0.0137,-0.0173,0.1136,-10.0792,37.777377,-122.419317,1995.78,58.21
4.7000,278.0252,7.4676,1995.7465,58.1310,0.9221,2.8849,11.5530,2.2625,4.3993,0.9941,0.0998,0.0235,0.0362,58.2140,2.8487,0.9044,-0.0034,0.0137,-0.0173,0.1140,-10.0634,37.777387,-122.419316,1995.76,58.21
4.7200,279.1853,7.5637,1995.7323,58.1271,0.9254,2.8773,11.5967,2.2568,4.4366,0.9940,0.1002,0.0235,0.0365,58.2098,2.8411,0.9077,-0.0035,0.0137,-0.0174,0.1144,-10.0480,37.777398,-122.419315,1995.75,58.21
4.7400,280.3452,7.6607,1995.7180,58.1232,0.9286,2.8701,11.6403,2.2512,4.4740,0.9940,0.1005,0.0235,0.0368,58.2056,2.8338,0.9110,-0.0036,0.0137,-0.0175,0.1148,-10.0332,37.777408,-122.419314,1995.73,58.20
4.7600,281.5050,7.7585,1995.7037,58.1194,0.9319,2.8633,11.6839,2.2457,4.5117,0.9939,0.1009,0.0235,0.0372,58.2015,2.8270,0.9142,-0.0037,0.0137,-0.0176,0.1152,-10.0190,37.777418,-122.419313,1995.72,58.20
4.7800,282.6646,7.8571,1995.6895,58.1156,0.9351,2.8570,11.7274,2.2403,4.5495,0.9939,0.1013,0.0235,0.0375,58.1974,2.8205,0.9175,-0.0039,0.0136,-0.0176,0.1155,-10.0055,37.777429,-122.419312,1995.70,58.19
4.8000,283.8241,7.9565,1995.6752,58.1118,0.9383,2.8512,11.7709,2.2351,4.5875,0.9938,0.1017,0.0235,0.0378,58.1933,2.8145,0.9207,-0.0040,0.0136,-0.0177,0.1159,-9.9927,37.777439,-122.419311,1995.69,58.19
4.8200,284.9835,8.0567,1995.6609,58.1080,0.9415,2.8459,11.8143,2.2302,4.6257,0.9938,0.1020,0.0235,0.0381,58.1893,2.8089,0.9239,-0.0041,0.0136,-0.0178,0.1163,-9.9808,37.777450,-122.419310,1995.68,58.18
4.8400,286.1426,8.1577,1995.6466,58.1043,0.9447,2.8412,11.8576,2.2256,4.6641,0.9937,0.1024,0.0235,0.0385,58.1853,2.8039,0.9271,-0.0042,0.0136,-0.0178,0.1167,-9.9697,37.777460,-122.419308,1995.66,58.18
4.8600,287.3017,8.2595,1995.6323,58.1005,0.9479,2.8370,11.9008,2.2213,4.7028,0.9937,0.1028,0.0235,0.0388,58.1814,2.7994,0.9303,-0.0044,0.0135,-0.0179,0.1171,-9.9595,37.777470,-122.419307,1995.65,58.18
4.8800,288.4606,8.3621,1995.6179,58.0968,0.9510,2.8334,11.9440,2.2174,4.7417,0.9936,0.1031,0.0235,0.0391,58.1775,2.7955,0.9335,-0.0045,0.0135,-0.0180,0.1174,-9.9503,37.777481,-122.419306,1995.63,58.17
4.9000,289.6193,8.4655,1995.6035,58.0931,0.9542,2.8304,11.9871,2.2139,4.7809,0.9936,0.1035,0.0236,0.0395,58.1736,2.7921,0.9367,-0.0046,0.0135,-0.0181,0.1178,-9.9421,37.777491,-122.419305,1995.62,58.17
4.9200,290.7779,8.5698,1995.5891,58.0894,0.9573,2.8281,12.0302,2.2108,4.8202,0.9935,0.1039,0.0236,0.0398,58.1698,2.7894,0.9399,-0.0047,0.0135,-0.0181,0.1182,-9.9349,37.777502,-122.419304,1995.60,58.17
4.9400,291.9363,8.6748,1995.5746,58.0857,0.9605,2.8264,12.0731,2.2083,4.8599,0.9935,0.1042,0.0236,0.0401,58.1661,2.7873,0.9431,-0.0048,0.0135,-0.0182,0.1186,-9.9289,37.777512,-122.419303,1995.59,58.16
4.9600,293.0946,8.7807,1995.5601,58.0820,0.9636,2.8254,12.1161,2.2062,4.8998,0.9934,0.1046,0.0236,0.0405,58.1623,2.7858,0.9462,-0.0050,0.0134,-0.0183,0.1189,-9.9239,37.777523,-122.419301,1995.57,58.16
4.9800,294.2528,8.8874,1995.5455,58.0783,0.9668,2.8250,12.1589,2.2047,4.9400,0.9934,0.1050,0.0237,0.0408,58.1586,2.7849,0.9494,-0.0051,0.0134,-0.0183,0.1193,-9.9200,37.777533,-122.419300,1995.56,58.15
5.0000,295.4107,8.9950,1995.5309,58.0746,0.9699,2.8253,12.2017,2.2038,4.9804,0.9933,0.1053,0.0237,0.0412,58.1550,2.7847,0.9525,-0.0052,0.0134,-0.0184,0.1197,-9.9173,37.777543,-122.419299,1995.55,58.15
5.0200,296.5686,9.1033,1995.5163,58.0709,0.9730,2.8262,12.2445,2.2034,5.0211,0.9932,0.1057,0.0238,0.0415,58.1514,2.7852,0.9557,-0.0053,0.0134,-0.0185,0.1200,-9.9156,37.777554,-122.419298,1995.53,58.15
5.0400,297.7263,9.2125,1995.5016,58.0672,0.9762,2.8277,12.2871,2.2036,5.0621,0.9932,0.1061,0.0238,0.0418,58.1478,2.7862,0.9588,-0.0054,0.0133,-0.0185,0.1204,-9.9152,37.777564,-122.419297,1995.52,58.14
5.0600,298.8838,9.3226,1995.4869,58.0636,0.9793,2.8299,12.3297,2.2044,5.1034,0.9931,0.1064,0.0239,0.0422,58.1443,2.7879,0.9620,-0.0055,0.0133,-0.0186,0.1208,-9.9158,37.777575,-122.419295,1995.50,58.14
5.0800,300.0412,9.4334,1995.4721,58.0599,0.9824,2.8327,12.3723,2.2058,5.1450,0.9931,0.1068,0.0240,0.0425,58.1407,2.7902,0.9651,-0.0055,0.0133,-0.0187,0.1211,-9.9175,37.777585,-122.419294,1995.49,58.14
5.1000,301.1984,9.5451,1995.4573,58.0562,0.9856,2.8361,12.4148,2.2078,5.1868,0.9930,0.1071,0.0240,0.0429,58.1373,2.7932,0.9683,-0.0056,0.0133,-0.0187,0.1215,-9.9203,37.777595,-122.419293,1995.47,58.13
5.1200,302.3555,9.6577,1995.4424,58.0526,0.9887,2.8400,12.4572,2.2105,5.2290,0.9930,0.1075,0.0241,0.0432,58.1338,2.7967,0.9714,-0.0057,0.0133,-0.0188,0.1218,-9.9242,37.777606,-122.419292,1995.46,58.13
5.1400,303.5125,9.7711,1995.4274,58.0489,0.9919,2.8445,12.4996,2.2137,5.2714,0.9929,0.1078,0.0242,0.0436,58.1304,2.8008,0.9746,-0.0058,0.0132,-0.0189,0.1222,-9.9291,37.777616,-122.419290,1995.44,58.13
5.1600,304.6692,9.8853,1995.4125,58.0453,0.9950,2.8496,12.5419,2.2176,5.3141,0.9929,0.1082,0.0243,0.0440,58.1270,2.8054,0.9777,-0.0058,0.0132,-0.0189,0.1226,-9.9350,37.777626,-122.419289,1995.43,58.12
5.1800,305.8259,10.0004,1995.3975,58.0416,0.9982,2.8552,12.5841,2.2221,5.3571,0.9928,0.1086,0.0244,0.0443,58.1237,2.8105,0.9809,-0.0059,0.0132,-0.0190,0.1229,-9.9418,37.777637,-122.419288,1995.41,58.12
5.2000,306.9824,10.1164,1995.3824,58.0380,1.0013,2.8612,12.6263,2.2271,5.4004,0.9927,0.1089,0.0245,0.0447,58.1204,2.8162,0.9841,-0.0059,0.0132,-0.0191,0.1233,-9.9495,37.777647,-122.419286,1995.40,58.12
5.2200,308.1387,10.2332,1995.3673,58.0343,1.0045,2.8677,12.6684,2.2327,5.4439,0.9927,0.1093,0.0246,0.0450,58.1171,2.8223,0.9872,-0.0060,0.0131,-0.0191,0.1236,-9.9582,37.777658,-122.419285,1995.38,58.11
5.2400,309.2949,10.3509,1995.3522,58.0307,1.0077,2.8746,12.7105,2.2389,5.4878,0.9926,0.1096,0.0247,0.0454,58.1138,2.8289,0.9904,-0.0060,0.0131,-0.0192,0.1240,-9.9676,37.777668,-122.419284,1995.37,58.11
5.2600,310.4509,10.4694,1995.3371,58.0270,1.0108,2.8818,12.7525,2.2456,5.5319,0.9926,0.1100,0.0248,0.0458,58.1106,2.8358,0.9936,-0.0060,0.0131,-0.0193,0.1243,-9.9777,37.777678,-122.419282,1995.35,58.11
5.2800,311.6067,10.5888,1995.3219,58.0234,1.0140,2.8894,12.7944,2.2529,5.5762,0.9925,0.1103,0.0249,0.0461,58.1073,2.8432,0.9968,-0.0060,0.0131,-0.0193,0.1247,-9.9886,37.777689,-122.419281,1995.34,58.10
5.3000,312.7624,10.7091,1995.3067,58.0197,1.0172,2.8973,12.8363,2.2606,5.6209,0.9925,0.1107,0.0251,0.0465,58.1041,2.8508,1.0000,-0.0061,0.0130,-0.0194,0.1250,-10.0001,37.777699,-122.419280,1995.32,58.10
5.3200,313.9180,10.8303,1995.2915,58.0161,1.0204,2.9055,12.8782,2.2687,5.6658,0.9924,0.1110,0.0252,0.0469,58.1009,2.8588,1.0032,-0.0061,0.0130,-0.0195,0.1254,-10.0122,37.777710,-122.419278,1995.31,58.10
5.3400,315.0734,10.9524,1995.2763,58.0125,1.0236,2.9139,12.9199,2.2773,5.7109,0.9923,0.1114,0.0253,0.0473,58.0978,2.8670,1.0064,-0.0061,0.0130,-0.0195,0.1257,-10.0248,37.777720,-122.419277,1995.29,58.09
5.3600,316.2286,11.0753,1995.2611,58.0089,1.0268,2.9224,12.9616,2.2863,5.7563,0.9923,0.1117,0.0255,0.0476,58.0946,2.8754,1.0096,-0.0061,0.0130,-0.0196,0.1261,-10.0378,37.777730,-122.419276,1995.28,58.09
5.3800,317.3837,11.1991,1995.2458,58.0052,1.0301,2.9311,13.0033,2.2957,5.8019,0.9922,0.1121,0.0256,0.0480,58.0915,2.8841,1.0128,-0.0061,0.0129,-0.0197,0.1264,-10.0512,37.777741,-122.419274,1995.26,58.09
5.4000,318.5386,11.3239,1995.2306,58.0016,1.0333,2.9399,13.0449,2.3054,5.8478,0.9921,0.1124,0.0258,0.0484,58.0884,2.8928,1.0160,-0.0060,0.0129,-0.0197,0.1268,-10.0648,37.777751,-122.419273,1995.25,58.08
5.4200,319.6934,11.4495,1995.2154,57.9980,1.0365,2.9488,13.0864,2.3154,5.8938,0.9921,0.1127,0.0259,0.0488,58.0853,2.9017,1.0193,-0.0060,0.0129,-0.0198,0.1271,-10.0787,37.777761,-122.419271,1995.23,58.08
5.4400,320.8480,11.5760,1995.2002,57.9944,1.0397,2.9577,13.1279,2.3257,5.9401,0.9920,0.1131,0.0261,0.0491,58.0822,2.9106,1.0225,-0.0060,0.0129,-0.0199,0.1275,-10.0928,37.777772,-122.419270,1995.22,58.08
5.4600,322.0024,11.7034,1995.1850,57.9909,1.0430,2.9665,13.1693,2.3362,5.9866,0.9920,0.1134,0.0262,0.0495,58.0791,2.9195,1.0258,-0.0059,0.0129,-0.0199,0.1278,-10.1070,37.777782,-122.419268,1995.20,58.07
5.4800,323.1567,11.8318,1995.1698,57.9873,1.0462,2.9754,13.2107,2.3468,6.0333,0.9919,0.1138,0.0264,0.0499,58.0761,2.9284,1.0290,-0.0059,0.0128,-0.0200,0.1281,-10.1211,37.777793,-122.419267,1995.18,58.07
5.5000,324.3108,11.9610,1995.1546,57.9837,1.0495,2.9841,13.2520,2.3577,6.0802,0.9918,0.1141,0.0265,0.0503,58.0730,2.9373,1.0323,-0.0059,0.0128,-0.0201,0.1285,-10.1353,37.777803,-122.419266,1995.17,58.07
5.5200,325.4648,12.0912,1995.1395,57.9802,1.0528,2.9926,13.2933,2.3686,6.1273,0.9918,0.1145,0.0267,0.0507,58.0700,2.9461,1.0356,-0.0058,0.0128,-0.0201,0.1288,-10.1493,37.777813,-122.419264,1995.15,58.07
5.5400,326.6186,12.2223,1995.1244,57.9767,1.0560,3.0011,13.3344,2.3796,6.1745,0.9917,0.1148,0.0268,0.0511,58.0669,2.9547,1.0388,-0.0058,0.0128,-0.0202,0.1292,-10.1631,37.777824,-122.419263,1995.14,58.06
5.5600,327.7722,12.3543,1995.1093,57.9732,1.0593,3.0093,13.3756,2.3907,6.2219,0.9916,0.1151,0.0270,0.0515,58.0639,2.9632,1.0421,-0.0057,0.0127,-0.0203,0.1295,-10.1767,37.777834,-122.419261,1995.12,58.06
5.5800,328.9256,12.4873,1995.0943,57.9697,1.0625,3.0172,13.4166,2.4017,6.2695,0.9916,0.1155,0.0272,0.0519,58.0609,2.9714,1.0454,-0.0057,0.0127,-0.0203,0.1299,-10.1900,37.777844,-122.419260,1995.11,58.06
5.6000,330.0789,12.6212,1995.0794,57.9662,1.0658,3.0249,13.4577,2.4127,6.3172,0.9915,0.1158,0.0273,0.0522,58.0579,2.9795,1.0487,-0.0056,0.0127,-0.0204,0.1302,-10.2030,37.777855,-122.419258,1995.09,58.05
5.6200,331.2320,12.7560,1995.0645,57.9628,1.0691,3.0323,13.4986,2.4236,6.3651,0.9915,0.1162,0.0275,0.0526,58.0549,2.9872,1.0519,-0.0055,0.0127,-0.0205,0.1306,-10.2155,37.777865,-122.419257,1995.08,58.05
5.6400,332.3850,12.8918,1995.0496,57.9593,1.0724,3.0394,13.5395,2.4344,6.4131,0.9914,0.1165,0.0277,0.0530,58.0519,2.9947,1.0552,-0.0055,0.0126,-0.0205,0.1309,-10.2276,37.777876,-122.419255,1995.06,58.05
5.6600,333.5378,13.0285,1995.0348,57.9559,1.0756,3.0462,13.5803,2.4451,6.4612,0.9913,0.1168,0.0278,0.0534,58.0489,3.0019,1.0585,-0.0054,0.0126,-0.0206,0.1313,-10.2391,37.777886,-122.419253,1995.05,58.04
5.6800,334.6904,13.1662,1995.0201,57.9526,1.0789,3.0526,13.6211,2.4555,6.5094,0.9913,0.1172,0.0280,0.0538,58.0459,3.0087,1.0618,-0.0054,0.0126,-0.0206,0.1316,-10.2501,37.777896,-122.419252,1995.03,58.04
5.7000,335.8428,13.3048,1995.0054,57.9492,1.0822,3.0586,13.6618,2.4658,6.5577,0.9912,0.1175,0.0281,0.0542,58.0429,3.0152,1.0651,-0.0053,0.0126,-0.0207,0.1319,-10.2605,37.777907,-122.419250,1995.02,58.04
5.7200,336.9950,13.4443,1994.9908,57.9459,1.0854,3.0641,13.7024,2.4758,6.6061,0.9911,0.1178,0.0283,0.0546,58.0400,3.0213,1.0684,-0.0052,0.0125,-0.0208,0.1323,-10.2703,37.777917,-122.419249,1995.01,58.04
5.7400,338.1471,13.5849,1994.9763,57.9426,1.0887,3.0693,13.7430,2.4856,6.6546,0.9911,0.1182,0.0284,0.0550,58.0370,3.0269,1.0716,-0.0052,0.0125,-0.0208,0.1326,-10.2794,37.777927,-122.419247,1994.99,58.03
5.7600,339.2990,13.7264,1994.9618,57.9393,1.0920,3.0740,13.7835,2.4951,6.7033,0.9910,0.1185,0.0286,0.0554,58.0340,3.0322,1.0749,-0.0051,0.0125,-0.0209,0.1330,-10.2878,37.777938,-122.419246,1994.98,58.03
5.7800,340.4508,13.8688,1994.9475,57.9361,1.0952,3.0783,13.8240,2.5042,6.7519,0.9909,0.1188,0.0287,0.0558,58.0311,3.0370,1.0782,-0.0051,0.0125,-0.0210,0.1333,-10.2954,37.777948,-122.419244,1994.96,58.03
5.8000,341.6023,14.0123,1994.9332,57.9329,1.0985,3.0822,13.8643,2.5130,6.8007,0.9909,0.1192,0.0289,0.0562,58.0281,3.0414,1.0814,-0.0050,0.0124,-0.0210,0.1337,-10.3024,37.777958,-122.419242,1994.95,58.02
5.8200,342.7537,14.1567,1994.9190,57.9297,1.1017,3.0855,13.9047,2.5215,6.8495,0.9908,0.1195,0.0290,0.0566,58.0252,3.0454,1.0847,-0.0049,0.0124,-0.0211,0.1340,-10.3085,37.777969,-122.419241,1994.93,58.02
5.8400,343.9049,14.3021,1994.9049,57.9266,1.1049,3.0885,13.9449,2.5295,6.8984,0.9907,0.1198,0.0292,0.0570,58.0223,3.0489,1.0880,-0.0049,0.0124,-0.0212,0.1344,-10.3139,37.777979,-122.419239,1994.92,58.02
5.8600,345.0559,14.4484,1994.8908,57.9235,1.1082,3.0909,13.9851,2.5372,6.9474,0.9907,0.1202,0.0293,0.0574,58.0194,3.0519,1.0912,-0.0048,0.0124,-0.0212,0.1347,-10.3185,37.777989,-122.419237,1994.90,58.02
5.8800,346.2067,14.5958,1994.8769,57.9204,1.1114,3.0929,14.0252,2.5445,6.9964,0.9906,0.1205,0.0294,0.0578,58.0165,3.0545,1.0945,-0.0048,0.0123,-0.0213,0.1350,-10.3224,37.778000,-122.419236,1994.89,58.01
5.9000,347.3573,14.7441,1994.8630,57.9174,1.1146,3.0945,14.0653,2.5514,7.0455,0.9905,0.1208,0.0296,0.0582,58.0136,3.0567,1.0977,-0.0047,0.0123,-0.0214,0.1354,-10.3254,37.778010,-122.419234,1994.88,58.01
5.9200,348.5078,14.8934,1994.8492,57.9144,1.1178,3.0956,14.1053,2.5578,7.0946,0.9905,0.1211,0.0297,0.0587,58.0107,3.0584,1.1009,-0.0047,0.0123,-0.0215,0.1357,-10.3277,37.778020,-122.419232,1994.86,58.01
5.9400,349.6580,15.0438,1994.8355,57.9114,1.1210,3.0963,14.1452,2.5638,7.1437,0.9904,0.1215,0.0298,0.0591,58.0078,3.0596,1.1041,-0.0047,0.0123,-0.0215,0.1361,-10.3292,37.778031,-122.419231,1994.85,58.00
5.9600,350.8081,15.1951,1994.8219,57.9085,1.1242,3.0965,14.1850,2.5693,7.1929,0.9903,0.1218,0.0299,0.0595,58.0049,3.0605,1.1073,-0.0046,0.0122,-0.0216,0.1364,-10.3299,37.778041,-122.419229,1994.84,58.00
5.9800,351.9580,15.3474,1994.8084,57.9056,1.1273,3.0964,14.2248,2.5745,7.2422,0.9902,0.1221,0.0301,0.0599,58.0021,3.0609,1.1105,-0.0046,0.0122,-0.0217,0.1368,-10.3299,37.778051,-122.419227,1994.82,58.00
6.0000,353.1077,15.5007,1994.7950,57.9027,1.1305,3.0958,14.2645,2.5792,7.2915,0.9902,0.1225,0.0302,0.0603,57.9993,3.0609,1.1137,-0.0046,0.0122,-0.0217,0.1371,-10.3292,37.778062,-122.419226,1994.81,58.00
6.0200,354.2572,15.6550,1994.7816,57.8999,1.1336,3.0949,14.3042,2.5834,7.3409,0.9901,0.1228,0.0303,0.0607,57.9964,3.0605,1.1169,-0.0046,0.0122,-0.0218,0.1374,-10.3278,37.778072,-122.419224,1994.79,57.99
6.0400,355.4066,15.8103,1994.7683,57.8971,1.1368,3.0936,14.3437,2.5873,7.3903,0.9900,0.1231,0.0304,0.0611,57.9936,3.0597,1.1201,-0.0046,0.0121,-0.0219,0.1378,-10.3257,37.778082,-122.419222,1994.78,57.99
6.0600,356.5557,15.9666,1994.7551,57.8943,1.1399,3.0920,14.3832,2.5907,7.4397,0.9900,0.1234,0.0305,0.0615,57.9908,3.0586,1.1232,-0.0045,0.0121,-0.0219,0.1381,-10.3230,37.778093,-122.419220,1994.77,57.99
6.0800,357.7046,16.1239,1994.7420,57.8916,1.1430,3.0900,14.4227,2.5937,7.4892,0.9899,0.1238,0.0306,0.0619,57.9881,3.0571,1.1264,-0.0045,0.0121,-0.0220,0.1385,-10.3197,37.778103,-122.419219,1994.76,57.98
6.1000,358.8534,16.2823,1994.7290,57.8889,1.1461,3.0878,14.4620,2.5963,7.5388,0.9898,0.1241,0.0307,0.0624,57.9853,3.0553,1.1295,-0.0045,0.0121,-0.0221,0.1388,-10.3158,37.778113,-122.419217,1994.74,57.98
6.1200,360.0019,16.4416,1994.7160,57.8863,1.1492,3.0853,14.5013,2.5985,7.5884,0.9898,0.1244,0.0308,0.0628,57.9825,3.0532,1.1326,-0.0045,0.0121,-0.0221,0.1391,-10.3114,37.778124,-122.419215,1994.73,57.98
6.1400,361.1503,16.6020,1994.7031,57.8837,1.1522,3.0825,14.5405,2.6004,7.6380,0.9897,0.1247,0.0309,0.0632,57.9798,3.0509,1.1357,-0.0046,0.0120,-0.0222,0.1395,-10.3065,37.778134,-122.419213,1994.72,57.98
6.1600,362.2984,16.7634,1994.6902,57.8811,1.1553,3.0795,14.5797,2.6019,7.6878,0.9896,0.1251,0.0310,0.0636,57.9771,3.0483,1.1388,-0.0046,0.0120,-0.0223,0.1398,-10.3012,37.778144,-122.419211,1994.70,57.97
6.1800,363.4464,16.9258,1994.6775,57.8785,1.1583,3.0764,14.6188,2.6031,7.7375,0.9896,0.1254,0.0311,0.0640,57.9744,3.0455,1.1418,-0.0046,0.0120,-0.0223,0.1401,-10.2954,37.778155,-122.419209,1994.69,57.97
6.2000,364.5941,17.0892,1994.6648,57.8760,1.1614,3.0731,14.6578,2.6040,7.7874,0.9895,0.1257,0.0311,0.0644,57.9718,3.0425,1.1449,-0.0046,0.0120,-0.0224,0.1405,-10.2893,37.778165,-122.419208,1994.68,57.97
6.2200,365.7417,17.2537,1994.6521,57.8735,1.1644,3.0696,14.6967,2.6046,7.8373,0.9894,0.1260,0.0312,0.0649,57.9691,3.0394,1.1479,-0.0046,0.0119,-0.0225,0.1408,-10.2829,37.778175,-122.419206,1994.66,57.97
6.2400,366.8891,17.4191,1994.6395,57.8710,1.1674,3.0660,14.7356,2.6049,7.8874,0.9893,0.1264,0.0313,0.0653,57.9665,3.0361,1.1510,-0.0047,0.0119,-0.0225,0.1412,-10.2763,37.778186,-122.419204,1994.65,57.96
6.2600,368.0362,17.5856,1994.6270,57.8686,1.1703,3.0624,14.7743,2.6050,7.9375,0.9893,0.1267,0.0314,0.0657,57.9639,3.0327,1.1540,-0.0047,0.0119,-0.0226,0.1415,-10.2694,37.778196,-122.419202,1994.64,57.96
6.2800,369.1832,17.7532,1994.6145,57.8662,1.1733,3.0587,14.8131,2.6048,7.9877,0.9892,0.1270,0.0315,0.0661,57.9614,3.0293,1.1570,-0.0048,0.0119,-0.0227,0.1418,-10.2623,37.778206,-122.419200,1994.63,57.96
6.3000,370.3300,17.9217,1994.6020,57.8638,1.1763,3.0550,14.8517,2.6045,8.0380,0.9891,0.1273,0.0315,0.0666,57.9588,3.0257,1.1600,-0.0048,0.0118,-0.0227,0.1422,-10.2552,37.778216,-122.419198,1994.61,57.96
6.3200,371.4765,18.0913,1994.5896,57.8614,1.1792,3.0513,14.8903,2.6040,8.0884,0.9891,0.1276,0.0316,0.0670,57.9563,3.0222,1.1629,-0.0048,0.0118,-0.0228,0.1425,-10.2479,37.778227,-122.419196,1994.60,57.95
6.3400,372.6229,18.2619,1994.5772,57.8591,1.1821,3.0476,14.9288,2.6033,8.1389,0.9890,0.1280,0.0317,0.0674,57.9538,3.0187,1.1659,-0.0049,0.0118,-0.0229,0.1428,-10.2407,37.778237,-122.419194,1994.59,57.95
6.3600,373.7690,18.4336,1994.5649,57.8567,1.1851,3.0440,14.9672,2.6026,8.1895,0.9889,0.1283,0.0318,0.0678,57.9513,3.0152,1.1689,-0.0050,0.0118,-0.0229,0.1431,-10.2335,37.778247,-122.419192,1994.58,57.95
6.3800,374.9150,18.6063,1994.5526,57.8545,1.1880,3.0405,15.0055,2.6017,8.2403,0.9888,0.1286,0.0318,0.0683,57.9489,3.0117,1.1718,-0.0050,0.0117,-0.0230,0.1435,-10.2263,37.778258,-122.419191,1994.56,57.95
6.4000,376.0607,18.7801,1994.5403,57.8522,1.1909,3.0371,15.0438,2.6008,8.2911,0.9888,0.1289,0.0319,0.0687,57.9465,3.0084,1.1747,-0.0051,0.0117,-0.0230,0.1438,-10.2193,37.778268,-122.419189,1994.55,57.94
6.4200,377.2063,18.9548,1994.5280,57.8499,1.1937,3.0338,15.0820,2.5999,8.3422,0.9887,0.1292,0.0320,0.0691,57.9441,3.0051,1.1776,-0.0051,0.0117,-0.0231,0.1441,-10.2125,37.778278,-122.419187,1994.54,57.94
6.4400,378.3516,19.1307,1994.5158,57.8477,1.1966,3.0307,15.1202,2.5989,8.3933,0.9886,0.1295,0.0320,0.0695,57.9417,3.0020,1.1805,-0.0052,0.0117,-0.0232,0.1444,-10.2058,37.778289,-122.419185,1994.53,57.94
6.4600,379.4967,19.3075,1994.5036,57.8455,1.1995,3.0278,15.1583,2.5980,8.4446,0.9885,0.1298,0.0321,0.0700,57.9394,2.9990,1.1834,-0.0053,0.0116,-0.0232,0.1448,-10.1994,37.778299,-122.419183,1994.52,57.94
6.4800,380.6416,19.4854,1994.4913,57.8433,1.2023,3.0250,15.1963,2.5971,8.4961,0.9885,0.1302,0.0322,0.0704,57.9371,2.9963,1.1863,-0.0053,0.0116,-0.0233,0.1451,-10.1933,37.778309,-122.419181,1994.50,57.93
6.5000,381.7863,19.6644,1994.4792,57.8411,1.2051,3.0225,15.2342,2.5963,8.5477,0.9884,0.1305,0.0323,0.0709,57.9348,2.9937,1.1891,-0.0054,0.0116,-0.0234,0.1454,-10.1876,37.778319,-122.419179,1994.49,57.93
6.5200,382.9308,19.8444,1994.4670,57.8389,1.2080,3.0202,15.2720,2.5955,8.5995,0.9883,0.1308,0.0323,0.0713,57.9326,2.9913,1.1920,-0.0055,0.0116,-0.0234,0.1457,-10.1821,37.778330,-122.419177,1994.48,57.93
6.5400,384.0751,20.0255,1994.4548,57.8368,1.2108,3.0182,15.3098,2.5949,8.6515,0.9882,0.1311,0.0324,0.0717,57.9303,2.9892,1.1948,-0.0055,0.0115,-0.0235,0.1460,-10.1771,37.778340,-122.419174,1994.47,57.93
6.5600,385.2192,20.2076,1994.4426,57.8347,1.2136,3.0165,15.3475,2.5944,8.7037,0.9882,0.1314,0.0325,0.0722,57.9281,2.9873,1.1977,-0.0056,0.0115,-0.0236,0.1464,-10.1725,37.778350,-122.419172,1994.45,57.92
6.5800,386.3630,20.3908,1994.4304,57.8325,1.2164,3.0150,15.3852,2.5941,8.7560,0.9881,0.1317,0.0326,0.0726,57.9260,2.9857,1.2005,-0.0057,0.0115,-0.0236,0.1467,-10.1683,37.778360,-122.419170,1994.44,57.92
6.6000,387.5067,20.5750,1994.4182,57.8304,1.2192,3.0138,15.4228,2.5939,8.8085,0.9880,0.1320,0.0327,0.0731,57.9238,2.9843,1.2033,-0.0057,0.0115,-0.0237,0.1470,-10.1646,37.778371,-122.419168,1994.43,57.92
6.6200,388.6501,20.7603,1994.4061,57.8283,1.2220,3.0129,15.4603,2.5940,8.8613,0.9879,0.1323,0.0328,0.0735,57.9217,2.9833,1.2061,-0.0058,0.0114,-0.0237,0.1473,-10.1614,37.778381,-122.419166,1994.42,57.92
6.6400,389.7933,20.9467,1994.3939,57.8262,1.2248,3.0124,15.4977,2.5943,8.9142,0.9879,0.1326,0.0328,0.0739,57.9197,2.9825,1.2089,-0.0059,0.0114,-0.0238,0.1476,-10.1587,37.778391,-122.419164,1994.41,57.92
6.6600,390.9363,21.1341,1994.3817,57.8242,1.2275,3.0121,15.5351,2.5947,8.9673,0.9878,0.1330,0.0329,0.0744,57.9176,2.9820,1.2117,-0.0059,0.0114,-0.0239,0.1479,-10.1565,37.778402,-122.419162,1994.39,57.91
6.6800,392.0791,21.3226,1994.3695,57.8221,1.2303,3.0122,15.5724,2.5955,9.0206,0.9877,0.1333,0.0330,0.0748,57.9156,2.9819,1.2145,-0.0060,0.0114,-0.0239,0.1482,-10.1549,37.778412,-122.419160,1994.38,57.91
6.7000,393.2217,21.5122,1994.3573,57.8200,1.2331,3.0125,15.6096,2.5965,9.0742,0.9876,0.1336,0.0331,0.0753,57.9136,2.9821,1.2173,-0.0061,0.0113,-0.0240,0.1485,-10.1538,37.778422,-122.419158,1994.37,57.91
6.7200,394.3640,21.7028,1994.3451,57.8180,1.2358,3.0132,15.6468,2.5977,9.1280,0.9875,0.1339,0.0332,0.0757,57.9116,2.9825,1.2200,-0.0061,0.0113,-0.0240,0.1489,-10.1533,37.778432,-122.419156,1994.36,57.91
6.7400,395.5062,21.8945,1994.3328,57.8159,1.2386,3.0143,15.6839,2.5993,9.1819,0.9875,0.1342,0.0333,0.0762,57.9096,2.9833,1.2228,-0.0062,0.0113,-0.0241,0.1492,-10.1533,37.778443,-122.419153,1994.35,57.91
6.7600,396.6481,22.0873,1994.3206,57.8139,1.2413,3.0156,15.7210,2.6011,9.2361,0.9874,0.1345,0.0334,0.0766,57.9077,2.9844,1.2256,-0.0062,0.0113,-0.0242,0.1495,-10.1539,37.778453,-122.419151,1994.33,57.90
6.7800,397.7898,22.2812,1994.3084,57.8119,1.2441,3.0173,15.7579,2.6032,9.2905,0.9873,0.1348,0.0335,0.0771,57.9058,2.9859,1.2283,-0.0063,0.0112,-0.0242,0.1498,-10.1550,37.778463,-122.419149,1994.32,57.90
6.8000,398.9312,22.4761,1994.2961,57.8099,1.2468,3.0192,15.7948,2.6056,9.3452,0.9872,0.1351,0.0336,0.0776,57.9039,2.9876,1.2311,-0.0063,0.0112,-0.0243,0.1501,-10.1567,37.778473,-122.419147,1994.31,57.90
6.8200,400.0725,22.6722,1994.2838,57.8078,1.2495,3.0215,15.8317,2.6083,9.4001,0.9871,0.1354,0.0337,0.0780,57.9021,2.9896,1.2338,-0.0064,0.0112,-0.0243,0.1504,-10.1589,37.778484,-122.419145,1994.30,57.90
6.8400,401.2135,22.8693,1994.2715,57.8058,1.2523,3.0240,15.8684,2.6113,9.4551,0.9871,0.1357,0.0339,0.0785,57.9002,2.9920,1.2366,-0.0064,0.0112,-0.0244,0.1507,-10.1616,37.778494,-122.419142,1994.28,57.90
6.8600,402.3543,23.0675,1994.2593,57.8038,1.2550,3.0268,15.9051,2.6146,9.5105,0.9870,0.1360,0.0340,0.0789,57.8984,2.9946,1.2393,-0.0065,0.0111,-0.0245,0.1510,-10.1648,37.778504,-122.419140,1994.27,57.90
6.8800,403.4949,23.2668,1994.2470,57.8018,1.2577,3.0299,15.9418,2.6181,9.5660,0.9869,0.1363,0.0341,0.0794,57.8966,2.9975,1.2421,-0.0065,0.0111,-0.0245,0.1513,-10.1686,37.778514,-122.419138,1994.26,57.89
6.9000,404.6352,23.4672,1994.2347,57.7998,1.2605,3.0333,15.9784,2.6220,9.6217,0.9868,0.1366,0.0342,0.0799,57.8949,3.0007,1.2448,-0.0066,0.0111,-0.0246,0.1516,-10.1728,37.778525,-122.419136,1994.25,57.89
6.9200,405.7753,23.6687,1994.2223,57.7979,1.2632,3.0369,16.0149,2.6262,9.6777,0.9867,0.1369,0.0344,0.0803,57.8931,3.0041,1.2476,-0.0066,0.0111,-0.0246,0.1519,-10.1775,37.778535,-122.419133,1994.23,57.89
6.9400,406.9152,23.8713,1994.2100,57.7959,1.2659,3.0407,16.0513,2.6306,9.7339,0.9866,0.1371,0.0345,0.0808,57.8914,3.0077,1.2503,-0.0066,0.0110,-0.0247,0.1522,-10.1826,37.778545,-122.419131,1994.22,57.89
6.9600,408.0549,24.0750,1994.1977,57.7939,1.2686,3.0447,16.0877,2.6354,9.7903,0.9866,0.1374,0.0346,0.0813,57.8897,3.0116,1.2530,-0.0066,0.0110,-0.0247,0.1525,-10.1881,37.778555,-122.419129,1994.21,57.89
6.9800,409.1943,24.2798,1994.1854,57.7920,1.2714,3.0489,16.1240,2.6404,9.8470,0.9865,0.1377,0.0348,0.0817,57.8880,3.0157,1.2558,-0.0067,0.0110,-0.0248,0.1528,-10.1940,37.778566,-122.419126,1994.20,57.88
7.0000,410.3335,24.4857,1994.1731,57.7900,1.2741,3.0533,16.1603,2.6456,9.9038,0.9864,0.1380,0.0349,0.0822,57.8863,3.0199,1.2585,-0.0067,0.0110,-0.0249,0.1531,-10.2003,37.778576,-122.419124,1994.19,57.88
7.0200,411.4724,24.6927,1994.1607,57.7881,1.2768,3.0578,16.1965,2.6511,9.9608,0.9863,0.1383,0.0350,0.0827,57.8846,3.0244,1.2612,-0.0067,0.0109,-0.0249,0.1534,-10.2069,37.778586,-122.419122,1994.17,57.88
7.0400,412.6111,24.9009,1994.1484,57.7861,1.2795,3.0625,16.2326,2.6568,10.0181,0.9862,0.1386,0.0352,0.0832,57.8830,3.0289,1.2640,-0.0067,0.0109,-0.0250,0.1536,-10.2138,37.778596,-122.419119,1994.16,57.88
7.0600,413.7496,25.1101,1994.1361,57.7842,1.2823,3.0673,16.2687,2.6627,10.0755,0.9861,0.1389,0.0353,0.0836,57.8814,3.0337,1.2667,-0.0067,0.0109,-0.0250,0.1539,-10.2209,37.778607,-122.419117,1994.15,57.88
7.0800,414.8878,25.3205,1994.1238,57.7823,1.2850,3.0722,16.3047,2.6689,10.1332,0.9861,0.1392,0.0355,0.0841,57.8797,3.0385,1.2694,-0.0067,0.0109,-0.0251,0.1542,-10.2283,37.778617,-122.419115,1994.14,57.88
7.1000,416.0258,25.5320,1994.1115,57.7804,1.2877,3.0772,16.3406,2.6752,10.1910,0.9860,0.1395,0.0356,0.0846,57.8781,3.0435,1.2721,-0.0067,0.0108,-0.0251,0.1545,-10.2359,37.778627,-122.419112,1994.12,57.87
7.1200,417.1636,25.7446,1994.0992,57.7784,1.2904,3.0822,16.3765,2.6817,10.2491,0.9859,0.1397,0.0358,0.0851,57.8766,3.0485,1.2749,-0.0067,0.0108,-0.0252,0.1548,-10.2436,37.778637,-122.419110,1994.11,57.87
7.1400,418.3011,25.9584,1994.0869,57.7766,1.2931,3.0872,16.4123,2.6883,10.3073,0.9858,0.1400,0.0359,0.0855,57.8750,3.0535,1.2776,-0.0067,0.0108,-0.0253,0.1551,-10.2515,37.778647,-122.419107,1994.10,57.87
7.1600,419.4383,26.1733,1994.0747,57.7747,1.2958,3.0923,16.4480,2.6951,10.3657,0.9857,0.1403,0.0361,0.0860,57.8734,3.0586,1.2803,-0.0067,0.0107,-0.0253,0.1554,-10.2594,37.778658,-122.419105,1994.09,57.87
7.1800,420.5754,26.3893,1994.0624,57.7728,1.2985,3.0974,16.4837,2.7020,10.4242,0.9856,0.1406,0.0363,0.0865,57.8719,3.0638,1.2830,-0.0067,0.0107,-0.0254,0.1557,-10.2675,37.778668,-122.419103,1994.07,57.87
7.2000,421.7121,26.6065,1994.0502,57.7709,1.3013,3.1025,16.5193,2.7089,10.4829,0.9855,0.1409,0.0364,0.0870,57.8703,3.0689,1.2858,-0.0067,0.0107,-0.0254,0.1560,-10.2755,37.778678,-122.419100,1994.06,57.87
7.2200,422.8486,26.8248,1994.0380,57.7691,1.3040,3.1075,16.5549,2.7160,10.5418,0.9854,0.1412,0.0366,0.0875,57.8688,3.0740,1.2885,-0.0067,0.0107,-0.0255,0.1563,-10.2835,37.778688,-122.419098,1994.05,57.87
7.2400,423.9849,27.0443,1994.0258,57.7673,1.3067,3.1125,16.5903,2.7231,10.6009,0.9853,0.1414,0.0367,0.0880,57.8673,3.0791,1.2912,-0.0067,0.0106,-0.0255,0.1566,-10.2916,37.778699,-122.419095,1994.04,57.86
7.2600,425.1209,27.2649,1994.0137,57.7654,1.3094,3.1174,16.6258,2.7303,10.6601,0.9853,0.1417,0.0369,0.0885,57.8658,3.0841,1.2939,-0.0066,0.0106,-0.0256,0.1568,-10.2995,37.778709,-122.419093,1994.03,57.86
7.2800,426.2567,27.4867,1994.0016,57.7636,1.3121,3.1221,16.6611,2.7375,10.7194,0.9852,0.1420,0.0371,0.0890,57.8643,3.0890,1.2966,-0.0066,0.0106,-0.0256,0.1571,-10.3073,37.778719,-122.419090,1994.01,57.86
7.3000,427.3922,27.7096,1993.9895,57.7618,1.3148,3.1268,16.6964,2.7447,10.7789,0.9851,0.1423,0.0372,0.0894,57.8628,3.0938,1.2993,-0.0066,0.0106,-0.0257,0.1574,-10.3150,37.778729,-122.419088,1994.00,57.86
7.3200,428.5274,27.9337,1993.9775,57.7601,1.3175,3.1314,16.7316,2.7519,10.8385,0.9850,0.1426,0.0374,0.0899,57.8613,3.0986,1.3020,-0.0066,0.0105,-0.0258,0.1577,-10.3225,37.778739,-122.419085,1993.99,57.86
7.3400,429.6624,28.1589,1993.9655,57.7583,1.3202,3.1358,16.7668,2.7590,10.8983,0.9849,0.1428,0.0376,0.0904,57.8599,3.1032,1.3047,-0.0066,0.0105,-0.0258,0.1580,-10.3299,37.778750,-122.419083,1993.98,57.86
7.3600,430.7971,28.3853,1993.9535,57.7566,1.3229,3.1401,16.8019,2.7661,10.9581,0.9848,0.1431,0.0377,0.0909,57.8584,3.1077,1.3074,-0.0065,0.0105,-0.0259,0.1583,-10.3370,37.778760,-122.419080,1993.97,57.86
7.3800,431.9316,28.6129,1993.9416,57.7548,1.3255,3.1442,16.8369,2.7732,11.0181,0.9847,0.1434,0.0379,0.0914,57.8570,3.1120,1.3101,-0.0065,0.0105,-0.0259,0.1586,-10.3439,37.778770,-122.419077,1993.95,57.85
7.4000,433.0658,28.8416,1993.9297,57.7531,1.3282,3.1481,16.8719,2.7801,11.0782,0.9846,0.1437,0.0380,0.0919,57.8555,3.1161,1.3128,-0.0065,0.0104,-0.0260,0.1589,-10.3505,37.778780,-122.419075,1993.94,57.85
7.4200,434.1997,29.0716,1993.9179,57.7514,1.3309,3.1519,16.9068,2.7870,11.1384,0.9845,0.1439,0.0382,0.0924,57.8541,3.1201,1.3155,-0.0065,0.0104,-0.0260,0.1591,-10.3569,37.778790,-122.419072,1993.93,57.85
7.4400,435.3334,29.3026,1993.9061,57.7498,1.3336,3.1554,16.9416,2.7937,11.1987,0.9844,0.1442,0.0384,0.0929,57.8527,3.1239,1.3182,-0.0064,0.0104,-0.0261,0.1594,-10.3629,37.778800,-122.419070,1993.92,57.85
7.4600,436.4668,29.5349,1993.8943,57.7481,1.3363,3.1587,16.9764,2.8004,11.2592,0.9843,0.1445,0.0385,0.0934,57.8513,3.1275,1.3209,-0.0064,0.0104,-0.0262,0.1597,-10.3686,37.778811,-122.419067,1993.91,57.85
7.4800,437.5999,29.7684,1993.8827,57.7465,1.3389,3.1619,17.0111,2.8068,11.3197,0.9842,0.1448,0.0387,0.0939,57.8499,3.1309,1.3236,-0.0064,0.0103,-0.0262,0.1600,-10.3740,37.778821,-122.419064,1993.89,57.85
7.5000,438.7328,30.0030,1993.8710,57.7449,1.3416,3.1648,17.0457,2.8132,11.3803,0.9841,0.1450,0.0388,0.0944,57.8485,3.1340,1.3262,-0.0064,0.0103,-0.0263,0.1603,-10.3790,37.778831,-122.419062,1993.88,57.85
7.5200,439.8654,30.2388,1993.8594,57.7433,1.3442,3.1674,17.0803,2.8193,11.4409,0.9841,0.1453,0.0390,0.0949,57.8471,3.1370,1.3289,-0.0063,0.0103,-0.0263,0.1606,-10.3837,37.778841,-122.419059,1993.87,57.84
7.5400,440.9977,30.4759,1993.8479,57.7417,1.3469,3.1699,17.1147,2.8253,11.5017,0.9840,0.1456,0.0392,0.0954,57.8457,3.1397,1.3316,-0.0063,0.0103,-0.0264,0.1609,-10.3880,37.778851,-122.419056,1993.86,57.84
7.5600,442.1297,30.7141,1993.8364,57.7402,1.3495,3.1721,17.1492,2.8312,11.5626,0.9839,0.1458,0.0393,0.0959,57.8443,3.1423,1.3342,-0.0063,0.0102,-0.0264,0.1611,-10.3919,37.778862,-122.419054,1993.85,57.84
7.5800,443.2614,30.9535,1993.8250,57.7387,1.3522,3.1741,17.1835,2.8368,11.6235,0.9838,0.1461,0.0395,0.0964,57.8430,3.1446,1.3369,-0.0063,0.0102,-0.0265,0.1614,-10.3954,37.778872,-122.419051,1993.84,57.84
7.6000,444.3929,31.1941,1993.8136,57.7372,1.3548,3.1759,17.2178,2.8422,11.6845,0.9837,0.1464,0.0396,0.0969,57.8416,3.1466,1.3395,-0.0063,0.0102,-0.0265,0.1617,-10.3985,37.778882,-122.419048,1993.82,57.84
7.6200,445.5241,31.4359,1993.8023,57.7357,1.3574,3.1775,17.2520,2.8474,11.7456,0.9836,0.1466,0.0398,0.0974,57.8403,3.1485,1.3421,-0.0062,0.0102,-0.0266,0.1620,-10.4013,37.778892,-122.419045,1993.81,57.84
7.6400,446.6550,31.6789,1993.7910,57.7342,1.3600,3.1788,17.2862,2.8525,11.8067,0.9835,0.1469,0.0399,0.0979,57.8390,3.1501,1.3448,-0.0062,0.0101,-0.0267,0.1623,-10.4037,37.778902,-122.419043,1993.80,57.84
7.6600,447.7856,31.9231,1993.7798,57.7328,1.3626,3.1799,17.3202,2.8573,11.8679,0.9834,0.1472,0.0401,0.0984,57.8377,3.1515,1.3474,-0.0062,0.0101,-0.0267,0.1626,-10.4057,37.778912,-122.419040,1993.79,57.83
7.6800,448.9159,32.1685,1993.7686,57.7314,1.3652,3.1808,17.3542,2.8619,11.9292,0.9833,0.1474,0.0402,0.0989,57.8364,3.1526,1.3500,-0.0062,0.0101,-0.0268,0.1628,-10.4073,37.778923,-122.419037,1993.78,57.83
7.7000,450.0460,32.4151,1993.7575,57.7300,1.3678,3.1814,17.3882,2.8662,11.9906,0.9832,0.1477,0.0404,0.0995,57.8351,3.1536,1.3526,-0.0062,0.0101,-0.0268,0.1631,-10.4085,37.778933,-122.419034,1993.77,57.83
7.7200,451.1757,32.6629,1993.7465,57.7286,1.3704,3.1819,17.4220,2.8704,12.0520,0.9831,0.1480,0.0405,0.1000,57.8338,3.1543,1.3552,-0.0062,0.0100,-0.0269,0.1634,-10.4094,37.778943,-122.419032,1993.76,57.83
7.7400,452.3052,32.9119,1993.7355,57.7273,1.3729,3.1822,17.4558,2.8743,12.1135,0.9830,0.1482,0.0407,0.1005,57.8325,3.1549,1.3578,-0.0062,0.0100,-0.0269,0.1637,-10.4099,37.778953,-122.419029,1993.75,57.83
7.7600,453.4343,33.1622,1993.7246,57.7260,1.3755,3.1823,17.4895,2.8781,12.1750,0.9829,0.1485,0.0408,0.1010,57.8313,3.1552,1.3604,-0.0062,0.0100,-0.0270,0.1640,-10.4101,37.778963,-122.419026,1993.74,57.83
7.7800,454.5632,33.4137,1993.7137,57.7247,1.3781,3.1822,17.5232,2.8816,12.2367,0.9828,0.1488,0.0409,0.1015,57.8300,3.1554,1.3629,-0.0062,0.0100,-0.0270,0.1642,-10.4100,37.778973,-122.419023,1993.72,57.83
7.8000,455.6918,33.6664,1993.7028,57.7234,1.3806,3.1820,17.5568,2.8849,12.2984,0.9827,0.1490,0.0411,0.1020,57.8288,3.1554,1.3655,-0.0062,0.0099,-0.0271,0.1645,-10.4095,37.778983,-122.419020,1993.71,57.83
7.8200,456.8200,33.9203,1993.6920,57.7222,1.3831,3.1816,17.5903,2.8880,12.3601,0.9826,0.1493,0.0412,0.1025,57.8276,3.1552,1.3680,-0.0062,0.0099,-0.0272,0.1648,-10.4088,37.778994,-122.419017,1993.70,57.83
7.8400,457.9480,34.1754,1993.6813,57.7210,1.3857,3.1810,17.6237,2.8910,12.4220,0.9825,0.1495,0.0414,0.1030,57.8264,3.1549,1.3706,-0.0062,0.0099,-0.0272,0.1651,-10.4078,37.779004,-122.419014,1993.69,57.82
7.8600,459.0757,34.4317,1993.6706,57.7198,1.3882,3.1804,17.6571,2.8937,12.4839,0.9824,0.1498,0.0415,0.1036,57.8252,3.1544,1.3731,-0.0062,0.0098,-0.0273,0.1653,-10.4065,37.779014,-122.419012,1993.68,57.82
7.8800,460.2030,34.6893,1993.6600,57.7186,1.3907,3.1796,17.6904,2.8963,12.5459,0.9823,0.1501,0.0416,0.1041,57.8240,3.1538,1.3756,-0.0062,0.0098,-0.0273,0.1656,-10.4050,37.779024,-122.419009,1993.67,57.82
7.9000,461.3301,34.9481,1993.6494,57.7174,1.3932,3.1787,17.7236,2.8986,12.6079,0.9822,0.1503,0.0417,0.1046,57.8228,3.1531,1.3781,-0.0062,0.0098,-0.0274,0.1659,-10.4033,37.779034,-122.419006,1993.66,57.82
7.9200,462.4569,35.2082,1993.6388,57.7163,1.3957,3.1777,17.7567,2.9009,12.6701,0.9821,0.1506,0.0419,0.1051,57.8217,3.1523,1.3807,-0.0063,0.0098,-0.0274,0.1662,-10.4014,37.779044,-122.419003,1993.65,57.82
7.9400,463.5833,35.4694,1993.6283,57.7152,1.3982,3.1767,17.7898,2.9029,12.7323,0.9820,0.1508,0.0420,0.1056,57.8205,3.1514,1.3831,-0.0063,0.0097,-0.0275,0.1664,-10.3993,37.779054,-122.419000,1993.64,57.82
7.9600,464.7094,35.7319,1993.6178,57.7141,1.4006,3.1755,17.8228,2.9049,12.7946,0.9819,0.1511,0.0421,0.1061,57.8194,3.1504,1.3856,-0.0063,0.0097,-0.0275,0.1667,-10.3971,37.779064,-122.418997,1993.63,57.82
7.9800,465.8353,35.9957,1993.6074,57.7130,1.4031,3.1744,17.8557,2.9067,12.8570,0.9818,0.1514,0.0423,0.1067,57.8183,3.1493,1.3881,-0.0063,0.0097,-0.0276,0.1670,-10.3948,37.779075,-122.418994,1993.62,57.82
8.0000,466.9608,36.2607,1993.5970,57.7119,1.4055,3.1731,17.8886,2.9084,12.9195,0.9817,0.1516,0.0424,0.1072,57.8173,3.1482,1.3906,-0.0063,0.0097,-0.0276,0.1673,-10.3923,37.779085,-122.418991,1993.61,57.81
8.0200,468.0860,36.5269,1993.5866,57.7109,1.4080,3.1719,17.9214,2.9099,12.9821,0.9816,0.1519,0.0425,0.1077,57.8162,3.1471,1.3930,-0.0064,0.0096,-0.0277,0.1675,-10.3898,37.779095,-122.418988,1993.60,57.81
8.0400,469.2109,36.7943,1993.5763,57.7099,1.4104,3.1707,17.9541,2.9114,13.0447,0.9815,0.1521,0.0426,0.1082,57.8151,3.1459,1.3955,-0.0064,0.0096,-0.0277,0.1678,-10.3872,37.779105,-122.418985,1993.59,57.81
8.0600,470.3355,37.0630,1993.5660,57.7089,1.4128,3.1694,17.9867,2.9128,13.1075,0.9814,0.1524,0.0428,0.1087,57.8141,3.1448,1.3979,-0.0064,0.0096,-0.0278,0.1681,-10.3846,37.779115,-122.418982,1993.58,57.81
8.0800,471.4597,37.3329,1993.5558,57.7079,1.4152,3.1682,18.0193,2.9142,13.1704,0.9813,0.1526,0.0429,0.1093,57.8131,3.1436,1.4003,-0.0065,0.0096,-0.0279,0.1683,-10.3820,37.779125,-122.418979,1993.57,57.81
8.1000,472.5837,37.6041,1993.5455,57.7069,1.4177,3.1670,18.0518,2.9155,13.2334,0.9812,0.1529,0.0430,0.1098,57.8121,3.1424,1.4027,-0.0065,0.0095,-0.0279,0.1686,-10.3795,37.779135,-122.418976,1993.56,57.81
8.1200,473.7073,37.8765,1993.5353,57.7060,1.4200,3.1659,18.0842,2.9167,13.2965,0.9811,0.1531,0.0432,0.1103,57.8111,3.1413,1.4052,-0.0065,0.0095,-0.0280,0.1689,-10.3769,37.779145,-122.418973,1993.55,57.81
8.1400,474.8306,38.1502,1993.5252,57.7050,1.4224,3.1648,18.1165,2.9179,13.3598,0.9810,0.1534,0.0433,0.1109,57.8102,3.1403,1.4076,-0.0066,0.0095,-0.0280,0.1692,-10.3745,37.779155,-122.418970,1993.54,57.81
8.1600,475.9535,38.4251,1993.5150,57.7041,1.4248,3.1638,18.1488,2.9191,13.4231,0.9809,0.1536,0.0434,0.1114,57.8092,3.1392,1.4099,-0.0066,0.0095,-0.0281,0.1694,-10.3721,37.779165,-122.418966,1993.53,57.81
8.1800,477.0762,38.7013,1993.5049,57.7032,1.4272,3.1629,18.1810,2.9203,13.4866,0.9808,0.1539,0.0435,0.1119,57.8083,3.1383,1.4123,-0.0066,0.0094,-0.0281,0.1697,-10.3698,37.779176,-122.418963,1993.52,57.81
8.2000,478.1985,38.9787,1993.4948,57.7023,1.4295,3.1620,18.2132,2.9215,13.5502,0.9807,0.1541,0.0437,0.1124,57.8074,3.1374,1.4147,-0.0067,0.0094,-0.0282,0.1699,-10.3676,37.779186,-122.418960,1993.50,57.81
8.2200,479.3205,39.2574,1993.4847,57.7014,1.4319,3.1613,18.2452,2.9227,13.6140,0.9806,0.1544,0.0438,0.1130,57.8065,3.1366,1.4171,-0.0067,0.0094,-0.0282,0.1702,-10.3656,37.779196,-122.418957,1993.49,57.80
8.2400,480.4421,39.5373,1993.4746,57.7005,1.4342,3.1607,18.2772,2.9239,13.6778,0.9804,0.1546,0.0439,0.1135,57.8057,3.1359,1.4194,-0.0068,0.0094,-0.0283,0.1705,-10.3638,37.779206,-122.418954,1993.48,57.80
8.2600,481.5635,39.8185,1993.4645,57.6997,1.4366,3.1601,18.3092,2.9252,13.7419,0.9803,0.1549,0.0440,0.1140,57.8048,3.1354,1.4218,-0.0068,0.0093,-0.0283,0.1707,-10.3621,37.779216,-122.418951,1993.47,57.80
8.2800,482.6844,40.1010,1993.4545,57.6988,1.4389,3.1597,18.3410,2.9266,13.8060,0.9802,0.1551,0.0442,0.1146,57.8040,3.1349,1.4241,-0.0068,0.0093,-0.0284,0.1710,-10.3607,37.779226,-122.418947,1993.46,57.80
8.3000,483.8051,40.3847,1993.4445,57.6980,1.4412,3.1595,18.3728,2.9280,13.8703,0.9801,0.1554,0.0443,0.1151,57.8032,3.1345,1.4264,-0.0069,0.0093,-0.0284,0.1713,-10.3594,37.779236,-122.418944,1993.45,57.80
8.3200,484.9254,40.6697,1993.4345,57.6972,1.4436,3.1594,18.4045,2.9295,13.9348,0.9800,0.1556,0.0444,0.1156,57.8024,3.1343,1.4288,-0.0069,0.0093,-0.0285,0.1715,-10.3584,37.779246,-122.418941,1993.44,57.80
8.3400,486.0454,40.9559,1993.4245,57.6964,1.4459,3.1594,18.4362,2.9311,13.9994,0.9799,0.1559,0.0446,0.1162,57.8016,3.1343,1.4311,-0.0070,0.0092,-0.0285,0.1718,-10.3575,37.779256,-122.418938,1993.43,57.80
8.3600,487.1651,41.2434,1993.4145,57.6956,1.4482,3.1596,18.4677,2.9327,14.0642,0.9798,0.1561,0.0447,0.1167,57.8009,3.1343,1.4334,-0.0070,0.0092,-0.0286,0.1720,-10.3570,37.779266,-122.418935,1993.42,57.80
8.3800,488.2844,41.5322,1993.4045,57.6948,1.4505,3.1599,18.4992,2.9345,14.1291,0.9797,0.1564,0.0448,0.1173,57.8001,3.1345,1.4357,-0.0070,0.0092,-0.0286,0.1723,-10.3567,37.779276,-122.418931,1993.41,57.80
8.4000,489.4033,41.8222,1993.3945,57.6940,1.4528,3.1604,18.5307,2.9364,14.1942,0.9796,0.1566,0.0450,0.1178,57.7994,3.1349,1.4380,-0.0071,0.0092,-0.0287,0.1725,-10.3566,37.779286,-122.418928,1993.40,57.80
8.4200,490.5219,42.1135,1993.3846,57.6932,1.4550,3.1610,18.5621,2.9384,14.2594,0.9795,0.1568,0.0451,0.1183,57.7987,3.1354,1.4403,-0.0071,0.0091,-0.0287,0.1728,-10.3568,37.779296,-122.418925,1993.39,57.80
8.4400,491.6402,42.4061,1993.3746,57.6924,1.4573,3.1618,18.5934,2.9405,14.3248,0.9794,0.1571,0.0453,0.1189,57.7980,3.1361,1.4426,-0.0071,0.0091,-0.0288,0.1731,-10.3573,37.779306,-122.418921,1993.38,57.80
8.4600,492.7581,42.6999,1993.3647,57.6917,1.4596,3.1627,18.6246,2.9428,14.3904,0.9792,0.1573,0.0454,0.1194,57.7974,3.1369,1.4448,-0.0072,0.0091,-0.0288,0.1733,-10.3580,37.779316,-122.418918,1993.37,57.80
8.4800,493.8757,42.9951,1993.3547,57.6909,1.4619,3.1638,18.6558,2.9451,14.4561,0.9791,0.1576,0.0455,0.1200,57.7967,3.1379,1.4471,-0.0072,0.0090,-0.0289,0.1736,-10.3591,37.779327,-122.418915,1993.36,57.79
8.5000,494.9929,43.2915,1993.3448,57.6902,1.4641,3.1651,18.6869,2.9477,14.5221,0.9790,0.1578,0.0457,0.1205,57.7961,3.1390,1.4494,-0.0072,0.0090,-0.0289,0.1738,-10.3604,37.779337,-122.418911,1993.35,57.79
8.5200,496.1098,43.5892,1993.3349,57.6894,1.4664,3.1665,18.7179,2.9503,14.5881,0.9789,0.1580,0.0458,0.1211,57.7955,3.1403,1.4516,-0.0073,0.0090,-0.0290,0.1741,-10.3619,37.779347,-122.418908,1993.34,57.79
8.5400,497.2263,43.8881,1993.3250,57.6887,1.4686,3.1680,18.7488,2.9531,14.6544,0.9788,0.1583,0.0460,0.1216,57.7949,3.1417,1.4539,-0.0073,0.0090,-0.0290,0.1743,-10.3638,37.779357,-122.418905,1993.33,57.79
8.5600,498.3425,44.1884,1993.3151,57.6880,1.4709,3.1698,18.7797,2.9560,14.7208,0.9787,0.1585,0.0461,0.1222,57.7943,3.1433,1.4561,-0.0073,0.0089,-0.0291,0.1746,-10.3659,37.779367,-122.418901,1993.32,57.79
8.5800,499.4583,44.4899,1993.3052,57.6873,1.4731,3.1716,18.8106,2.9591,14.7874,0.9786,0.1587,0.0463,0.1227,57.7937,3.1450,1.4584,-0.0074,0.0089,-0.0291,0.1748,-10.3682,37.779377,-122.418898,1993.32,57.79
8.6000,500.5737,44.7928,1993.2953,57.6866,1.4754,3.1736,18.8413,2.9623,14.8541,0.9785,0.1590,0.0464,0.1233,57.7932,3.1469,1.4606,-0.0074,0.0089,-0.0292,0.1751,-10.3708,37.779387,-122.418894,1993.31,57.79
8.6200,501.6888,45.0969,1993.2854,57.6859,1.4776,3.1757,18.8720,2.9657,14.9211,0.9783,0.1592,0.0466,0.1238,57.7926,3.1489,1.4628,-0.0074,0.0089,-0.0292,0.1753,-10.3736,37.779397,-122.418891,1993.30,57.79
8.6400,502.8035,45.4023,1993.2756,57.6852,1.4798,3.1779,18.9026,2.9692,14.9881,0.9782,0.1594,0.0467,0.1244,57.7921,3.1510,1.4651,-0.0074,0.0088,-0.0293,0.1756,-10.3767,37.779407,-122.418887,1993.29,57.79
8.6600,503.9178,45.7090,1993.2657,57.6845,1.4820,3.1803,18.9332,2.9729,15.0554,0.9781,0.1596,0.0469,0.1249,57.7916,3.1533,1.4673,-0.0075,0.0088,-0.0293,0.1758,-10.3800,37.779417,-122.418884,1993.28,57.79
8.6800,505.0318,46.0170,1993.2559,57.6838,1.4843,3.1827,18.9637,2.9766,15.1228,0.9780,0.1599,0.0471,0.1255,57.7911,3.1556,1.4695,-0.0075,0.0088,-0.0294,0.1760,-10.3835,37.779427,-122.418881,1993.27,57.79
8.7000,506.1454,46.3263,1993.2460,57.6832,1.4865,3.1853,18.9941,2.9805,15.1904,0.9779,0.1601,0.0472,0.1261,57.7906,3.1581,1.4717,-0.0075,0.0088,-0.0294,0.1763,-10.3872,37.779437,-122.418877,1993.26,57.79
8.7200,507.2587,46.6369,1993.2362,57.6825,1.4887,3.1879,19.0245,2.9846,15.2582,0.9778,0.1603,0.0474,0.1266,57.7902,3.1607,1.4739,-0.0075,0.0087,-0.0294,0.1765,-10.3911,37.779447,-122.418874,1993.25,57.79
8.7400,508.3715,46.9488,1993.2264,57.6819,1.4909,3.1907,19.0548,2.9887,15.3261,0.9776,0.1606,0.0476,0.1272,57.7897,3.1633,1.4761,-0.0075,0.0087,-0.0295,0.1768,-10.3952,37.779457,-122.418870,1993.24,57.79
8.7600,509.4840,47.2621,1993.2166,57.6812,1.4931,3.1935,19.0850,2.9930,15.3941,0.9775,0.1608,0.0477,0.1277,57.7893,3.1661,1.4783,-0.0075,0.0087,-0.0295,0.1770,-10.3994,37.779467,-122.418866,1993.23,57.79
8.7800,510.5961,47.5766,1993.2068,57.6806,1.4953,3.1963,19.1152,2.9974,15.4624,0.9774,0.1610,0.0479,0.1283,57.7888,3.1689,1.4805,-0.0076,0.0087,-0.0296,0.1773,-10.4038,37.779477,-122.418863,1993.22,57.79
8.8000,511.7079,47.8924,1993.1970,57.6799,1.4975,3.1993,19.1453,3.0018,15.5308,0.9773,0.1612,0.0481,0.1289,57.7884,3.1718,1.4827,-0.0076,0.0086,-0.0296,0.1775,-10.4083,37.779487,-122.418859,1993.21,57.79
8.8200,512.8192,48.2095,1993.1873,57.6793,1.4997,3.2022,19.1753,3.0064,15.5993,0.9772,0.1614,0.0482,0.1294,57.7880,3.1747,1.4849,-0.0076,0.0086,-0.0297,0.1778,-10.4129,37.779497,-122.418856,1993.20,57.79
8.8400,513.9302,48.5280,1993.1775,57.6787,1.5019,3.2053,19.2053,3.0110,15.6680,0.9770,0.1617,0.0484,0.1300,57.7876,3.1777,1.4871,-0.0076,0.0086,-0.0297,0.1780,-10.4176,37.779507,-122.418852,1993.19,57.79
8.8600,515.0408,48.8478,1993.1678,57.6781,1.5040,3.2083,19.2352,3.0158,15.7368,0.9769,0.1619,0.0486,0.1306,57.7872,3.1807,1.4893,-0.0076,0.0086,-0.0298,0.1782,-10.4224,37.779517,-122.418848,1993.18,57.79
8.8800,516.1509,49.1689,1993.1581,57.6775,1.5062,3.2113,19.2650,3.0206,15.8058,0.9768,0.1621,0.0487,0.1311,57.7868,3.1837,1.4914,-0.0076,0.0085,-0.0298,0.1785,-10.4272,37.779527,-122.418845,1993.17,57.78
8.9000,517.2607,49.4913,1993.1484,57.6769,1.5084,3.2144,19.2948,3.0255,15.8749,0.9767,0.1623,0.0489,0.1317,57.7865,3.1868,1.4936,-0.0076,0.0085,-0.0299,0.1787,-10.4321,37.779537,-122.418841,1993.16,57.78
8.9200,518.3702,49.8150,1993.1388,57.6763,1.5106,3.2175,19.3245,3.0304,15.9441,0.9766,0.1625,0.0491,0.1323,57.7861,3.1899,1.4958,-0.0076,0.0085,-0.0299,0.1790,-10.4371,37.779547,-122.418838,1993.15,57.78
8.9400,519.4792,50.1401,1993.1292,57.6758,1.5127,3.2205,19.3541,3.0353,16.0135,0.9764,0.1628,0.0493,0.1329,57.7858,3.1929,1.4979,-0.0076,0.0085,-0.0300,0.1792,-10.4420,37.779557,-122.418834,1993.14,57.78
8.9600,520.5878,50.4664,1993.1196,57.6752,1.5149,3.2235,19.3837,3.0403,16.0830,0.9763,0.1630,0.0494,0.1334,57.7854,3.1960,1.5001,-0.0076,0.0084,-0.0300,0.1794,-10.4469,37.779567,-122.418830,1993.13,57.78
8.9800,521.6960,50.7942,1993.1100,57.6747,1.5171,3.2265,19.4132,3.0454,16.1527,0.9762,0.1632,0.0496,0.1340,57.7851,3.1990,1.5022,-0.0076,0.0084,-0.0300,0.1797,-10.4518,37.779577,-122.418826,1993.12,57.78
9.0000,522.8038,51.1232,1993.1004,57.6741,1.5192,3.2295,19.4426,3.0504,16.2224,0.9761,0.1634,0.0498,0.1346,57.7848,3.2020,1.5044,-0.0076,0.0084,-0.0301,0.1799,-10.4567,37.779586,-122.418823,1993.11,57.78
9.0200,523.9112,51.4536,1993.0909,57.6736,1.5214,3.2324,19.4720,3.0555,16.2923,0.9759,0.1636,0.0500,0.1351,57.7845,3.2050,1.5065,-0.0076,0.0084,-0.0301,0.1801,-10.4615,37.779596,-122.418819,1993.10,57.78
9.0400,525.0183,51.7853,1993.0814,57.6731,1.5235,3.2353,19.5013,3.0605,16.3623,0.9758,0.1638,0.0501,0.1357,57.7842,3.2079,1.5087,-0.0076,0.0083,-0.0302,0.1804,-10.4662,37.779606,-122.418815,1993.09,57.78
9.0600,526.1249,52.1183,1993.0720,57.6726,1.5256,3.2380,19.5305,3.0656,16.4324,0.9757,0.1640,0.0503,0.1363,57.7839,3.2107,1.5108,-0.0076,0.0083,-0.0302,0.1806,-10.4709,37.779616,-122.418811,1993.08,57.78
9.0800,527.2311,52.4527,1993.0625,57.6721,1.5278,3.2408,19.5597,3.0706,16.5027,0.9756,0.1643,0.0505,0.1369,57.7836,3.2135,1.5129,-0.0076,0.0083,-0.0303,0.1809,-10.4755,37.779626,-122.418808,1993.07,57.78
9.1000,528.3368,52.7885,1993.0531,57.6717,1.5299,3.2434,19.5888,3.0756,16.5730,0.9754,0.1645,0.0507,0.1375,57.7833,3.2162,1.5151,-0.0076,0.0082,-0.0303,0.1811,-10.4799,37.779636,-122.418804,1993.06,57.78
9.1200,529.4422,53.1256,1993.0438,57.6712,1.5320,3.2460,19.6178,3.0806,16.6434,0.9753,0.1647,0.0509,0.1380,57.7830,3.2189,1.5172,-0.0076,0.0082,-0.0304,0.1813,-10.4843,37.779646,-122.418800,1993.05,57.78
9.1400,530.5472,53.4640,1993.0344,57.6707,1.5341,3.2484,19.6468,3.0855,16.7140,0.9752,0.1649,0.0510,0.1386,57.7828,3.2214,1.5193,-0.0075,0.0082,-0.0304,0.1816,-10.4885,37.779656,-122.418796,1993.04,57.78
9.1600,531.6517,53.8037,1993.0251,57.6703,1.5362,3.2508,19.6757,3.0904,16.7846,0.9751,0.1651,0.0512,0.1392,57.7825,3.2239,1.5214,-0.0075,0.0082,-0.0305,0.1818,-10.4925,37.779666,-122.418792,1993.03,57.78
9.1800,532.7558,54.1449,1993.0159,57.6699,1.5384,3.2531,19.7045,3.0952,16.8553,0.9749,0.1653,0.0514,0.1398,57.7823,3.2263,1.5235,-0.0075,0.0081,-0.0305,0.1820,-10.4965,37.779676,-122.418789,1993.03,57.78
9.2000,533.8595,54.4873,1993.0066,57.6695,1.5405,3.2553,19.7333,3.1000,16.9262,0.9748,0.1655,0.0516,0.1404,57.7821,3.2286,1.5256,-0.0075,0.0081,-0.0305,0.1823,-10.5002,37.779686,-122.418785,1993.02,57.78
9.2200,534.9628,54.8312,1992.9974,57.6691,1.5426,3.2573,19.7620,3.1047,16.9971,0.9747,0.1657,0.0517,0.1409,57.7818,3.2308,1.5277,-0.0075,0.0081,-0.0306,0.1825,-10.5038,37.779696,-122.418781,1993.01,57.78
9.2400,536.0656,55.1763,1992.9883,57.6687,1.5446,3.2593,19.7906,3.1093,17.0681,0.9745,0.1659,0.0519,0.1415,57.7816,3.2328,1.5298,-0.0075,0.0081,-0.0306,0.1827,-10.5072,37.779706,-122.418777,1993.00,57.78
9.2600,537.1680,55.5229,1992.9792,57.6683,1.5467,3.2612,19.8192,3.1138,17.1392,0.9744,0.1661,0.0521,0.1421,57.7814,3.2348,1.5318,-0.0075,0.0080,-0.0307,0.1830,-10.5105,37.779716,-122.418773,1992.99,57.78
9.2800,538.2700,55.8708,1992.9701,57.6680,1.5488,3.2629,19.8476,3.1182,17.2103,0.9743,0.1663,0.0523,0.1427,57.7812,3.2366,1.5339,-0.0075,0.0080,-0.0307,0.1832,-10.5135,37.779725,-122.418769,1992.98,57.78
9.3000,539.3715,56.2200,1992.9611,57.6677,1.5509,3.2645,19.8761,3.1226,17.2816,0.9742,0.1665,0.0525,0.1433,57.7810,3.2384,1.5360,-0.0075,0.0080,-0.0308,0.1834,-10.5164,37.779735,-122.418765,1992.97,57.78
9.3200,540.4726,56.5706,1992.9521,57.6673,1.5529,3.2660,19.9044,3.1269,17.3529,0.9740,0.1667,0.0526,0.1439,57.7808,3.2400,1.5380,-0.0075,0.0080,-0.0308,0.1837,-10.5191,37.779745,-122.418761,1992.96,57.78
9.3400,541.5733,56.9226,1992.9431,57.6670,1.5550,3.2674,19.9327,3.1310,17.4244,0.9739,0.1669,0.0528,0.1445,57.7806,3.2415,1.5401,-0.0075,0.0079,-0.0309,0.1839,-10.5216,37.779755,-122.418757,1992.95,57.78
9.3600,542.6735,57.2760,1992.9342,57.6668,1.5571,3.2687,19.9609,3.1351,17.4958,0.9738,0.1671,0.0530,0.1450,57.7805,3.2429,1.5421,-0.0075,0.0079,-0.0309,0.1841,-10.5239,37.779765,-122.418753,1992.94,57.78
9.3800,543.7733,57.6307,1992.9253,57.6665,1.5591,3.2699,19.9891,3.1390,17.5674,0.9736,0.1673,0.0532,0.1456,57.7803,3.2442,1.5442,-0.0075,0.0079,-0.0309,0.1843,-10.5260,37.779775,-122.418749,1992.93,57.78
9.4000,544.8726,57.9868,1992.9165,57.6662,1.5611,3.2710,20.0172,3.1429,17.6391,0.9735,0.1675,0.0533,0.1462,57.7802,3.2454,1.5462,-0.0075,0.0079,-0.0310,0.1846,-10.5279,37.779785,-122.418745,1992.93,57.78
9.4200,545.9715,58.3442,1992.9077,57.6660,1.5632,3.2719,20.0452,3.1466,17.7108,0.9734,0.1677,0.0535,0.1468,57.7800,3.2465,1.5483,-0.0075,0.0078,-0.0310,0.1848,-10.5296,37.779795,-122.418741,1992.92,57.78
9.4400,547.0700,58.7031,1992.8990,57.6657,1.5652,3.2728,20.0731,3.1503,17.7826,0.9732,0.1679,0.0537,0.1474,57.7799,3.2474,1.5503,-0.0075,0.0078,-0.0311,0.1850,-10.5312,37.779805,-122.418737,1992.91,57.78
9.4600,548.1679,59.0633,1992.8903,57.6655,1.5672,3.2735,20.1010,3.1538,17.8544,0.9731,0.1681,0.0538,0.1480,57.7797,3.2483,1.5523,-0.0075,0.0078,-0.0311,0.1853,-10.5326,37.779814,-122.418733,1992.90,57.78
9.4800,549.2655,59.4248,1992.8816,57.6653,1.5692,3.2742,20.1288,3.1572,17.9264,0.9730,0.1683,0.0540,0.1486,57.7796,3.2490,1.5543,-0.0075,0.0078,-0.0312,0.1855,-10.5338,37.779824,-122.418729,1992.89,57.78
9.5000,550.3625,59.7878,1992.8729,57.6652,1.5712,3.2747,20.1565,3.1606,17.9984,0.9728,0.1685,0.0542,0.1492,57.7795,3.2497,1.5563,-0.0075,0.0077,-0.0312,0.1857,-10.5348,37.779834,-122.418725,1992.88,57.78
9.5200,551.4592,60.1521,1992.8643,57.6650,1.5732,3.2752,20.1842,3.1638,18.0705,0.9727,0.1687,0.0543,0.1498,57.7794,3.2502,1.5583,-0.0075,0.0077,-0.0312,0.1859,-10.5356,37.779844,-122.418721,1992.87,57.78
9.5400,552.5553,60.5178,1992.8558,57.6648,1.5752,3.2756,20.2118,3.1669,18.1426,0.9726,0.1689,0.0545,0.1504,57.7793,3.2507,1.5603,-0.0075,0.0077,-0.0313,0.1862,-10.5364,37.779854,-122.418716,1992.86,57.78
9.5600,553.6510,60.8849,1992.8473,57.6647,1.5772,3.2759,20.2393,3.1699,18.2149,0.9724,0.1691,0.0547,0.1510,57.7793,3.2511,1.5623,-0.0075,0.0077,-0.0313,0.1864,-10.5369,37.779864,-122.418712,1992.86,57.78
9.5800,554.7462,61.2534,1992.8388,57.6646,1.5792,3.2761,20.2667,3.1728,18.2872,0.9723,0.1693,0.0549,0.1516,57.7792,3.2514,1.5642,-0.0075,0.0076,-0.0314,0.1866,-10.5373,37.779874,-122.418708,1992.85,57.78
9.6000,555.8410,61.6233,1992.8303,57.6645,1.5812,3.2763,20.2941,3.1756,18.3595,0.9722,0.1695,0.0550,0.1522,57.7792,3.2517,1.5662,-0.0075,0.0076,-0.0314,0.1868,-10.5376,37.779883,-122.418704,1992.84,57.78
9.6200,556.9353,61.9945,1992.8219,57.6644,1.5831,3.2764,20.3214,3.1784,18.4320,0.9720,0.1697,0.0552,0.1528,57.7791,3.2518,1.5681,-0.0075,0.0076,-0.0315,0.1871,-10.5378,37.779893,-122.418700,1992.83,57.78
9.6400,558.0291,62.3671,1992.8136,57.6643,1.5851,3.2764,20.3487,3.1810,18.5045,0.9719,0.1699,0.0554,0.1534,57.7791,3.2519,1.5701,-0.0075,0.0076,-0.0315,0.1873,-10.5379,37.779903,-122.418695,1992.82,57.78
9.6600,559.1225,62.7411,1992.8052,57.6642,1.5870,3.2764,20.3758,3.1836,18.5772,0.9717,0.1701,0.0555,0.1540,57.7791,3.2520,1.5720,-0.0076,0.0075,-0.0315,0.1875,-10.5379,37.779913,-122.418691,1992.81,57.78
9.6800,560.2153,63.1165,1992.7969,57.6642,1.5890,3.2764,20.4029,3.1860,18.6499,0.9716,0.1703,0.0557,0.1546,57.7790,3.2520,1.5740,-0.0076,0.0075,-0.0316,0.1877,-10.5378,37.779923,-122.418687,1992.81,57.78
9.7000,561.3077,63.4933,1992.7886,57.6641,1.5909,3.2763,20.4300,3.1885,18.7226,0.9715,0.1705,0.0559,0.1552,57.7790,3.2520,1.5759,-0.0076,0.0075,-0.0316,0.1880,-10.5376,37.779933,-122.418683,1992.80,57.78
9.7200,562.3997,63.8715,1992.7804,57.6641,1.5928,3.2762,20.4569,3.1908,18.7955,0.9713,0.1706,0.0560,0.1558,57.7791,3.2519,1.5778,-0.0076,0.0075,-0.0317,0.1882,-10.5373,37.779942,-122.418678,1992.79,57.78
9.7400,563.4911,64.2511,1992.7722,57.6641,1.5948,3.2761,20.4838,3.1931,18.8684,0.9712,0.1708,0.0562,0.1564,57.7791,3.2518,1.5797,-0.0076,0.0074,-0.0317,0.1884,-10.5370,37.779952,-122.418674,1992.78,57.78
9.7600,564.5820,64.6321,1992.7640,57.6641,1.5967,3.2760,20.5106,3.1953,18.9415,0.9711,0.1710,0.0563,0.1570,57.7791,3.2517,1.5816,-0.0076,0.0074,-0.0318,0.1886,-10.5367,37.779962,-122.418670,1992.77,57.78
9.7800,565.6725,65.0144,1992.7559,57.6641,1.5986,3.2759,20.5374,3.1975,19.0146,0.9709,0.1712,0.0565,0.1576,57.7792,3.2516,1.5835,-0.0077,0.0074,-0.0318,0.1888,-10.5363,37.779972,-122.418665,1992.76,57.78
9.8000,566.7625,65.3982,1992.7478,57.6642,1.6005,3.2757,20.5641,3.1996,19.0878,0.9708,0.1714,0.0567,0.1582,57.7792,3.2514,1.5854,-0.0077,0.0073,-0.0318,0.1891,-10.5359,37.779982,-122.418661,1992.76,57.78
9.8200,567.8520,65.7833,1992.7397,57.6642,1.6024,3.2756,20.5907,3.2017,19.1611,0.9706,0.1716,0.0568,0.1588,57.7793,3.2513,1.5873,-0.0077,0.0073,-0.0319,0.1893,-10.5355,37.779991,-122.418657,1992.75,57.78
9.8400,568.9409,66.1699,1992.7316,57.6642,1.6043,3.2755,20.6172,3.2038,19.2345,0.9705,0.1718,0.0570,0.1594,57.7794,3.2512,1.5892,-0.0077,0.0073,-0.0319,0.1895,-10.5351,37.780001,-122.418652,1992.74,57.78
9.8600,570.0294,66.5578,1992.7236,57.6643,1.6061,3.2754,20.6437,3.2058,19.3080,0.9703,0.1720,0.0572,0.1600,57.7795,3.2510,1.5910,-0.0077,0.0073,-0.0320,0.1897,-10.5347,37.780011,-122.418648,1992.73,57.78
9.8800,571.1174,66.9472,1992.7156,57.6644,1.6080,3.2753,20.6701,3.2079,19.3816,0.9702,0.1721,0.0573,0.1606,57.7796,3.2509,1.5929,-0.0078,0.0072,-0.0320,0.1899,-10.5344,37.780021,-122.418644,1992.72,57.78
9.9000,572.2049,67.3379,1992.7076,57.6645,1.6099,3.2752,20.6964,3.2099,19.4553,0.9701,0.1723,0.0575,0.1612,57.7797,3.2508,1.5948,-0.0078,0.0072,-0.0320,0.1901,-10.5341,37.780030,-122.418639,1992.72,57.78
9.9200,573.2919,67.7301,1992.6997,57.6646,1.6117,3.2752,20.7227,3.2119,19.5291,0.9699,0.1725,0.0577,0.1618,57.7798,3.2508,1.5966,-0.0078,0.0072,-0.0321,0.1904,-10.5338,37.780040,-122.418635,1992.71,57.78
9.9400,574.3784,68.1236,1992.6917,57.6647,1.6136,3.2753,20.7489,3.2139,19.6031,0.9698,0.1727,0.0578,0.1624,57.7800,3.2508,1.5984,-0.0078,0.0072,-0.0321,0.1906,-10.5336,37.780050,-122.418630,1992.70,57.78
9.9600,575.4644,68.5186,1992.6838,57.6648,1.6154,3.2753,20.7750,3.2159,19.6771,0.9696,0.1729,0.0580,0.1630,57.7801,3.2508,1.6003,-0.0079,0.0071,-0.0322,0.1908,-10.5335,37.780060,-122.418626,1992.69,57.78
9.9800,576.5499,68.9150,1992.6759,57.6649,1.6173,3.2755,20.8011,3.2179,19.7512,0.9695,0.1730,0.0582,0.1636,57.7803,3.2509,1.6021,-0.0079,0.0071,-0.0322,0.1910,-10.5334,37.780069,-122.418621,1992.68,57.78
10.0000,577.6349,69.3127,1992.6681,57.6650,1.6191,3.2756,20.8271,3.2199,19.8254,0.9693,0.1732,0.0583,0.1642,57.7805,3.2510,1.6039,-0.0079,0.0071,-0.0322,0.1912,-10.5334,37.780079,-122.418617,1992.68,57.78
10.0200,578.7193,69.7119,1992.6602,57.6652,1.6209,3.2759,20.8530,3.2220,19.8998,0.9692,0.1734,0.0585,0.1649,57.7807,3.2512,1.6057,-0.0079,0.0071,-0.0323,0.1914,-10.5336,37.780089,-122.418612,1992.67,57.78
10.0400,579.8032,70.1125,1992.6524,57.6653,1.6227,3.2762,20.8788,3.2241,19.9742,0.9690,0.1736,0.0587,0.1655,57.7809,3.2514,1.6075,-0.0079,0.0070,-0.0323,0.1916,-10.5338,37.780099,-122.418608,1992.66,57.78
10.0600,580.8867,70.5145,1992.6446,57.6655,1.6246,3.2765,20.9046,3.2262,20.0488,0.9689,0.1738,0.0588,0.1661,57.7811,3.2517,1.6093,-0.0080,0.0070,-0.0324,0.1919,-10.5341,37.780108,-122.418603,1992.65,57.78
10.0800,581.9696,70.9179,1992.6368,57.6656,1.6264,3.2770,20.9303,3.2283,20.1235,0.9688,0.1739,0.0590,0.1667,57.7813,3.2520,1.6111,-0.0080,0.0070,-0.0324,0.1921,-10.5345,37.780118,-122.418599,1992.64,57.78
10.1000,583.0519,71.3227,1992.6291,57.6658,1.6282,3.2775,20.9560,3.2305,20.1983,0.9686,0.1741,0.0592,0.1673,57.7816,3.2525,1.6129,-0.0080,0.0070,-0.0324,0.1923,-10.5351,37.780128,-122.418594,1992.64,57.78
10.1200,584.1338,71.7290,1992.6213,57.6660,1.6300,3.2781,20.9816,3.2328,20.2733,0.9685,0.1743,0.0593,0.1679,57.7818,3.2530,1.6147,-0.0080,0.0069,-0.0325,0.1925,-10.5357,37.780138,-122.418589,1992.63,57.78
10.1400,585.2151,72.1366,1992.6136,57.6662,1.6317,3.2787,21.0071,3.2351,20.3483,0.9683,0.1745,0.0595,0.1685,57.7821,3.2535,1.6165,-0.0081,0.0069,-0.0325,0.1927,-10.5365,37.780147,-122.418585,1992.62,57.78
10.1600,586.2959,72.5457,1992.6059,57.6664,1.6335,3.2794,21.0325,3.2374,20.4235,0.9682,0.1746,0.0597,0.1692,57.7824,3.2542,1.6182,-0.0081,0.0069,-0.0325,0.1929,-10.5374,37.780157,-122.418580,1992.61,57.78
10.1800,587.3762,72.9562,1992.5982,57.6666,1.6353,3.2802,21.0579,3.2398,20.4988,0.9680,0.1748,0.0599,0.1698,57.7827,3.2549,1.6200,-0.0081,0.0069,-0.0326,0.1931,-10.5385,37.780167,-122.418576,1992.61,57.78
10.2000,588.4559,73.3681,1992.5906,57.6668,1.6371,3.2811,21.0832,3.2423,20.5742,0.9679,0.1750,0.0600,0.1704,57.7830,3.2556,1.6217,-0.0081,0.0068,-0.0326,0.1933,-10.5396,37.780176,-122.418571,1992.60,57.78
10.2200,589.5352,73.7814,1992.5829,57.6670,1.6388,3.2821,21.1085,3.2448,20.6498,0.9677,0.1751,0.0602,0.1710,57.7833,3.2565,1.6235,-0.0082,0.0068,-0.0327,0.1935,-10.5409,37.780186,-122.418566,1992.59,57.78
10.2400,590.6138,74.1961,1992.5753,57.6672,1.6406,3.2831,21.1337,3.2473,20.7254,0.9676,0.1753,0.0604,0.1716,57.7836,3.2574,1.6252,-0.0082,0.0068,-0.0327,0.1937,-10.5424,37.780196,-122.418561,1992.58,57.78
10.2600,591.6919,74.6123,1992.5677,57.6675,1.6424,3.2842,21.1588,3.2500,20.8012,0.9674,0.1755,0.0605,0.1723,57.7839,3.2584,1.6270,-0.0082,0.0068,-0.0327,0.1939,-10.5439,37.780206,-122.418557,1992.58,57.78
10.2800,592.7695,75.0299,1992.5601,57.6677,1.6441,3.2853,21.1838,3.2527,20.8772,0.9672,0.1756,0.0607,0.1729,57.7843,3.2595,1.6287,-0.0082,0.0067,-0.0328,0.1941,-10.5456,37.780215,-122.418552,1992.57,57.78
10.3000,593.8466,75.4489,1992.5525,57.6680,1.6458,3.2866,21.2088,3.2555,20.9532,0.9671,0.1758,0.0609,0.1735,57.7846,3.2606,1.6304,-0.0082,0.0067,-0.0328,0.1943,-10.5475,37.780225,-122.418547,1992.56,57.78
10.3200,594.9231,75.8693,1992.5449,57.6682,1.6476,3.2879,21.2337,3.2583,21.0294,0.9669,0.1760,0.0611,0.1741,57.7850,3.2618,1.6321,-0.0083,0.0067,-0.0328,0.1945,-10.5494,37.780235,-122.418543,1992.55,57.78
10.3400,595.9990,76.2912,1992.5374,57.6685,1.6493,3.2893,21.2586,3.2612,21.1057,0.9668,0.1761,0.0613,0.1748,57.7854,3.2631,1.6338,-0.0083,0.0067,-0.0329,0.1947,-10.5515,37.780244,-122.418538,1992.54,57.78
10.3600,597.0744,76.7145,1992.5298,57.6687,1.6510,3.2907,21.2834,3.2641,21.1821,0.9666,0.1763,0.0614,0.1754,57.7857,3.2645,1.6356,-0.0083,0.0066,-0.0329,0.1949,-10.5537,37.780254,-122.418533,1992.54,57.78
10.3800,598.1492,77.1392,1992.5223,57.6690,1.6528,3.2922,21.3081,3.2672,21.2587,0.9665,0.1765,0.0616,0.1760,57.7861,3.2659,1.6373,-0.0083,0.0066,-0.0330,0.1951,-10.5559,37.780264,-122.418528,1992.53,57.78
10.4000,599.2235,77.5653,1992.5148,57.6693,1.6545,3.2937,21.3327,3.2703,21.3353,0.9663,0.1766,0.0618,0.1766,57.7865,3.2673,1.6390,-0.0083,0.0066,-0.0330,0.1953,-10.5584,37.780273,-122.418523,1992.52,57.79
10.4200,600.2972,77.9929,1992.5074,57.6696,1.6562,3.2953,21.3573,3.2734,21.4121,0.9662,0.1768,0.0620,0.1773,57.7870,3.2689,1.6406,-0.0083,0.0066,-0.0330,0.1955,-10.5609,37.780283,-122.418518,1992.51,57.79
10.4400,601.3704,78.4219,1992.4999,57.6699,1.6579,3.2970,21.3819,3.2766,21.4890,0.9660,0.1769,0.0622,0.1779,57.7874,3.2704,1.6423,-0.0083,0.0065,-0.0331,0.1957,-10.5635,37.780293,-122.418514,1992.51,57.79
10.4600,602.4429,78.8523,1992.4925,57.6702,1.6596,3.2987,21.4063,3.2799,21.5661,0.9659,0.1771,0.0624,0.1785,57.7878,3.2720,1.6440,-0.0084,0.0065,-0.0331,0.1959,-10.5662,37.780302,-122.418509,1992.50,57.79
10.4800,603.5150,79.2842,1992.4851,57.6705,1.6613,3.3004,21.4307,3.2832,21.6432,0.9657,0.1773,0.0625,0.1792,57.7883,3.2737,1.6457,-0.0084,0.0065,-0.0331,0.1961,-10.5690,37.780312,-122.418504,1992.49,57.79
10.5000,604.5864,79.7175,1992.4777,57.6708,1.6630,3.3022,21.4550,3.2866,21.7205,0.9655,0.1774,0.0627,0.1798,57.7887,3.2754,1.6474,-0.0084,0.0065,-0.0332,0.1963,-10.5718,37.780321,-122.418499,1992.49,57.79
10.5200,605.6573,80.1523,1992.4703,57.6711,1.6647,3.3040,21.4793,3.2900,21.7979,0.9654,0.1776,0.0629,0.1804,57.7892,3.2771,1.6490,-0.0084,0.0064,-0.0332,0.1965,-10.5748,37.780331,-122.418494,1992.48,57.79
10.5400,606.7276,80.5885,1992.4629,57.6714,1.6664,3.3058,21.5035,3.2935,21.8754,0.9652,0.1777,0.0631,0.1811,57.7896,3.2789,1.6507,-0.0084,0.0064,-0.0333,0.1967,-10.5778,37.780341,-122.418489,1992.47,57.79
10.5600,607.7973,81.0261,1992.4556,57.6718,1.6680,3.3077,21.5276,3.2970,21.9531,0.9651,0.1779,0.0633,0.1817,57.7901,3.2807,1.6523,-0.0084,0.0064,-0.0333,0.1969,-10.5808,37.780350,-122.418484,1992.46,57.79
10.5800,608.8665,81.4652,1992.4483,57.6721,1.6697,3.3096,21.5517,3.3006,22.0308,0.9649,0.1780,0.0635,0.1823,57.7906,3.2825,1.6540,-0.0084,0.0064,-0.0333,0.1971,-10.5839,37.780360,-122.418479,1992.46,57.79
10.6000,609.9350,81.9057,1992.4410,57.6724,1.6714,3.3114,21.5757,3.3042,22.1087,0.9647,0.1782,0.0637,0.1830,57.7911,3.2844,1.6556,-0.0084,0.0063,-0.0334,0.1973,-10.5870,37.780370,-122.418474,1992.45,57.79
10.6200,611.0030,82.3476,1992.4337,57.6728,1.6730,3.3133,21.5996,3.3078,22.1866,0.9646,0.1783,0.0639,0.1836,57.7916,3.2862,1.6573,-0.0084,0.0063,-0.0334,0.1975,-10.5902,37.780379,-122.418469,1992.44,57.79
10.6400,612.0704,82.7910,1992.4265,57.6731,1.6747,3.3152,21.6235,3.3115,22.2647,0.9644,0.1785,0.0640,0.1843,57.7921,3.2881,1.6589,-0.0084,0.0063,-0.0334,0.1977,-10.5934,37.780389,-122.418464,1992.43,57.79
10.6600,613.1372,83.2359,1992.4193,57.6735,1.6763,3.3171,21.6473,3.3152,22.3429,0.9642,0.1786,0.0642,0.1849,57.7926,3.2899,1.6605,-0.0084,0.0063,-0.0335,0.1979,-10.5966,37.780398,-122.418459,1992.43,57.79
10.6800,614.2034,83.6822,1992.4121,57.6739,1.6780,3.3190,21.6711,3.3189,22.4211,0.9641,0.1788,0.0644,0.1855,57.7931,3.2918,1.6621,-0.0084,0.0062,-0.0335,0.1981,-10.5998,37.780408,-122.418454,1992.42,57.79
10.7000,615.2690,84.1299,1992.4049,57.6743,1.6796,3.3209,21.6947,3.3226,22.4995,0.9639,0.1789,0.0646,0.1862,57.7937,3.2936,1.6638,-0.0084,0.0062,-0.0335,0.1983,-10.6030,37.780417,-122.418449,1992.41,57.79
10.7200,616.3341,84.5791,1992.3978,57.6747,1.6813,3.3228,21.7183,3.3263,22.5780,0.9638,0.1791,0.0648,0.1868,57.7942,3.2955,1.6654,-0.0084,0.0062,-0.0336,0.1985,-10.6062,37.780427,-122.418444,1992.40,57.79
10.7400,617.3985,85.0298,1992.3907,57.6751,1.6829,3.3246,21.7419,3.3301,22.6566,0.9636,0.1792,0.0650,0.1875,57.7948,3.2973,1.6670,-0.0085,0.0062,-0.0336,0.1987,-10.6094,37.780437,-122.418439,1992.40,57.79
10.7600,618.4623,85.4819,1992.3836,57.6755,1.6845,3.3264,21.7654,3.3338,22.7353,0.9634,0.1794,0.0652,0.1881,57.7953,3.2991,1.6686,-0.0085,0.0061,-0.0336,0.1989,-10.6126,37.780446,-122.418434,1992.39,57.79
10.7800,619.5255,85.9354,1992.3765,57.6759,1.6861,3.3282,21.7888,3.3376,22.8140,0.9633,0.1795,0.0654,0.1887,57.7959,3.3009,1.6702,-0.0085,0.0061,-0.0337,0.1991,-10.6157,37.780456,-122.418428,1992.38,57.79
10.8000,620.5881,86.3904,1992.3695,57.6763,1.6878,3.3300,21.8121,3.3413,22.8929,0.9631,0.1797,0.0656,0.1894,57.7964,3.3026,1.6718,-0.0085,0.0061,-0.0337,0.1993,-10.6188,37.780465,-122.418423,1992.38,57.80
10.8200,621.6501,86.8469,1992.3625,57.6767,1.6894,3.3317,21.8354,3.3450,22.9719,0.9629,0.1798,0.0658,0.1900,57.7970,3.3043,1.6734,-0.0085,0.0061,-0.0337,0.1995,-10.6219,37.780475,-122.418418,1992.37,57.80
10.8400,622.7114,87.3048,1992.3555,57.6772,1.6910,3.3334,21.8587,3.3488,23.0509,0.9628,0.1800,0.0660,0.1907,57.7976,3.3060,1.6749,-0.0085,0.0060,-0.0338,0.1997,-10.6249,37.780484,-122.418413,1992.36,57.80
10.8600,623.7722,87.7641,1992.3486,57.6776,1.6926,3.3351,21.8818,3.3525,23.1301,0.9626,0.1801,0.0662,0.1913,57.7982,3.3077,1.6765,-0.0085,0.0060,-0.0338,0.1998,-10.6278,37.780494,-122.418408,1992.36,57.80
10.8800,624.8323,88.2250,1992.3417,57.6781,1.6942,3.3367,21.9049,3.3561,23.2093,0.9624,0.1802,0.0664,0.1920,57.7988,3.3093,1.6781,-0.0085,0.0060,-0.0338,0.2000,-10.6307,37.780503,-122.418403,1992.35,57.80
10.9000,625.8918,88.6873,1992.3348,57.6786,1.6958,3.3382,21.9279,3.3598,23.2886,0.9623,0.1804,0.0666,0.1926,57.7994,3.3109,1.6797,-0.0085,0.0060,-0.0339,0.2002,-10.6335,37.780513,-122.418397,1992.34,57.80
10.9200,626.9507,89.1510,1992.3279,57.6790,1.6973,3.3398,21.9509,3.3634,23.3680,0.9621,0.1805,0.0668,0.1933,57.8000,3.3124,1.6812,-0.0085,0.0059,-0.0339,0.2004,-10.6362,37.780522,-122.418392,1992.33,57.80
10.9400,628.0090,89.6162,1992.3211,57.6795,1.6989,3.3412,21.9738,3.3670,23.4474,0.9619,0.1807,0.0669,0.1939,57.8006,3.3139,1.6828,-0.0085,0.0059,-0.0339,0.2006,-10.6389,37.780532,-122.418387,1992.33,57.80
10.9600,629.0666,90.0829,1992.3143,57.6800,1.7005,3.3426,21.9966,3.3706,23.5270,0.9617,0.1808,0.0671,0.1945,57.8012,3.3153,1.6843,-0.0085,0.0059,-0.0340,0.2008,-10.6415,37.780542,-122.418382,1992.32,57.80
10.9800,630.1236,90.5510,1992.3076,57.6805,1.7021,3.3440,22.0194,3.3741,23.6066,0.9616,0.1809,0.0673,0.1952,57.8018,3.3166,1.6859,-0.0085,0.0059,-0.0340,0.2010,-10.6440,37.780551,-122.418376,1992.31,57.80
11.0000,631.1799,91.0206,1992.3009,57.6811,1.7036,3.3453,22.0421,3.3776,23.6863,0.9614,0.1811,0.0675,0.1958,57.8025,3.3180,1.6874,-0.0085,0.0058,-0.0340,0.2012,-10.6464,37.780560,-122.418371,1992.31,57.80
11.0200,632.2357,91.4917,1992.2942,57.6816,1.7052,3.3465,22.0647,3.3810,23.7660,0.9612,0.1812,0.0677,0.1965,57.8031,3.3192,1.6889,-0.0085,0.0058,-0.0341,0.2014,-10.6487,37.780570,-122.418366,1992.30,57.80
11.0400,633.2907,91.9643,1992.2875,57.6821,1.7067,3.3477,22.0873,3.3844,23.8459,0.9611,0.1814,0.0679,0.1971,57.8037,3.3204,1.6905,-0.0085,0.0058,-0.0341,0.2015,-10.6509,37.780579,-122.418360,1992.29,57.80
11.0600,634.3452,92.4383,1992.2809,57.6827,1.7083,3.3488,22.1098,3.3877,23.9258,0.9609,0.1815,0.0681,0.1978,57.8044,3.3216,1.6920,-0.0085,0.0058,-0.0341,0.2017,-10.6530,37.780589,-122.418355,1992.29,57.80
11.0800,635.3990,92.9137,1992.2743,57.6832,1.7098,3.3499,22.1322,3.3910,24.0058,0.9607,0.1816,0.0683,0.1985,57.8050,3.3227,1.6935,-0.0085,0.0057,-0.0342,0.2019,-10.6550,37.780598,-122.418349,1992.28,57.80
11.1000,636.4521,93.3907,1992.2677,57.6838,1.7114,3.3509,22.1546,3.3943,24.0859,0.9605,0.1818,0.0685,0.1991,57.8057,3.3237,1.6950,-0.0085,0.0057,-0.0342,0.2021,-10.6570,37.780608,-122.418344,1992.27,57.80
11.1200,637.5046,93.8691,1992.2612,57.6844,1.7129,3.3519,22.1769,3.3975,24.1660,0.9604,0.1819,0.0687,0.1998,57.8064,3.3247,1.6965,-0.0085,0.0057,-0.0342,0.2023,-10.6588,37.780617,-122.418339,1992.27,57.81
11.1400,638.5564,94.3490,1992.2547,57.6849,1.7144,3.3528,22.1991,3.4006,24.2462,0.9602,0.1820,0.0689,0.2004,57.8070,3.3256,1.6980,-0.0085,0.0057,-0.0343,0.2025,-10.6606,37.780627,-122.418333,1992.26,57.81
11.1600,639.6076,94.8303,1992.2483,57.6855,1.7159,3.3537,22.2213,3.4037,24.3265,0.9600,0.1822,0.0691,0.2011,57.8077,3.3264,1.6995,-0.0085,0.0057,-0.0343,0.2027,-10.6622,37.780636,-122.418328,1992.25,57.81
11.1800,640.6581,95.3131,1992.2418,57.6861,1.7175,3.3544,22.2434,3.4067,24.4068,0.9598,0.1823,0.0693,0.2017,57.8084,3.3272,1.7010,-0.0085,0.0056,-0.0343,0.2028,-10.6638,37.780646,-122.418322,1992.25,57.81
11.2000,641.7080,95.7974,1992.2354,57.6868,1.7190,3.3552,22.2654,3.4097,24.4872,0.9597,0.1824,0.0695,0.2024,57.8091,3.3280,1.7025,-0.0085,0.0056,-0.0344,0.2030,-10.6653,37.780655,-122.418317,1992.24,57.81
11.2200,642.7572,96.2832,1992.2291,57.6874,1.7205,3.3559,22.2874,3.4126,24.5677,0.9595,0.1825,0.0696,0.2030,57.8098,3.3287,1.7039,-0.0085,0.0056,-0.0344,0.2032,-10.6666,37.780665,-122.418311,1992.24,57.81
11.2400,643.8057,96.7704,1992.2228,57.6880,1.7220,3.3565,22.3093,3.4155,24.6482,0.9593,0.1827,0.0698,0.2037,57.8105,3.3293,1.7054,-0.0085,0.0056,-0.0344,0.2034,-10.6679,37.780674,-122.418306,1992.23,57.81
11.2600,644.8535,97.2592,1992.2165,57.6887,1.7234,3.3571,22.3311,3.4183,24.7288,0.9591,0.1828,0.0700,0.2043,57.8112,3.3300,1.7069,-0.0085,0.0055,-0.0345,0.2036,-10.6692,37.780683,-122.418300,1992.22,57.81
11.2800,645.9007,97.7493,1992.2102,57.6893,1.7249,3.3577,22.3529,3.4211,24.8095,0.9589,0.1829,0.0702,0.2050,57.8120,3.3305,1.7083,-0.0085,0.0055,-0.0345,0.2038,-10.6703,37.780693,-122.418295,1992.22,57.81
11.3000,646.9472,98.2410,1992.2040,57.6900,1.7264,3.3582,22.3746,3.4238,24.8902,0.9588,0.1831,0.0704,0.2057,57.8127,3.3310,1.7098,-0.0085,0.0055,-0.0345,0.2039,-10.6714,37.780702,-122.418289,1992.21,57.81
11.3200,647.9930,98.7342,1992.1978,57.6907,1.7279,3.3587,22.3963,3.4265,24.9710,0.9586,0.1832,0.0706,0.2063,57.8134,3.3315,1.7112,-0.0085,0.0055,-0.0346,0.2041,-10.6723,37.780712,-122.418283,1992.20,57.81
11.3400,649.0382,99.2288,1992.1916,57.6914,1.7293,3.3591,22.4178,3.4291,25.0519,0.9584,0.1833,0.0708,0.2070,57.8142,3.3319,1.7126,-0.0085,0.0054,-0.0346,0.2043,-10.6733,37.780721,-122.418278,1992.20,57.81
11.3600,650.0826,99.7249,1992.1855,57.6920,1.7308,3.3595,22.4393,3.4316,25.1328,0.9582,0.1834,0.0710,0.2076,57.8149,3.3323,1.7141,-0.0085,0.0054,-0.0346,0.2045,-10.6741,37.780730,-122.418272,1992.19,57.81
11.3800,651.1264,100.2225,1992.1794,57.6928,1.7323,3.3599,22.4608,3.4341,25.2138,0.9580,0.1836,0.0712,0.2083,57.8157,3.3327,1.7155,-0.0085,0.0054,-0.0347,0.2047,-10.6749,37.780740,-122.418267,1992.19,57.81
11.4000,652.1695,100.7215,1992.1733,57.6935,1.7337,3.3602,22.4822,3.4366,25.2949,0.9579,0.1837,0.0714,0.2090,57.8165,3.3330,1.7169,-0.0086,0.0054,-0.0347,0.2048,-10.6757,37.780749,-122.418261,1992.18,57.82
11.4200,653.2119,101.2221,1992.1673,57.6942,1.7351,3.3606,22.5035,3.4391,25.3761,0.9577,0.1838,0.0715,0.2096,57.8172,3.3333,1.7183,-0.0086,0.0053,-0.0347,0.2050,-10.6764,37.780759,-122.418255,1992.17,57.82
11.4400,654.2536,101.7241,1992.1613,57.6949,1.7366,3.3609,22.5247,3.4415,25.4573,0.9575,0.1839,0.0717,0.2103,57.8180,3.3336,1.7197,-0.0086,0.0053,-0.0347,0.2052,-10.6770,37.780768,-122.418250,1992.17,57.82
11.4600,655.2945,102.2276,1992.1553,57.6957,1.7380,3.3612,22.5459,3.4438,25.5386,0.9573,0.1840,0.0719,0.2109,57.8188,3.3338,1.7211,-0.0086,0.0053,-0.0348,0.2054,-10.6776,37.780777,-122.418244,1992.16,57.82
11.4800,656.3348,102.7326,1992.1494,57.6964,1.7394,3.3614,22.5670,3.4461,25.6199,0.9571,0.1842,0.0721,0.2116,57.8196,3.3341,1.7225,-0.0086,0.0053,-0.0348,0.2056,-10.6782,37.780787,-122.418238,1992.16,57.82
11.5000,657.3744,103.2390,1992.1434,57.6972,1.7409,3.3617,22.5880,3.4484,25.7014,0.9570,0.1843,0.0723,0.2123,57.8204,3.3343,1.7239,-0.0086,0.0052,-0.0348,0.2057,-10.6788,37.780796,-122.418232,1992.15,57.82
11.5200,658.4133,103.7470,1992.1376,57.6979,1.7423,3.3619,22.6090,3.4507,25.7829,0.9568,0.1844,0.0725,0.2129,57.8212,3.3345,1.7253,-0.0086,0.0052,-0.0349,0.2059,-10.6793,37.780805,-122.418227,1992.14,57.82
11.5400,659.4515,104.2564,1992.1317,57.6987,1.7437,3.3622,22.6299,3.4529,25.8644,0.9566,0.1845,0.0727,0.2136,57.8220,3.3347,1.7267,-0.0086,0.0052,-0.0349,0.2061,-10.6799,37.780815,-122.418221,1992.14,57.82
11.5600,660.4890,104.7673,1992.1259,57.6995,1.7451,3.3624,22.6508,3.4552,25.9461,0.9564,0.1846,0.0729,0.2143,57.8229,3.3349,1.7280,-0.0086,0.0052,-0.0349,0.2063,-10.6804,37.780824,-122.418215,1992.13,57.82
11.5800,661.5258,105.2797,1992.1201,57.7003,1.7465,3.3627,22.6716,3.4573,26.0278,0.9562,0.1848,0.0731,0.2149,57.8237,3.3351,1.7294,-0.0087,0.0051,-0.0350,0.2064,-10.6809,37.780833,-122.418209,1992.13,57.82
11.6000,662.5618,105.7936,1992.1143,57.7011,1.7479,3.3629,22.6923,3.4595,26.1096,0.9560,0.1849,0.0732,0.2156,57.8246,3.3353,1.7308,-0.0087,0.0051,-0.0350,0.2066,-10.6814,37.780843,-122.418203,1992.12,57.82
11.6200,663.5971,106.3089,1992.1085,57.7019,1.7492,3.3632,22.7130,3.4617,26.1915,0.9558,0.1850,0.0734,0.2162,57.8254,3.3356,1.7321,-0.0087,0.0051,-0.0350,0.2068,-10.6820,37.780852,-122.418198,1992.11,57.82
11.6400,664.6317,106.8258,1992.1028,57.7027,1.7506,3.3635,22.7335,3.4638,26.2735,0.9556,0.1851,0.0736,0.2169,57.8263,3.3358,1.7335,-0.0087,0.0051,-0.0350,0.2070,-10.6825,37.780861,-122.418192,1992.11,57.83
11.6600,665.6656,107.3441,1992.0971,57.7035,1.7520,3.3638,22.7541,3.4660,26.3555,0.9555,0.1852,0.0738,0.2176,57.8271,3.3360,1.7348,-0.0087,0.0050,-0.0351,0.2071,-10.6831,37.780870,-122.418186,1992.10,57.83
11.6800,666.6988,107.8639,1992.0914,57.7043,1.7534,3.3641,22.7745,3.4681,26.4377,0.9553,0.1853,0.0740,0.2183,57.8280,3.3362,1.7361,-0.0087,0.0050,-0.0351,0.2073,-10.6836,37.780880,-122.418180,1992.10,57.83
11.7000,667.7312,108.3852,1992.0858,57.7052,1.7547,3.3644,22.7949,3.4703,26.5199,0.9551,0.1854,0.0742,0.2189,57.8289,3.3365,1.7375,-0.0087,0.0050,-0.0351,0.2075,-10.6843,37.780889,-122.418174,1992.09,57.83
11.7200,668.7629,108.9080,1992.0802,57.7060,1.7561,3.3648,22.8152,3.4724,26.6022,0.9549,0.1856,0.0744,0.2196,57.8298,3.3368,1.7388,-0.0088,0.0050,-0.0352,0.2077,-10.6849,37.780898,-122.418168,1992.09,57.83
11.7400,669.7939,109.4322,1992.0746,57.7069,1.7574,3.3651,22.8355,3.4745,26.6845,0.9547,0.1857,0.0746,0.2203,57.8307,3.3371,1.7401,-0.0088,0.0050,-0.0352,0.2078,-10.6856,37.780908,-122.418162,1992.08,57.83
11.7600,670.8241,109.9580,1992.0690,57.7077,1.7588,3.3655,22.8557,3.4767,26.7670,0.9545,0.1858,0.0748,0.2209,57.8316,3.3374,1.7414,-0.0088,0.0049,-0.0352,0.2080,-10.6863,37.780917,-122.418156,1992.07,57.83
11.7800,671.8536,110.4852,1992.0635,57.7086,1.7601,3.3659,22.8758,3.4788,26.8495,0.9543,0.1859,0.0750,0.2216,57.8325,3.3377,1.7427,-0.0088,0.0049,-0.0352,0.2082,-10.6870,37.780926,-122.418150,1992.07,57.83
11.8000,672.8823,111.0140,1992.0579,57.7095,1.7614,3.3664,22.8959,3.4810,26.9322,0.9541,0.1860,0.0751,0.2223,57.8335,3.3381,1.7440,-0.0088,0.0049,-0.0353,0.2083,-10.6878,37.780935,-122.418144,1992.06,57.83
11.8200,673.9104,111.5442,1992.0524,57.7103,1.7628,3.3669,22.9159,3.4832,27.0149,0.9539,0.1861,0.0753,0.2229,57.8344,3.3385,1.7453,-0.0088,0.0049,-0.0353,0.2085,-10.6887,37.780945,-122.418138,1992.06,57.83
11.8400,674.9376,112.0759,1992.0470,57.7112,1.7641,3.3674,22.9359,3.4854,27.0977,0.9537,0.1862,0.0755,0.2236,57.8353,3.3389,1.7466,-0.0088,0.0048,-0.0353,0.2087,-10.6896,37.780954,-122.418132,1992.05,57.83
11.8600,675.9641,112.6091,1992.0415,57.7121,1.7654,3.3679,22.9557,3.4876,27.1806,0.9535,0.1863,0.0757,0.2243,57.8363,3.3393,1.7479,-0.0089,0.0048,-0.0354,0.2089,-10.6905,37.780963,-122.418126,1992.05,57.84
11.8800,676.9899,113.1437,1992.0361,57.7130,1.7667,3.3685,22.9756,3.4898,27.2636,0.9533,0.1864,0.0759,0.2250,57.8372,3.3398,1.7492,-0.0089,0.0048,-0.0354,0.2090,-10.6916,37.780972,-122.418120,1992.04,57.84
11.9000,678.0149,113.6799,1992.0307,57.7139,1.7680,3.3691,22.9953,3.4921,27.3466,0.9532,0.1865,0.0761,0.2256,57.8382,3.3403,1.7504,-0.0089,0.0048,-0.0354,0.2092,-10.6926,37.780982,-122.418114,1992.04,57.84
11.9200,679.0391,114.2176,1992.0253,57.7148,1.7693,3.3697,23.0150,3.4943,27.4298,0.9530,0.1866,0.0763,0.2263,57.8392,3.3409,1.7517,-0.0089,0.0047,-0.0354,0.2094,-10.6938,37.780991,-122.418108,1992.03,57.84
11.9400,680.0626,114.7567,1992.0199,57.7157,1.7706,3.3704,23.0346,3.4966,27.5130,0.9528,0.1867,0.0765,0.2270,57.8401,3.3415,1.7530,-0.0089,0.0047,-0.0355,0.2095,-10.6949,37.781000,-122.418102,1992.03,57.84
11.9600,681.0853,115.2974,1992.0146,57.7166,1.7719,3.3711,23.0542,3.4989,27.5964,0.9526,0.1868,0.0767,0.2277,57.8411,3.3421,1.7542,-0.0089,0.0047,-0.0355,0.2097,-10.6962,37.781009,-122.418096,1992.02,57.84
11.9800,682.1072,115.8395,1992.0093,57.7175,1.7732,3.3719,23.0737,3.5013,27.6798,0.9524,0.1869,0.0769,0.2283,57.8421,3.3427,1.7555,-0.0089,0.0047,-0.0355,0.2099,-10.6975,37.781018,-122.418090,1992.01,57.84
12.0000,683.1284,116.3831,1992.0040,57.7185,1.7745,3.3726,23.0931,3.5036,27.7633,0.9522,0.1870,0.0771,0.2290,57.8431,3.3434,1.7567,-0.0089,0.0046,-0.0356,0.2100,-10.6989,37.781027,-122.418083,1992.01,57.84
12.0200,684.1488,116.9282,1991.9987,57.7194,1.7758,3.3735,23.1125,3.5060,27.8469,0.9520,0.1871,0.0773,0.2297,57.8441,3.3441,1.7579,-0.0090,0.0046,-0.0356,0.2102,-10.7003,37.781037,-122.418077,1992.00,57.84
12.0400,685.1685,117.4748,1991.9935,57.7203,1.7770,3.3743,23.1318,3.5085,27.9306,0.9518,0.1872,0.0775,0.2304,57.8451,3.3449,1.7592,-0.0090,0.0046,-0.0356,0.2104,-10.7018,37.781046,-122.418071,1992.00,57.84
12.0600,686.1873,118.0229,1991.9883,57.7213,1.7783,3.3752,23.1511,3.5109,28.0144,0.9516,0.1873,0.0777,0.2310,57.8462,3.3457,1.7604,-0.0090,0.0046,-0.0356,0.2105,-10.7034,37.781055,-122.418065,1991.99,57.85
12.0800,687.2054,118.5725,1991.9831,57.7222,1.7796,3.3761,23.1702,3.5134,28.0983,0.9514,0.1874,0.0779,0.2317,57.8472,3.3465,1.7616,-0.0090,0.0045,-0.0357,0.2107,-10.7050,37.781064,-122.418059,1991.99,57.85
12.1000,688.2227,119.1235,1991.9779,57.7232,1.7808,3.3770,23.1894,3.5159,28.1823,0.9512,0.1875,0.0781,0.2324,57.8482,3.3473,1.7628,-0.0090,0.0045,-0.0357,0.2108,-10.7066,37.781073,-122.418052,1991.98,57.85
12.1200,689.2392,119.6761,1991.9727,57.7241,1.7821,3.3780,23.2084,3.5184,28.2663,0.9510,0.1876,0.0783,0.2331,57.8493,3.3482,1.7641,-0.0090,0.0045,-0.0357,0.2110,-10.7083,37.781082,-122.418046,1991.98,57.85
12.1400,690.2549,120.2302,1991.9676,57.7251,1.7833,3.3790,23.2274,3.5210,28.3505,0.9508,0.1877,0.0785,0.2338,57.8503,3.3491,1.7653,-0.0090,0.0045,-0.0357,0.2112,-10.7101,37.781092,-122.418040,1991.97,57.85
12.1600,691.2698,120.7857,1991.9625,57.7260,1.7846,3.3800,23.2464,3.5236,28.4347,0.9506,0.1878,0.0787,0.2344,57.8514,3.3500,1.7665,-0.0090,0.0045,-0.0358,0.2113,-10.7119,37.781101,-122.418034,1991.97,57.85
12.1800,692.2840,121.3428,1991.9574,57.7270,1.7858,3.3810,23.2652,3.5262,28.5190,0.9504,0.1879,0.0788,0.2351,57.8524,3.3510,1.7677,-0.0090,0.0044,-0.0358,0.2115,-10.7138,37.781110,-122.418027,1991.96,57.85
12.2000,693.2973,121.9013,1991.9523,57.7280,1.7870,3.3821,23.2840,3.5288,28.6034,0.9502,0.1880,0.0790,0.2358,57.8535,3.3519,1.7689,-0.0091,0.0044,-0.0358,0.2117,-10.7157,37.781119,-122.418021,1991.96,57.85
12.2200,694.3098,122.4613,1991.9473,57.7290,1.7882,3.3832,23.3028,3.5315,28.6879,0.9500,0.1881,0.0792,0.2365,57.8546,3.3529,1.7700,-0.0091,0.0044,-0.0358,0.2118,-10.7176,37.781128,-122.418015,1991.95,57.85
12.2400,695.3215,123.0229,1991.9423,57.7299,1.7895,3.3843,23.3215,3.5342,28.7725,0.9497,0.1882,0.0794,0.2372,57.8557,3.3539,1.7712,-0.0091,0.0044,-0.0359,0.2120,-10.7196,37.781137,-122.418008,1991.95,57.86
12.2600,696.3325,123.5859,1991.9373,57.7309,1.7907,3.3854,23.3401,3.5369,28.8572,0.9495,0.1883,0.0796,0.2379,57.8567,3.3550,1.7724,-0.0091,0.0043,-0.0359,0.2121,-10.7217,37.781146,-122.418002,1991.94,57.86
12.2800,697.3426,124.1504,1991.9323,57.7319,1.7919,3.3865,23.3587,3.5396,28.9419,0.9493,0.1884,0.0798,0.2385,57.8578,3.3560,1.7736,-0.0091,0.0043,-0.0359,0.2123,-10.7237,37.781155,-122.417995,1991.94,57.86
12.3000,698.3519,124.7164,1991.9274,57.7329,1.7931,3.3876,23.3772,3.5424,29.0268,0.9491,0.1884,0.0800,0.2392,57.8589,3.3571,1.7747,-0.0091,0.0043,-0.0359,0.2125,-10.7258,37.781164,-122.417989,1991.93,57.86
12.3200,699.3604,125.2839,1991.9225,57.7339,1.7943,3.3888,23.3956,3.5451,29.1117,0.9489,0.1885,0.0802,0.2399,57.8600,3.3581,1.7759,-0.0091,0.0043,-0.0360,0.2126,-10.7279,37.781173,-122.417983,1991.93,57.86
12.3400,700.3681,125.8529,1991.9176,57.7350,1.7955,3.3899,23.4140,3.5479,29.1967,0.9487,0.1886,0.0805,0.2406,57.8611,3.3592,1.7771,-0.0091,0.0042,-0.0360,0.2128,-10.7300,37.781182,-122.417976,1991.92,57.86
12.3600,701.3749,126.4234,1991.9127,57.7360,1.7967,3.3911,23.4323,3.5507,29.2818,0.9485,0.1887,0.0807,0.2413,57.8622,3.3603,1.7782,-0.0091,0.0042,-0.0360,0.2129,-10.7322,37.781192,-122.417970,1991.92,57.86
12.3800,702.3809,126.9954,1991.9078,57.7370,1.7979,3.3922,23.4505,3.5535,29.3669,0.9483,0.1888,0.0809,0.2420,57.8634,3.3613,1.7794,-0.0091,0.0042,-0.0360,0.2131,-10.7343,37.781201,-122.417963,1991.91,57.86
12.4000,703.3861,127.5689,1991.9030,57.7380,1.7991,3.3934,23.4687,3.5563,29.4522,0.9481,0.1889,0.0811,0.2427,57.8645,3.3624,1.7805,-0.0091,0.0042,-0.0361,0.2133,-10.7365,37.781210,-122.417957,1991.91,57.86
12.4200,704.3905,128.1439,1991.8982,57.7390,1.8002,3.3945,23.4869,3.5592,29.5375,0.9479,0.1890,0.0813,0.2434,57.8656,3.3635,1.7816,-0.0091,0.0042,-0.0361,0.2134,-10.7386,37.781219,-122.417950,1991.90,57.87
12.4400,705.3940,128.7204,1991.8935,57.7401,1.8014,3.3957,23.5049,3.5620,29.6229,0.9477,0.1890,0.0815,0.2440,57.8668,3.3646,1.7828,-0.0091,0.0041,-0.0361,0.2136,-10.7408,37.781228,-122.417944,1991.90,57.87
12.4600,706.3968,129.2984,1991.8887,57.7411,1.8026,3.3968,23.5230,3.5648,29.7083,0.9475,0.1891,0.0817,0.2447,57.8679,3.3657,1.7839,-0.0091,0.0041,-0.0361,0.2137,-10.7429,37.781237,-122.417937,1991.89,57.87
12.4800,707.3986,129.8778,1991.8840,57.7422,1.8037,3.3979,23.5409,3.5677,29.7939,0.9472,0.1892,0.0819,0.2454,57.8690,3.3667,1.7850,-0.0091,0.0041,-0.0362,0.2139,-10.7451,37.781246,-122.417931,1991.89,57.87
12.5000,708.3997,130.4588,1991.8793,57.7432,1.8049,3.3991,23.5588,3.5705,29.8795,0.9470,0.1893,0.0821,0.2461,57.8702,3.3678,1.7861,-0.0091,0.0041,-0.0362,0.2140,-10.7472,37.781255,-122.417924,1991.88,57.87
12.5200,709.3998,131.0413,1991.8747,57.7443,1.8061,3.4002,23.5766,3.5734,29.9652,0.9468,0.1894,0.0823,0.2468,57.8713,3.3688,1.7872,-0.0091,0.0040,-0.0362,0.2142,-10.7494,37.781264,-122.417917,1991.88,57.87
12.5400,710.3992,131.6253,1991.8700,57.7454,1.8072,3.4013,23.5944,3.5762,30.0509,0.9466,0.1894,0.0825,0.2475,57.8725,3.3699,1.7883,-0.0091,0.0040,-0.0362,0.2143,-10.7515,37.781273,-122.417911,1991.87,57.87
12.5600,711.3977,132.2107,1991.8654,57.7464,1.8083,3.4023,23.6121,3.5790,30.1368,0.9464,0.1895,0.0827,0.2482,57.8737,3.3709,1.7894,-0.0091,0.0040,-0.0363,0.2145,-10.7536,37.781282,-122.417904,1991.87,57.87
12.5800,712.3953,132.7977,1991.8609,57.7475,1.8095,3.4034,23.6297,3.5818,30.2227,0.9462,0.1896,0.0829,0.2489,57.8748,3.3719,1.7905,-0.0092,0.0040,-0.0363,0.2147,-10.7556,37.781291,-122.417897,1991.87,57.87
12.6000,713.3921,133.3862,1991.8563,57.7486,1.8106,3.4044,23.6473,3.5847,30.3086,0.9460,0.1897,0.0831,0.2496,57.8760,3.3729,1.7916,-0.0092,0.0039,-0.0363,0.2148,-10.7577,37.781300,-122.417891,1991.86,57.88
12.6200,714.3880,133.9761,1991.8518,57.7497,1.8117,3.4054,23.6648,3.5875,30.3947,0.9457,0.1898,0.0833,0.2503,57.8772,3.3738,1.7927,-0.0092,0.0039,-0.0363,0.2150,-10.7597,37.781309,-122.417884,1991.86,57.88
12.6400,715.3831,134.5676,1991.8473,57.7508,1.8129,3.4064,23.6823,3.5902,30.4807,0.9455,0.1898,0.0835,0.2509,57.8784,3.3748,1.7938,-0.0092,0.0039,-0.0364,0.2151,-10.7616,37.781317,-122.417877,1991.85,57.88
12.6600,716.3773,135.1605,1991.8428,57.7519,1.8140,3.4074,23.6997,3.5930,30.5669,0.9453,0.1899,0.0837,0.2516,57.8796,3.3757,1.7949,-0.0092,0.0039,-0.0364,0.2153,-10.7636,37.781326,-122.417871,1991.85,57.88
12.6800,717.3706,135.7550,1991.8384,57.7530,1.8151,3.4083,23.7170,3.5958,30.6531,0.9451,0.1900,0.0839,0.2523,57.8808,3.3766,1.7959,-0.0092,0.0039,-0.0364,0.2154,-10.7655,37.781335,-122.417864,1991.84,57.88
12.7000,718.3630,136.3509,1991.8340,57.7541,1.8162,3.4092,23.7343,3.5985,30.7394,0.9449,0.1900,0.0841,0.2530,57.8819,3.3774,1.7970,-0.0092,0.0038,-0.0364,0.2156,-10.7673,37.781344,-122.417857,1991.84,57.88
12.7200,719.3546,136.9484,1991.8296,57.7552,1.8173,3.4101,23.7515,3.6012,30.8258,0.9447,0.1901,0.0843,0.2537,57.8831,3.3783,1.7981,-0.0092,0.0038,-0.0365,0.2157,-10.7691,37.781353,-122.417850,1991.83,57.88
12.7400,720.3453,137.5473,1991.8253,57.7564,1.8184,3.4110,23.7686,3.6039,30.9122,0.9444,0.1902,0.0845,0.2544,57.8844,3.3791,1.7991,-0.0092,0.0038,-0.0365,0.2159,-10.7709,37.781362,-122.417844,1991.83,57.88
12.7600,721.3352,138.1478,1991.8210,57.7575,1.8195,3.4118,23.7857,3.6066,30.9986,0.9442,0.1903,0.0847,0.2551,57.8856,3.3799,1.8002,-0.0092,0.0038,-0.0365,0.2160,-10.7726,37.781371,-122.417837,1991.83,57.89
12.7800,722.3241,138.7497,1991.8167,57.7586,1.8206,3.4126,23.8027,3.6093,31.0852,0.9440,0.1903,0.0849,0.2558,57.8868,3.3806,1.8012,-0.0092,0.0037,-0.0365,0.2162,-10.7743,37.781380,-122.417830,1991.82,57.89
12.8000,723.3122,139.3532,1991.8124,57.7598,1.8217,3.4134,23.8197,3.6119,31.1717,0.9438,0.1904,0.0851,0.2565,57.8880,3.3813,1.8023,-0.0092,0.0037,-0.0365,0.2163,-10.7760,37.781389,-122.417823,1991.82,57.89
12.8200,724.2994,139.9581,1991.8082,57.7609,1.8228,3.4141,23.8366,3.6145,31.2584,0.9436,0.1905,0.0853,0.2572,57.8892,3.3820,1.8033,-0.0092,0.0037,-0.0366,0.2165,-10.7775,37.781398,-122.417816,1991.81,57.89
12.8400,725.2857,140.5645,1991.8040,57.7621,1.8238,3.4149,23.8535,3.6171,31.3451,0.9433,0.1905,0.0855,0.2579,57.8904,3.3827,1.8043,-0.0092,0.0037,-0.0366,0.2166,-10.7791,37.781406,-122.417809,1991.81,57.89
12.8600,726.2711,141.1725,1991.7999,57.7633,1.8249,3.4155,23.8702,3.6196,31.4318,0.9431,0.1906,0.0857,0.2586,57.8917,3.3833,1.8054,-0.0092,0.0037,-0.0366,0.2168,-10.7806,37.781415,-122.417802,1991.80,57.89
12.8800,727.2556,141.7819,1991.7957,57.7644,1.8260,3.4162,23.8870,3.6221,31.5187,0.9429,0.1907,0.0859,0.2593,57.8929,3.3840,1.8064,-0.0092,0.0036,-0.0366,0.2169,-10.7820,37.781424,-122.417796,1991.80,57.89
12.9000,728.2392,142.3928,1991.7916,57.7656,1.8270,3.4168,23.9036,3.6246,31.6055,0.9427,0.1907,0.0861,0.2600,57.8942,3.3845,1.8074,-0.0092,0.0036,-0.0367,0.2171,-10.7834,37.781433,-122.417789,1991.80,57.89
12.9200,729.2219,143.0053,1991.7875,57.7668,1.8281,3.4174,23.9202,3.6271,31.6924,0.9424,0.1908,0.0863,0.2607,57.8954,3.3851,1.8084,-0.0092,0.0036,-0.0367,0.2172,-10.7848,37.781442,-122.417782,1991.79,57.90
12.9400,730.2036,143.6192,1991.7835,57.7680,1.8291,3.4180,23.9367,3.6295,31.7794,0.9422,0.1909,0.0865,0.2614,57.8967,3.3856,1.8094,-0.0092,0.0036,-0.0367,0.2174,-10.7861,37.781451,-122.417775,1991.79,57.90
12.9600,731.1845,144.2346,1991.7795,57.7692,1.8302,3.4185,23.9532,3.6319,31.8665,0.9420,0.1909,0.0867,0.2621,57.8979,3.3861,1.8104,-0.0092,0.0035,-0.0367,0.2175,-10.7873,37.781460,-122.417768,1991.78,57.90
12.9800,732.1645,144.8515,1991.7755,57.7704,1.8312,3.4191,23.9696,3.6343,31.9535,0.9418,0.1910,0.0869,0.2628,57.8992,3.3866,1.8114,-0.0092,0.0035,-0.0367,0.2177,-10.7885,37.781468,-122.417761,1991.78,57.90
13.0000,733.1436,145.4700,1991.7716,57.7716,1.8323,3.4195,23.9860,3.6367,32.0407,0.9415,0.1911,0.0871,0.2635,57.9004,3.3870,1.8124,-0.0092,0.0035,-0.0368,0.2178,-10.7897,37.781477,-122.417754,1991.78,57.90
13.0200,734.1217,146.0899,1991.7676,57.7728,1.8333,3.4200,24.0023,3.6390,32.1279,0.9413,0.1911,0.0874,0.2642,57.9017,3.3874,1.8134,-0.0092,0.0035,-0.0368,0.2180,-10.7908,37.781486,-122.417747,1991.77,57.90
13.0400,735.0989,146.7113,1991.7637,57.7740,1.8343,3.4205,24.0185,3.6413,32.2151,0.9411,0.1912,0.0876,0.2649,57.9030,3.3878,1.8144,-0.0092,0.0035,-0.0368,0.2181,-10.7919,37.781495,-122.417740,1991.77,57.90
13.0600,736.0752,147.3342,1991.7599,57.7753,1.8353,3.4209,24.0347,3.6435,32.3024,0.9408,0.1912,0.0878,0.2656,57.9043,3.3882,1.8153,-0.0092,0.0034,-0.0368,0.2182,-10.7930,37.781504,-122.417733,1991.76,57.90
13.0800,737.0506,147.9586,1991.7560,57.7765,1.8364,3.4213,24.0508,3.6458,32.3898,0.9406,0.1913,0.0880,0.2663,57.9056,3.3885,1.8163,-0.0092,0.0034,-0.0369,0.2184,-10.7940,37.781512,-122.417726,1991.76,57.91
13.1000,738.0251,148.5845,1991.7522,57.7777,1.8374,3.4217,24.0668,3.6480,32.4772,0.9404,0.1914,0.0882,0.2670,57.9068,3.3889,1.8173,-0.0092,0.0034,-0.0369,0.2185,-10.7949,37.781521,-122.417718,1991.76,57.91
13.1200,738.9986,149.2119,1991.7485,57.7790,1.8384,3.4220,24.0828,3.6502,32.5646,0.9402,0.1914,0.0884,0.2677,57.9081,3.3892,1.8182,-0.0092,0.0034,-0.0369,0.2187,-10.7959,37.781530,-122.417711,1991.75,57.91
13.1400,739.9712,149.8408,1991.7447,57.7802,1.8394,3.4224,24.0988,3.6523,32.6522,0.9399,0.1915,0.0886,0.2684,57.9094,3.3895,1.8192,-0.0092,0.0033,-0.0369,0.2188,-10.7968,37.781539,-122.417704,1991.75,57.91
13.1600,740.9428,150.4711,1991.7410,57.7815,1.8404,3.4227,24.1146,3.6545,32.7397,0.9397,0.1915,0.0888,0.2691,57.9107,3.3897,1.8201,-0.0093,0.0033,-0.0369,0.2190,-10.7977,37.781547,-122.417697,1991.74,57.91
13.1800,741.9135,151.1030,1991.7373,57.7828,1.8414,3.4231,24.1304,3.6566,32.8273,0.9395,0.1916,0.0890,0.2698,57.9120,3.3900,1.8211,-0.0093,0.0033,-0.0370,0.2191,-10.7985,37.781556,-122.417690,1991.74,57.91
13.2000,742.8833,151.7364,1991.7337,57.7840,1.8423,3.4234,24.1462,3.6587,32.9150,0.9392,0.1916,0.0892,0.2705,57.9134,3.3902,1.8220,-0.0093,0.0033,-0.0370,0.2193,-10.7994,37.781565,-122.417683,1991.74,57.91
13.2200,743.8521,152.3712,1991.7300,57.7853,1.8433,3.4237,24.1619,3.6608,33.0028,0.9390,0.1917,0.0894,0.2712,57.9147,3.3905,1.8230,-0.0093,0.0033,-0.0370,0.2194,-10.8002,37.781573,-122.417676,1991.73,57.91
13.2400,744.8200,153.0076,1991.7264,57.7866,1.8443,3.4240,24.1775,3.6628,33.0905,0.9388,0.1918,0.0896,0.2719,57.9160,3.3907,1.8239,-0.0093,0.0032,-0.0370,0.2195,-10.8010,37.781582,-122.417668,1991.73,57.92
13.2600,745.7869,153.6454,1991.7228,57.7879,1.8453,3.4243,24.1930,3.6649,33.1784,0.9385,0.1918,0.0898,0.2726,57.9173,3.3909,1.8248,-0.0093,0.0032,-0.0370,0.2197,-10.8018,37.781591,-122.417661,1991.73,57.92
13.2800,746.7529,154.2848,1991.7193,57.7892,1.8462,3.4245,24.2085,3.6669,33.2663,0.9383,0.1919,0.0900,0.2733,57.9187,3.3911,1.8257,-0.0093,0.0032,-0.0371,0.2198,-10.8026,37.781600,-122.417654,1991.72,57.92
13.3000,747.7179,154.9256,1991.7158,57.7905,1.8472,3.4248,24.2240,3.6689,33.3542,0.9381,0.1919,0.0902,0.2740,57.9200,3.3913,1.8267,-0.0093,0.0032,-0.0371,0.2200,-10.8033,37.781608,-122.417647,1991.72,57.92
13.3200,748.6819,155.5679,1991.7123,57.7918,1.8482,3.4251,24.2394,3.6709,33.4422,0.9378,0.1920,0.0904,0.2747,57.9213,3.3915,1.8276,-0.0093,0.0031,-0.0371,0.2201,-10.8041,37.781617,-122.417639,1991.72,57.92
13.3400,749.6450,156.2117,1991.7088,57.7931,1.8491,3.4254,24.2547,3.6729,33.5303,0.9376,0.1920,0.0906,0.2754,57.9227,3.3917,1.8285,-0.0093,0.0031,-0.0371,0.2202,-10.8048,37.781626,-122.417632,1991.71,57.92
13.3600,750.6071,156.8570,1991.7054,57.7944,1.8501,3.4256,24.2699,3.6748,33.6184,0.9374,0.1921,0.0908,0.2761,57.9240,3.3919,1.8294,-0.0093,0.0031,-0.0371,0.2204,-10.8056,37.781634,-122.417625,1991.71,57.92
13.3800,751.5683,157.5038,1991.7020,57.7957,1.8510,3.4259,24.2851,3.6768,33.7066,0.9371,0.1921,0.0910,0.2768,57.9254,3.3921,1.8303,-0.0093,0.0031,-0.0372,0.2205,-10.8063,37.781643,-122.417617,1991.71,57.93
13.4000,752.5285,158.1521,1991.6986,57.7971,1.8519,3.4262,24.3003,3.6787,33.7948,0.9369,0.1922,0.0912,0.2775,57.9268,3.3923,1.8312,-0.0093,0.0031,-0.0372,0.2207,-10.8071,37.781651,-122.417610,1991.70,57.93
13.4200,753.4877,158.8019,1991.6953,57.7984,1.8529,3.4265,24.3154,3.6807,33.8831,0.9366,0.1922,0.0914,0.2782,57.9281,3.3925,1.8320,-0.0093,0.0030,-0.0372,0.2208,-10.8078,37.781660,-122.417603,1991.70,57.93
13.4400,754.4459,159.4531,1991.6919,57.7997,1.8538,3.4268,24.3304,3.6826,33.9715,0.9364,0.1923,0.0916,0.2790,57.9295,3.3927,1.8329,-0.0094,0.0030,-0.0372,0.2209,-10.8086,37.781669,-122.417595,1991.70,57.93
13.4600,755.4032,160.1059,1991.6886,57.8011,1.8547,3.4270,24.3454,3.6845,34.0599,0.9362,0.1923,0.0918,0.2797,57.9309,3.3929,1.8338,-0.0094,0.0030,-0.0372,0.2211,-10.8094,37.781677,-122.417588,1991.69,57.93
13.4800,756.3595,160.7601,1991.6854,57.8024,1.8557,3.4274,24.3603,3.6865,34.1484,0.9359,0.1924,0.0920,0.2804,57.9323,3.3931,1.8347,-0.0094,0.0030,-0.0373,0.2212,-10.8102,37.781686,-122.417580,1991.69,57.93
13.5000,757.3147,161.4158,1991.6821,57.8038,1.8566,3.4277,24.3751,3.6884,34.2369,0.9357,0.1924,0.0922,0.2811,57.9337,3.3933,1.8355,-0.0094,0.0029,-0.0373,0.2214,-10.8110,37.781694,-122.417573,1991.69,57.93
13.5200,758.2690,162.0731,1991.6789,57.8051,1.8575,3.4280,24.3899,3.6903,34.3255,0.9354,0.1924,0.0924,0.2818,57.9350,3.3936,1.8364,-0.0094,0.0029,-0.0373,0.2215,-10.8118,37.781703,-122.417566,1991.68,57.93
13.5400,759.2224,162.7317,1991.6757,57.8065,1.8584,3.4283,24.4046,3.6922,34.4142,0.9352,0.1925,0.0926,0.2825,57.9364,3.3938,1.8372,-0.0094,0.0029,-0.0373,0.2216,-10.8126,37.781712,-122.417558,1991.68,57.94
13.5600,760.1747,163.3919,1991.6725,57.8078,1.8593,3.4287,24.4193,3.6942,34.5029,0.9349,0.1925,0.0928,0.2832,57.9378,3.3941,1.8381,-0.0094,0.0029,-0.0373,0.2218,-10.8135,37.781720,-122.417551,1991.68,57.94
13.5800,761.1260,164.0536,1991.6694,57.8092,1.8602,3.4290,24.4339,3.6961,34.5916,0.9347,0.1926,0.0930,0.2839,57.9393,3.3943,1.8389,-0.0094,0.0029,-0.0374,0.2219,-10.8144,37.781729,-122.417543,1991.67,57.94
13.6000,762.0763,164.7167,1991.6662,57.8106,1.8611,3.4294,24.4484,3.6980,34.6805,0.9345,0.1926,0.0932,0.2846,57.9407,3.3946,1.8398,-0.0094,0.0028,-0.0374,0.2220,-10.8153,37.781737,-122.417536,1991.67,57.94
13.6200,763.0256,165.3814,1991.6632,57.8119,1.8620,3.4298,24.4629,3.7000,34.7694,0.9342,0.1927,0.0934,0.2853,57.9421,3.3949,1.8406,-0.0094,0.0028,-0.0374,0.2222,-10.8162,37.781746,-122.417528,1991.67,57.94
13.6400,763.9739,166.0475,1991.6601,57.8133,1.8628,3.4302,24.4774,3.7019,34.8583,0.9340,0.1927,0.0936,0.2860,57.9435,3.3952,1.8415,-0.0094,0.0028,-0.0374,0.2223,-10.8171,37.781754,-122.417520,1991.66,57.94
13.6600,764.9212,166.7151,1991.6570,57.8147,1.8637,3.4306,24.4917,3.7039,34.9473,0.9337,0.1927,0.0938,0.2867,57.9449,3.3955,1.8423,-0.0094,0.0028,-0.0374,0.2224,-10.8181,37.781763,-122.417513,1991.66,57.94
13.6800,765.8675,167.3842,1991.6540,57.8161,1.8646,3.4310,24.5061,3.7058,35.0364,0.9335,0.1928,0.0940,0.2875,57.9464,3.3958,1.8431,-0.0095,0.0028,-0.0374,0.2226,-10.8191,37.781771,-122.417505,1991.66,57.95
13.7000,766.8128,168.0547,1991.6510,57.8175,1.8655,3.4314,24.5203,3.7078,35.1255,0.9332,0.1928,0.0942,0.2882,57.9478,3.3961,1.8439,-0.0095,0.0027,-0.0375,0.2227,-10.8201,37.781780,-122.417498,1991.65,57.95
13.7200,767.7571,168.7268,1991.6481,57.8189,1.8663,3.4319,24.5345,3.7098,35.2147,0.9330,0.1928,0.0944,0.2889,57.9492,3.3965,1.8447,-0.0095,0.0027,-0.0375,0.2228,-10.8212,37.781788,-122.417490,1991.65,57.95
13.7400,768.7003,169.4003,1991.6451,57.8203,1.8672,3.4324,24.5486,3.7118,35.3040,0.9327,0.1929,0.0946,0.2896,57.9507,3.3969,1.8455,-0.0095,0.0027,-0.0375,0.2230,-10.8222,37.781797,-122.417482,1991.65,57.95
13.7600,769.6425,170.0753,1991.6422,57.8217,1.8680,3.4328,24.5627,3.7137,35.3933,0.9325,0.1929,0.0948,0.2903,57.9521,3.3972,1.8463,-0.0095,0.0027,-0.0375,0.2231,-10.8233,37.781805,-122.417475,1991.65,57.95
13.7800,770.5837,170.7518,1991.6393,57.8231,1.8689,3.4333,24.5768,3.7157,35.4827,0.9322,0.1930,0.0950,0.2910,57.9536,3.3976,1.8471,-0.0095,0.0026,-0.0375,0.2232,-10.8245,37.781814,-122.417467,1991.64,57.95
13.8000,771.5239,171.4297,1991.6364,57.8245,1.8697,3.4339,24.5907,3.7178,35.5721,0.9320,0.1930,0.0952,0.2917,57.9551,3.3980,1.8479,-0.0095,0.0026,-0.0376,0.2234,-10.8256,37.781822,-122.417459,1991.64,57.95
13.8200,772.4630,172.1092,1991.6336,57.8259,1.8706,3.4344,24.6046,3.7198,35.6616,0.9317,0.1930,0.0954,0.2924,57.9565,3.3985,1.8487,-0.0095,0.0026,-0.0376,0.2235,-10.8268,37.781831,-122.417452,1991.64,57.96
13.8400,773.4011,172.7901,1991.6308,57.8273,1.8714,3.4349,24.6185,3.7218,35.7512,0.9315,0.1931,0.0956,0.2931,57.9580,3.3989,1.8495,-0.0095,0.0026,-0.0376,0.2236,-10.8280,37.781839,-122.417444,1991.63,57.96
13.8600,774.3382,173.4725,1991.6280,57.8287,1.8722,3.4355,24.6323,3.7238,35.8408,0.9312,0.1931,0.0958,0.2939,57.9595,3.3993,1.8503,-0.0095,0.0026,-0.0376,0.2238,-10.8292,37.781848,-122.417436,1991.63,57.96
13.8800,775.2742,174.1564,1991.6252,57.8301,1.8731,3.4360,24.6460,3.7259,35.9305,0.9310,0.1931,0.0960,0.2946,57.9609,3.3998,1.8511,-0.0095,0.0025,-0.0376,0.2239,-10.8305,37.781856,-122.417428,1991.63,57.96
13.9000,776.2092,174.8417,1991.6225,57.8316,1.8739,3.4366,24.6597,3.7280,36.0203,0.9307,0.1931,0.0962,0.2953,57.9624,3.4003,1.8518,-0.0095,0.0025,-0.0376,0.2240,-10.8317,37.781864,-122.417421,1991.63,57.96
13.9200,777.1431,175.5285,1991.6197,57.8330,1.8747,3.4372,24.6733,3.7300,36.1101,0.9305,0.1932,0.0964,0.2960,57.9639,3.4007,1.8526,-0.0095,0.0025,-0.0377,0.2241,-10.8330,37.781873,-122.417413,1991.62,57.96
13.9400,778.0760,176.2168,1991.6170,57.8344,1.8755,3.4378,24.6869,3.7321,36.1999,0.9302,0.1932,0.0966,0.2967,57.9654,3.4012,1.8534,-0.0095,0.0025,-0.0377,0.2243,-10.8343,37.781881,-122.417405,1991.62,57.97
13.9600,779.0078,176.9066,1991.6144,57.8359,1.8763,3.4384,24.7004,3.7342,36.2899,0.9300,0.1932,0.0968,0.2974,57.9669,3.4017,1.8541,-0.0095,0.0025,-0.0377,0.2244,-10.8357,37.781890,-122.417397,1991.62,57.97
13.9800,779.9386,177.5978,1991.6117,57.8373,1.8771,3.4390,24.7138,3.7363,36.3798,0.9297,0.1933,0.0970,0.2981,57.9684,3.4022,1.8549,-0.0095,0.0024,-0.0377,0.2245,-10.8370,37.781898,-122.417389,1991.61,57.97
14.0000,780.8683,178.2905,1991.6091,57.8388,1.8779,3.4396,24.7272,3.7384,36.4699,0.9294,0.1933,0.0972,0.2989,57.9699,3.4027,1.8556,-0.0096,0.0024,-0.0377,0.2247,-10.8384,37.781906,-122.417382,1991.61,57.97
14.0200,781.7970,178.9847,1991.6065,57.8402,1.8787,3.4402,24.7406,3.7405,36.5600,0.9292,0.1933,0.0974,0.2996,57.9714,3.4033,1.8564,-0.0096,0.0024,-0.0377,0.2248,-10.8397,37.781915,-122.417374,1991.61,57.97
14.0400,782.7246,179.6804,1991.6040,57.8417,1.8795,3.4408,24.7538,3.7426,36.6501,0.9289,0.1933,0.0976,0.3003,57.9729,3.4038,1.8571,-0.0096,0.0024,-0.0378,0.2249,-10.8411,37.781923,-122.417366,1991.61,57.97
14.0600,783.6511,180.3775,1991.6014,57.8431,1.8803,3.4414,24.7671,3.7447,36.7403,0.9287,0.1934,0.0978,0.3010,57.9744,3.4043,1.8579,-0.0096,0.0024,-0.0378,0.2250,-10.8425,37.781931,-122.417358,1991.60,57.97
14.0800,784.5766,181.0761,1991.5989,57.8446,1.8811,3.4421,24.7802,3.7469,36.8306,0.9284,0.1934,0.0980,0.3017,57.9759,3.4048,1.8586,-0.0096,0.0023,-0.0378,0.2252,-10.8439,37.781940,-122.417350,1991.60,57.98
14.1000,785.5010,181.7762,1991.5964,57.8460,1.8819,3.4427,24.7933,3.7490,36.9209,0.9282,0.1934,0.0982,0.3024,57.9774,3.4054,1.8593,-0.0096,0.0023,-0.0378,0.2253,-10.8454,37.781948,-122.417342,1991.60,57.98
14.1200,786.4243,182.4777,1991.5939,57.8475,1.8827,3.4433,24.8064,3.7511,37.0113,0.9279,0.1934,0.0984,0.3032,57.9789,3.4059,1.8600,-0.0096,0.0023,-0.0378,0.2254,-10.8468,37.781956,-122.417334,1991.60,57.98
14.1400,787.3465,183.1807,1991.5915,57.8490,1.8834,3.4439,24.8194,3.7533,37.1017,0.9276,0.1935,0.0987,0.3039,57.9805,3.4064,1.8608,-0.0096,0.0023,-0.0378,0.2255,-10.8482,37.781965,-122.417326,1991.59,57.98
14.1600,788.2677,183.8852,1991.5891,57.8504,1.8842,3.4446,24.8323,3.7554,37.1922,0.9274,0.1935,0.0989,0.3046,57.9820,3.4070,1.8615,-0.0096,0.0023,-0.0379,0.2257,-10.8496,37.781973,-122.417318,1991.59,57.98
14.1800,789.1877,184.5911,1991.5867,57.8519,1.8850,3.4452,24.8452,3.7576,37.2827,0.9271,0.1935,0.0991,0.3053,57.9835,3.4075,1.8622,-0.0096,0.0022,-0.0379,0.2258,-10.8510,37.781981,-122.417310,1991.59,57.98
14.2000,790.1067,185.2985,1991.5844,57.8534,1.8857,3.4458,24.8580,3.7597,37.3733,0.9268,0.1935,0.0993,0.3060,57.9851,3.4080,1.8629,-0.0096,0.0022,-0.0379,0.2259,-10.8525,37.781989,-122.417302,1991.59,57.98
14.2200,791.0246,186.0073,1991.5820,57.8549,1.8865,3.4464,24.8708,3.7618,37.4639,0.9266,0.1935,0.0995,0.3067,57.9866,3.4086,1.8636,-0.0096,0.0022,-0.0379,0.2260,-10.8539,37.781998,-122.417294,1991.58,57.99
14.2400,791.9414,186.7177,1991.5797,57.8564,1.8872,3.4470,24.8835,3.7640,37.5546,0.9263,0.1935,0.0997,0.3075,57.9881,3.4091,1.8643,-0.0096,0.0022,-0.0379,0.2262,-10.8553,37.782006,-122.417286,1991.58,57.99
14.2600,792.8571,187.4295,1991.5774,57.8579,1.8880,3.4476,24.8962,3.7661,37.6454,0.9261,0.1936,0.0999,0.3082,57.9897,3.4096,1.8650,-0.0096,0.0021,-0.0379,0.2263,-10.8567,37.782014,-122.417278,1991.58,57.99
14.2800,793.7717,188.1427,1991.5752,57.8594,1.8887,3.4482,24.9088,3.7683,37.7362,0.9258,0.1936,0.1001,0.3089,57.9912,3.4101,1.8657,-0.0096,0.0021,-0.0380,0.2264,-10.8581,37.782022,-122.417270,1991.58,57.99
14.3000,794.6852,188.8574,1991.5730,57.8609,1.8894,3.4488,24.9213,3.7704,37.8270,0.9255,0.1936,0.1003,0.3096,57.9928,3.4106,1.8663,-0.0096,0.0021,-0.0380,0.2265,-10.8595,37.782031,-122.417262,1991.58,57.99
14.3200,795.5976,189.5736,1991.5708,57.8624,1.8902,3.4494,24.9338,3.7725,37.9179,0.9253,0.1936,0.1005,0.3103,57.9943,3.4111,1.8670,-0.0096,0.0021,-0.0380,0.2267,-10.8609,37.782039,-122.417254,1991.57,57.99
14.3400,796.5089,190.2912,1991.5686,57.8639,1.8909,3.4499,24.9462,3.7746,38.0088,0.9250,0.1936,0.1007,0.3111,57.9959,3.4116,1.8677,-0.0096,0.0021,-0.0380,0.2268,-10.8622,37.782047,-122.417245,1991.57,58.00
14.3600,797.4191,191.0103,1991.5665,57.8654,1.8916,3.4505,24.9586,3.7767,38.0998,0.9247,0.1936,0.1009,0.3118,57.9975,3.4120,1.8684,-0.0096,0.0020,-0.0380,0.2269,-10.8636,37.782055,-122.417237,1991.57,58.00
14.3800,798.3282,191.7308,1991.5643,57.8669,1.8923,3.4510,24.9709,3.7788,38.1908,0.9245,0.1937,0.1011,0.3125,57.9990,3.4125,1.8690,-0.0096,0.0020,-0.0380,0.2270,-10.8649,37.782063,-122.417229,1991.57,58.00
14.4000,799.2361,192.4528,1991.5623,57.8684,1.8931,3.4516,24.9832,3.7809,38.2819,0.9242,0.1937,0.1013,0.3132,58.0006,3.4129,1.8697,-0.0096,0.0020,-0.0380,0.2272,-10.8662,37.782072,-122.417221,1991.56,58.00
14.4200,800.1429,193.1763,1991.5602,57.8699,1.8938,3.4521,24.9954,3.7830,38.3730,0.9239,0.1937,0.1015,0.3139,58.0022,3.4134,1.8703,-0.0096,0.0020,-0.0381,0.2273,-10.8675,37.782080,-122.417213,1991.56,58.00
14.4400,801.0486,193.9012,1991.5582,57.8715,1.8945,3.4526,25.0076,3.7851,38.4641,0.9236,0.1937,0.1017,0.3147,58.0037,3.4138,1.8710,-0.0096,0.0020,-0.0381,0.2274,-10.8687,37.782088,-122.417205,1991.56,58.00
14.4600,801.9532,194.6276,1991.5562,57.8730,1.8952,3.4531,25.0197,3.7871,38.5553,0.9234,0.1937,0.1019,0.3154,58.0053,3.4142,1.8716,-0.0096,0.0019,-0.0381,0.2275,-10.8700,37.782096,-122.417196,1991.56,58.01
14.4800,802.8567,195.3554,1991.5542,57.8745,1.8959,3.4535,25.0317,3.7892,38.6466,0.9231,0.1937,0.1021,0.3161,58.0069,3.4146,1.8723,-0.0096,0.0019,-0.0381,0.2276,-10.8712,37.782104,-122.417188,1991.56,58.01
14.5000,803.7590,196.0846,1991.5522,57.8761,1.8966,3.4540,25.0437,3.7912,38.7378,0.9228,0.1937,0.1023,0.3168,58.0085,3.4149,1.8729,-0.0096,0.0019,-0.0381,0.2278,-10.8724,37.782112,-122.417180,1991.55,58.01
14.5200,804.6602,196.8154,1991.5503,57.8776,1.8973,3.4544,25.0556,3.7933,38.8292,0.9226,0.1937,0.1025,0.3175,58.0100,3.4153,1.8736,-0.0096,0.0019,-0.0381,0.2279,-10.8736,37.782120,-122.417172,1991.55,58.01
14.5400,805.5603,197.5475,1991.5484,57.8791,1.8980,3.4549,25.0675,3.7953,38.9205,0.9223,0.1937,0.1027,0.3183,58.0116,3.4157,1.8742,-0.0096,0.0019,-0.0381,0.2280,-10.8748,37.782128,-122.417163,1991.55,58.01
14.5600,806.4592,198.2811,1991.5466,57.8807,1.8986,3.4553,25.0793,3.7973,39.0119,0.9220,0.1937,0.1029,0.3190,58.0132,3.4160,1.8748,-0.0096,0.0018,-0.0382,0.2281,-10.8759,37.782136,-122.417155,1991.55,58.01
14.5800,807.3570,199.0162,1991.5447,57.8822,1.8993,3.4557,25.0911,3.7992,39.1034,0.9217,0.1937,0.1031,0.3197,58.0148,3.4163,1.8754,-0.0096,0.0018,-0.0382,0.2282,-10.8770,37.782145,-122.417147,1991.55,58.01
14.6000,808.2536,199.7527,1991.5429,57.8838,1.9000,3.4560,25.1028,3.8012,39.1949,0.9215,0.1938,0.1033,0.3204,58.0164,3.4166,1.8761,-0.0096,0.0018,-0.0382,0.2284,-10.8781,37.782153,-122.417138,1991.54,58.02
14.6200,809.1491,200.4907,1991.5411,57.8854,1.9007,3.4564,25.1145,3.8031,39.2864,0.9212,0.1938,0.1036,0.3211,58.0180,3.4169,1.8767,-0.0096,0.0018,-0.0382,0.2285,-10.8791,37.782161,-122.417130,1991.54,58.02
14.6400,810.0434,201.2301,1991.5394,57.8869,1.9013,3.4568,25.1261,3.8051,39.3780,0.9209,0.1938,0.1038,0.3219,58.0196,3.4171,1.8773,-0.0096,0.0018,-0.0382,0.2286,-10.8802,37.782169,-122.417121,1991.54,58.02
14.6600,810.9366,201.9709,1991.5377,57.8885,1.9020,3.4571,25.1376,3.8070,39.4696,0.9206,0.1938,0.1040,0.3226,58.0212,3.4174,1.8779,-0.0096,0.0017,-0.0382,0.2287,-10.8812,37.782177,-122.417113,1991.54,58.02
14.6800,811.8286,202.7132,1991.5360,57.8901,1.9026,3.4574,25.1491,3.8089,39.5612,0.9204,0.1938,0.1042,0.3233,58.0228,3.4176,1.8785,-0.0096,0.0017,-0.0382,0.2288,-10.8821,37.782185,-122.417105,1991.54,58.02
14.7000,812.7195,203.4569,1991.5343,57.8917,1.9033,3.4577,25.1605,3.8108,39.6529,0.9201,0.1938,0.1044,0.3240,58.0244,3.4179,1.8791,-0.0096,0.0017,-0.0383,0.2289,-10.8831,37.782193,-122.417096,1991.54,58.02
14.7200,813.6092,204.2021,1991.5327,57.8932,1.9039,3.4580,25.1719,3.8127,39.7446,0.9198,0.1938,0.1046,0.3248,58.0260,3.4181,1.8797,-0.0096,0.0017,-0.0383,0.2291,-10.8840,37.782201,-122.417088,1991.53,58.03
14.7400,814.4977,204.9487,1991.5311,57.8948,1.9046,3.4583,25.1832,3.8145,39.8364,0.9195,0.1938,0.1048,0.3255,58.0277,3.4183,1.8803,-0.0096,0.0017,-0.0383,0.2292,-10.8849,37.782209,-122.417079,1991.53,58.03
14.7600,815.3851,205.6968,1991.5295,57.8964,1.9052,3.4585,25.1945,3.8163,39.9282,0.9193,0.1938,0.1050,0.3262,58.0293,3.4184,1.8809,-0.0096,0.0016,-0.0383,0.2293,-10.8858,37.782217,-122.417071,1991.53,58.03
14.7800,816.2712,206.4463,1991.5279,57.8980,1.9059,3.4588,25.2057,3.8182,40.0200,0.9190,0.1938,0.1052,0.3269,58.0309,3.4186,1.8814,-0.0096,0.0016,-0.0383,0.2294,-10.8867,37.782225,-122.417062,1991.53,58.03
14.8000,817.1563,207.1972,1991.5264,57.8996,1.9065,3.4590,25.2168,3.8200,40.1119,0.9187,0.1938,0.1054,0.3276,58.0325,3.4187,1.8820,-0.0096,0.0016,-0.0383,0.2295,-10.8875,37.782233,-122.417054,1991.53,58.03
14.8200,818.0401,207.9496,1991.5249,57.9012,1.9071,3.4592,25.2279,3.8217,40.2038,0.9184,0.1938,0.1056,0.3284,58.0342,3.4189,1.8826,-0.0096,0.0016,-0.0383,0.2296,-10.8883,37.782241,-122.417045,1991.53,58.03
14.8400,818.9228,208.7033,1991.5235,57.9028,1.9077,3.4595,25.2390,3.8235,40.2957,0.9181,0.1938,0.1058,0.3291,58.0358,3.4190,1.8831,-0.0097,0.0016,-0.0383,0.2298,-10.8891,37.782249,-122.417037,1991.52,58.04
14.8600,819.8043,209.4586,1991.5220,57.9044,1.9084,3.4597,25.2500,3.8253,40.3877,0.9178,0.1938,0.1060,0.3298,58.0374,3.4191,1.8837,-0.0097,0.0015,-0.0384,0.2299,-10.8899,37.782257,-122.417028,1991.52,58.04
14.8800,820.6845,210.2152,1991.5206,57.9060,1.9090,3.4598,25.2609,3.8270,40.4797,0.9176,0.1938,0.1062,0.3305,58.0391,3.4192,1.8843,-0.0097,0.0015,-0.0384,0.2300,-10.8907,37.782264,-122.417020,1991.52,58.04
14.9000,821.5637,210.9733,1991.5192,57.9076,1.9096,3.4600,25.2718,3.8287,40.5718,0.9173,0.1938,0.1064,0.3313,58.0407,3.4193,1.8848,-0.0097,0.0015,-0.0384,0.2301,-10.8914,37.782272,-122.417011,1991.52,58.04
14.9200,822.4416,211.7328,1991.5179,57.9093,1.9102,3.4602,25.2826,3.8305,40.6639,0.9170,0.1938,0.1066,0.3320,58.0423,3.4194,1.8854,-0.0097,0.0015,-0.0384,0.2302,-10.8921,37.782280,-122.417002,1991.52,58.04
14.9400,823.3183,212.4938,1991.5165,57.9109,1.9108,3.4604,25.2934,3.8322,40.7560,0.9167,0.1938,0.1068,0.3327,58.0440,3.4195,1.8859,-0.0097,0.0015,-0.0384,0.2303,-10.8929,37.782288,-122.416994,1991.52,58.04
14.9600,824.1938,213.2561,1991.5152,57.9125,1.9114,3.4605,25.3041,3.8338,40.8482,0.9164,0.1938,0.1070,0.3334,58.0456,3.4195,1.8865,-0.0097,0.0015,-0.0384,0.2304,-10.8936,37.782296,-122.416985,1991.52,58.05
14.9800,825.0681,214.0199,1991.5139,57.9141,1.9120,3.4607,25.3148,3.8355,40.9404,0.9161,0.1938,0.1072,0.3342,58.0473,3.4196,1.8870,-0.0097,0.0014,-0.0384,0.2305,-10.8942,37.782304,-122.416976,1991.52,58.05
15.0000,825.9413,214.7852,1991.5127,57.9158,1.9126,3.4608,25.3254,3.8372,41.0326,0.9159,0.1937,0.1074,0.3349,58.0489,3.4197,1.8875,-0.0097,0.0014,-0.0384,0.2307,-10.8949,37.782312,-122.416968,1991.51,58.05
15.0200,826.8132,215.5518,1991.5115,57.9174,1.9132,3.4609,25.3360,3.8388,41.1249,0.9156,0.1937,0.1076,0.3356,58.0506,3.4197,1.8881,-0.0097,0.0014,-0.0385,0.2308,-10.8956,37.782320,-122.416959,1991.51,58.05
15.0400,827.6839,216.3199,1991.5103,57.9191,1.9138,3.4611,25.3465,3.8405,41.2172,0.9153,0.1937,0.1078,0.3363,58.0523,3.4197,1.8886,-0.0097,0.0014,-0.0385,0.2309,-10.8962,37.782327,-122.416950,1991.51,58.05
15.0600,828.5534,217.0893,1991.5091,57.9207,1.9143,3.4612,25.3569,3.8421,41.3095,0.9150,0.1937,0.1080,0.3371,58.0539,3.4198,1.8891,-0.0097,0.0014,-0.0385,0.2310,-10.8969,37.782335,-122.416942,1991.51,58.05
15.0800,829.4217,217.8602,1991.5080,57.9223,1.9149,3.4613,25.3673,3.8437,41.4019,0.9147,0.1937,0.1082,0.3378,58.0556,3.4198,1.8896,-0.0097,0.0013,-0.0385,0.2311,-10.8975,37.782343,-122.416933,1991.51,58.06
15.1000,830.2888,218.6326,1991.5069,57.9240,1.9155,3.4615,25.3776,3.8453,41.4943,0.9144,0.1937,0.1084,0.3385,58.0573,3.4198,1.8901,-0.0097,0.0013,-0.0385,0.2312,-10.8982,37.782351,-122.416924,1991.51,58.06
15.1200,831.1546,219.4063,1991.5058,57.9257,1.9161,3.4616,25.3879,3.8469,41.5868,0.9141,0.1937,0.1086,0.3392,58.0589,3.4198,1.8907,-0.0097,0.0013,-0.0385,0.2313,-10.8988,37.782359,-122.416915,1991.51,58.06
15.1400,832.0193,220.1815,1991.5047,57.9273,1.9166,3.4617,25.3982,3.8485,41.6793,0.9138,0.1937,0.1088,0.3400,58.0606,3.4199,1.8912,-0.0097,0.0013,-0.0385,0.2314,-10.8994,37.782366,-122.416906,1991.51,58.06
15.1600,832.8827,220.9580,1991.5037,57.9290,1.9172,3.4618,25.4083,3.8501,41.7718,0.9135,0.1937,0.1090,0.3407,58.0623,3.4199,1.8917,-0.0097,0.0013,-0.0385,0.2315,-10.9001,37.782374,-122.416898,1991.50,58.06
15.1800,833.7449,221.7360,1991.5027,57.9306,1.9177,3.4619,25.4185,3.8517,41.8644,0.9132,0.1937,0.1092,0.3414,58.0640,3.4199,1.8922,-0.0097,0.0012,-0.0385,0.2317,-10.9007,37.782382,-122.416889,1991.50,58.06
15.2000,834.6058,222.5154,1991.5017,57.9323,1.9183,3.4621,25.4285,3.8532,41.9570,0.9130,0.1936,0.1094,0.3421,58.0657,3.4199,1.8927,-0.0097,0.0012,-0.0386,0.2318,-10.9013,37.782390,-122.416880,1991.50,58.07
15.2200,835.4655,223.2962,1991.5008,57.9340,1.9188,3.4622,25.4386,3.8548,42.0496,0.9127,0.1936,0.1096,0.3429,58.0673,3.4200,1.8931,-0.0097,0.0012,-0.0386,0.2319,-10.9019,37.782397,-122.416871,1991.50,58.07
15.2400,836.3240,224.0784,1991.4998,57.9356,1.9194,3.4623,25.4485,3.8564,42.1423,0.9124,0.1936,0.1098,0.3436,58.0690,3.4200,1.8936,-0.0097,0.0012,-0.0386,0.2320,-10.9026,37.782405,-122.416862,1991.50,58.07
15.2600,837.1813,224.8620,1991.4989,57.9373,1.9199,3.4624,25.4584,3.8579,42.2350,0.9121,0.1936,0.1100,0.3443,58.0707,3.4200,1.8941,-0.0097,0.0012,-0.0386,0.2321,-10.9032,37.782413,-122.416853,1991.50,58.07
15.2800,838.0373,225.6470,1991.4981,57.9390,1.9205,3.4626,25.4683,3.8595,42.3278,0.9118,0.1936,0.1102,0.3450,58.0724,3.4200,1.8946,-0.0097,0.0011,-0.0386,0.2322,-10.9039,37.782421,-122.416844,1991.50,58.07
15.3000,838.8920,226.4335,1991.4972,57.9407,1.9210,3.4627,25.4781,3.8610,42.4206,0.9115,0.1936,0.1104,0.3458,58.0741,3.4201,1.8951,-0.0097,0.0011,-0.0386,0.2323,-10.9045,37.782428,-122.416836,1991.50,58.07
15.3200,839.7455,227.2213,1991.4964,57.9424,1.9215,3.4628,25.4879,3.8626,42.5134,0.9112,0.1936,0.1106,0.3465,58.0758,3.4201,1.8955,-0.0097,0.0011,-0.0386,0.2324,-10.9052,37.782436,-122.416827,1991.50,58.08
15.3400,840.5978,228.0105,1991.4956,57.9440,1.9220,3.4630,25.4976,3.8641,42.6063,0.9109,0.1935,0.1108,0.3472,58.0775,3.4201,1.8960,-0.0097,0.0011,-0.0386,0.2325,-10.9058,37.782444,-122.416818,1991.50,58.08
15.3600,841.4488,228.8011,1991.4948,57.9457,1.9226,3.4631,25.5072,3.8657,42.6992,0.9106,0.1935,0.1110,0.3479,58.0792,3.4202,1.8965,-0.0097,0.0011,-0.0386,0.2326,-10.9065,37.782451,-122.416809,1991.50,58.08
15.3800,842.2986,229.5932,1991.4941,57.9474,1.9231,3.4633,25.5168,3.8672,42.7921,0.9103,0.1935,0.1112,0.3487,58.0810,3.4202,1.8969,-0.0097,0.0011,-0.0387,0.2327,-10.9072,37.782459,-122.416800,1991.49,58.08
15.4000,843.1471,230.3866,1991.4934,57.9491,1.9236,3.4634,25.5264,3.8688,42.8851,0.9100,0.1935,0.1114,0.3494,58.0827,3.4202,1.8974,-0.0097,0.0010,-0.0387,0.2328,-10.9078,37.782466,-122.416791,1991.49,58.08
15.4200,843.9943,231.1814,1991.4927,57.9508,1.9241,3.4636,25.5358,3.8703,42.9781,0.9097,0.1935,0.1116,0.3501,58.0844,3.4203,1.8978,-0.0097,0.0010,-0.0387,0.2329,-10.9085,37.782474,-122.416782,1991.49,58.08
15.4400,844.8403,231.9776,1991.4920,57.9525,1.9246,3.4637,25.5453,3.8719,43.0712,0.9094,0.1934,0.1118,0.3508,58.0861,3.4203,1.8983,-0.0098,0.0010,-0.0387,0.2331,-10.9092,37.782482,-122.416773,1991.49,58.09
15.4600,845.6850,232.7752,1991.4913,57.9542,1.9251,3.4639,25.5547,3.8734,43.1643,0.9091,0.1934,0.1120,0.3516,58.0878,3.4204,1.8987,-0.0098,0.0010,-0.0387,0.2332,-10.9100,37.782489,-122.416764,1991.49,58.09
15.4800,846.5285,233.5742,1991.4907,57.9559,1.9256,3.4641,25.5640,3.8749,43.2574,0.9088,0.1934,0.1122,0.3523,58.0895,3.4205,1.8991,-0.0098,0.0010,-0.0387,0.2333,-10.9107,37.782497,-122.416755,1991.49,58.09
15.5000,847.3706,234.3746,1991.4901,57.9576,1.9261,3.4642,25.5733,3.8765,43.3506,0.9085,0.1934,0.1123,0.3530,58.0913,3.4205,1.8996,-0.0098,0.0009,-0.0387,0.2334,-10.9114,37.782504,-122.416745,1991.49,58.09
15.5200,848.2115,235.1764,1991.4896,57.9593,1.9266,3.4644,25.5825,3.8780,43.4438,0.9082,0.1933,0.1125,0.3538,58.0930,3.4206,1.9000,-0.0098,0.0009,-0.0387,0.2335,-10.9121,37.782512,-122.416736,1991.49,58.09
15.5400,849.0511,235.9796,1991.4890,57.9610,1.9271,3.4646,25.5917,3.8796,43.5370,0.9079,0.1933,0.1127,0.3545,58.0947,3.4207,1.9004,-0.0098,0.0009,-0.0387,0.2336,-10.9129,37.782520,-122.416727,1991.49,58.09
15.5600,849.8895,236.7841,1991.4885,57.9628,1.9275,3.4648,25.6008,3.8811,43.6303,0.9076,0.1933,0.1129,0.3552,58.0965,3.4208,1.9008,-0.0098,0.0009,-0.0387,0.2337,-10.9137,37.782527,-122.416718,1991.49,58.10
15.5800,850.7265,237.5901,1991.4880,57.9645,1.9280,3.4650,25.6099,3.8827,43.7236,0.9073,0.1933,0.1131,0.3559,58.0982,3.4209,1.9013,-0.0098,0.0009,-0.0388,0.2338,-10.9144,37.782535,-122.416709,1991.49,58.10
15.6000,851.5623,238.3974,1991.4876,57.9662,1.9285,3.4652,25.6189,3.8842,43.8170,0.9070,0.1932,0.1133,0.3567,58.0999,3.4210,1.9017,-0.0098,0.0008,-0.0388,0.2339,-10.9152,37.782542,-122.416700,1991.49,58.10
15.6200,852.3968,239.2061,1991.4871,57.9679,1.9290,3.4654,25.6279,3.8858,43.9104,0.9067,0.1932,0.1135,0.3574,58.1017,3.4211,1.9021,-0.0098,0.0008,-0.0388,0.2340,-10.9160,37.782550,-122.416691,1991.49,58.10
15.6400,853.2300,240.0161,1991.4867,57.9696,1.9294,3.4656,25.6368,3.8873,44.0038,0.9064,0.1932,0.1137,0.3581,58.1034,3.4211,1.9025,-0.0098,0.0008,-0.0388,0.2341,-10.9168,37.782557,-122.416681,1991.49,58.10
15.6600,854.0619,240.8276,1991.4863,57.9714,1.9299,3.4658,25.6457,3.8889,44.0972,0.9061,0.1932,0.1139,0.3588,58.1052,3.4213,1.9029,-0.0098,0.0008,-0.0388,0.2342,-10.9176,37.782565,-122.416672,1991.49,58.11
15.6800,854.8925,241.6404,1991.4860,57.9731,1.9303,3.4660,25.6545,3.8905,44.1907,0.9057,0.1931,0.1141,0.3596,58.1069,3.4214,1.9033,-0.0098,0.0008,-0.0388,0.2343,-10.9184,37.782572,-122.416663,1991.49,58.11
15.7000,855.7218,242.4546,1991.4856,57.9748,1.9308,3.4663,25.6633,3.8920,44.2843,0.9054,0.1931,0.1143,0.3603,58.1087,3.4215,1.9037,-0.0098,0.0008,-0.0388,0.2344,-10.9192,37.782580,-122.416654,1991.49,58.11
15.7200,856.5498,243.2702,1991.4853,57.9766,1.9313,3.4665,25.6720,3.8936,44.3778,0.9051,0.1931,0.1145,0.3610,58.1104,3.4216,1.9041,-0.0098,0.0007,-0.0388,0.2345,-10.9201,37.782587,-122.416645,1991.49,58.11
15.7400,857.3766,244.0872,1991.4850,57.9783,1.9317,3.4667,25.6807,3.8951,44.4714,0.9048,0.1931,0.1147,0.3618,58.1122,3.4217,1.9045,-0.0098,0.0007,-0.0388,0.2346,-10.9209,37.782595,-122.416635,1991.49,58.11
15.7600,858.2019,244.9055,1991.4848,57.9800,1.9321,3.4669,25.6893,3.8967,44.5650,0.9045,0.1930,0.1149,0.3625,58.1139,3.4218,1.9049,-0.0098,0.0007,-0.0388,0.2347,-10.9217,37.782602,-122.416626,1991.49,58.11
15.7800,859.0260,245.7252,1991.4845,57.9818,1.9326,3.4671,25.6978,3.8983,44.6587,0.9042,0.1930,0.1151,0.3632,58.1157,3.4219,1.9052,-0.0098,0.0007,-0.0388,0.2348,-10.9226,37.782609,-122.416617,1991.48,58.12
15.8000,859.8488,246.5462,1991.4843,57.9835,1.9330,3.4674,25.7063,3.8998,44.7524,0.9039,0.1930,0.1153,0.3639,58.1175,3.4220,1.9056,-0.0098,0.0007,-0.0389,0.2349,-10.9234,37.782617,-122.416607,1991.48,58.12
15.8200,860.6703,247.3687,1991.4841,57.9852,1.9335,3.4676,25.7148,3.9014,44.8461,0.9036,0.1929,0.1155,0.3647,58.1192,3.4222,1.9060,-0.0098,0.0006,-0.0389,0.2350,-10.9242,37.782624,-122.416598,1991.48,58.12
15.8400,861.4904,248.1924,1991.4840,57.9870,1.9339,3.4678,25.7232,3.9030,44.9399,0.9033,0.1929,0.1157,0.3654,58.1210,3.4223,1.9064,-0.0098,0.0006,-0.0389,0.2351,-10.9251,37.782632,-122.416589,1991.48,58.12
15.8600,862.3092,249.0176,1991.4838,57.9887,1.9343,3.4680,25.7316,3.9045,45.0337,0.9030,0.1929,0.1159,0.3661,58.1228,3.4224,1.9067,-0.0098,0.0006,-0.0389,0.2352,-10.9259,37.782639,-122.416579,1991.48,58.12
15.8800,863.1267,249.8441,1991.4837,57.9905,1.9347,3.4683,25.7399,3.9061,45.1275,0.9026,0.1928,0.1161,0.3668,58.1245,3.4225,1.9071,-0.0098,0.0006,-0.0389,0.2353,-10.9268,37.782646,-122.416570,1991.48,58.12
15.9000,863.9429,250.6720,1991.4836,57.9922,1.9352,3.4685,25.7481,3.9076,45.2214,0.9023,0.1928,0.1163,0.3676,58.1263,3.4226,1.9074,-0.0098,0.0006,-0.0389,0.2354,-10.9276,37.782654,-122.416561,1991.48,58.13
15.9200,864.7578,251.5012,1991.4836,57.9940,1.9356,3.4687,25.7564,3.9092,45.3153,0.9020,0.1927,0.1165,0.3683,58.1281,3.4227,1.9078,-0.0098,0.0006,-0.0389,0.2355,-10.9285,37.782661,-122.416551,1991.48,58.13
15.9400,865.5713,252.3318,1991.4836,57.9958,1.9360,3.4689,25.7645,3.9108,45.4092,0.9017,0.1927,0.1167,0.3690,58.1299,3.4229,1.9081,-0.0098,0.0005,-0.0389,0.2356,-10.9293,37.782668,-122.416542,1991.48,58.13
15.9600,866.3835,253.1637,1991.4835,57.9975,1.9364,3.4691,25.7726,3.9123,45.5032,0.9014,0.1927,0.1169,0.3698,58.1317,3.4230,1.9085,-0.0098,0.0005,-0.0389,0.2357,-10.9302,37.782676,-122.416532,1991.48,58.13
15.9800,867.1943,253.9970,1991.4836,57.9993,1.9368,3.4693,25.7807,3.9139,45.5972,0.9011,0.1926,0.1171,0.3705,58.1334,3.4231,1.9088,-0.0098,0.0005,-0.0389,0.2358,-10.9310,37.782683,-122.416523,1991.48,58.13
16.0000,868.0038,254.8316,1991.4836,58.0010,1.9372,3.4695,25.7887,3.9154,45.6912,0.9008,0.1926,0.1173,0.3712,58.1352,3.4232,1.9092,-0.0098,0.0005,-0.0389,0.2359,-10.9318,37.782690,-122.416513,1991.48,58.14
16.0200,868.8120,255.6676,1991.4837,58.0028,1.9376,3.4697,25.7967,3.9169,45.7852,0.9004,0.1926,0.1175,0.3719,58.1370,3.4233,1.9095,-0.0098,0.0005,-0.0389,0.2360,-10.9327,37.782697,-122.416504,1991.48,58.14
16.0400,869.6188,256.5050,1991.4838,58.0046,1.9380,3.4699,25.8046,3.9185,45.8793,0.9001,0.1925,0.1177,0.3727,58.1388,3.4234,1.9098,-0.0098,0.0005,-0.0390,0.2361,-10.9335,37.782705,-122.416494,1991.48,58.14
16.0600,870.4243,257.3436,1991.4839,58.0063,1.9384,3.4701,25.8124,3.9200,45.9734,0.8998,0.1925,0.1179,0.3734,58.1406,3.4234,1.9102,-0.0098,0.0004,-0.0390,0.2362,-10.9343,37.782712,-122.416485,1991.48,58.14
16.0800,871.2284,258.1837,1991.4841,58.0081,1.9388,3.4703,25.8202,3.9215,46.0675,0.8995,0.1924,0.1181,0.3741,58.1424,3.4235,1.9105,-0.0098,0.0004,-0.0390,0.2363,-10.9351,37.782719,-122.416475,1991.48,58.14
16.1000,872.0312,259.0250,1991.4842,58.0099,1.9391,3.4705,25.8280,3.9231,46.1617,0.8992,0.1924,0.1183,0.3749,58.1442,3.4236,1.9108,-0.0098,0.0004,-0.0390,0.2364,-10.9359,37.782726,-122.416466,1991.48,58.14
16.1200,872.8326,259.8677,1991.4844,58.0117,1.9395,3.4706,25.8357,3.9246,46.2558,0.8988,0.1924,0.1184,0.3756,58.1460,3.4237,1.9111,-0.0098,0.0004,-0.0390,0.2365,-10.9367,37.782734,-122.416456,1991.48,58.15
16.1400,873.6326,260.7118,1991.4847,58.0135,1.9399,3.4708,25.8434,3.9261,46.3501,0.8985,0.1923,0.1186,0.3763,58.1478,3.4237,1.9114,-0.0098,0.0004,-0.0390,0.2366,-10.9375,37.782741,-122.416447,1991.48,58.15
16.1600,874.4313,261.5572,1991.4849,58.0152,1.9403,3.4710,25.8510,3.9276,46.4443,0.8982,0.1923,0.1188,0.3770,58.1496,3.4238,1.9118,-0.0098,0.0003,-0.0390,0.2367,-10.9382,37.782748,-122.416437,1991.48,58.15
16.1800,875.2287,262.4039,1991.4852,58.0170,1.9406,3.4711,25.8585,3.9291,46.5386,0.8979,0.1922,0.1190,0.3778,58.1514,3.4238,1.9121,-0.0098,0.0003,-0.0390,0.2367,-10.9390,37.782755,-122.416427,1991.48,58.15
16.2000,876.0246,263.2519,1991.4855,58.0188,1.9410,3.4712,25.8660,3.9306,46.6328,0.8975,0.1922,0.1192,0.3785,58.1532,3.4239,1.9124,-0.0098,0.0003,-0.0390,0.2368,-10.9397,37.782762,-122.416418,1991.49,58.15
16.2200,876.8193,264.1013,1991.4859,58.0206,1.9414,3.4714,25.8735,3.9320,46.7271,0.8972,0.1921,0.1194,0.3792,58.1550,3.4239,1.9127,-0.0098,0.0003,-0.0390,0.2369,-10.9405,37.782769,-122.416408,1991.49,58.15
16.2400,877.6125,264.9520,1991.4862,58.0224,1.9417,3.4715,25.8809,3.9335,46.8215,0.8969,0.1921,0.1196,0.3799,58.1568,3.4239,1.9130,-0.0098,0.0003,-0.0390,0.2370,-10.9412,37.782777,-122.416398,1991.49,58.16
16.2600,878.4043,265.8041,1991.4866,58.0242,1.9421,3.4716,25.8883,3.9350,46.9158,0.8966,0.1920,0.1198,0.3807,58.1586,3.4239,1.9133,-0.0098,0.0003,-0.0390,0.2371,-10.9419,37.782784,-122.416389,1991.49,58.16
16.2800,879.1948,266.6574,1991.4870,58.0260,1.9424,3.4717,25.8956,3.9364,47.0102,0.8963,0.1920,0.1200,0.3814,58.1604,3.4240,1.9135,-0.0098,0.0002,-0.0390,0.2372,-10.9426,37.782791,-122.416379,1991.49,58.16
16.3000,879.9839,267.5121,1991.4875,58.0278,1.9428,3.4718,25.9029,3.9379,47.1046,0.8959,0.1920,0.1202,0.3821,58.1622,3.4239,1.9138,-0.0098,0.0002,-0.0390,0.2373,-10.9433,37.782798,-122.416369,1991.49,58.16
16.3200,880.7716,268.3681,1991.4879,58.0296,1.9431,3.4719,25.9101,3.9393,47.1991,0.8956,0.1919,0.1204,0.3829,58.1640,3.4239,1.9141,-0.0098,0.0002,-0.0391,0.2374,-10.9440,37.782805,-122.416360,1991.49,58.16
16.3400,881.5580,269.2255,1991.4884,58.0314,1.9434,3.4720,25.9173,3.9407,47.2935,0.8953,0.1919,0.1206,0.3836,58.1658,3.4239,1.9144,-0.0098,0.0002,-0.0391,0.2375,-10.9446,37.782812,-122.416350,1991.49,58.17
16.3600,882.3429,270.0841,1991.4889,58.0332,1.9438,3.4721,25.9244,3.9421,47.3880,0.8949,0.1918,0.1208,0.3843,58.1676,3.4239,1.9147,-0.0098,0.0002,-0.0391,0.2376,-10.9452,37.782819,-122.416340,1991.49,58.17
16.3800,883.1265,270.9441,1991.4895,58.0350,1.9441,3.4721,25.9314,3.9435,47.4825,0.8946,0.1918,0.1210,0.3850,58.1695,3.4239,1.9149,-0.0098,0.0002,-0.0391,0.2377,-10.9459,37.782826,-122.416330,1991.49,58.17
16.4000,883.9086,271.8054,1991.4901,58.0368,1.9444,3.4722,25.9385,3.9449,47.5770,0.8943,0.1917,0.1212,0.3858,58.1713,3.4238,1.9152,-0.0098,0.0001,-0.0391,0.2378,-10.9465,37.782833,-122.416321,1991.49,58.17
16.4200,884.6894,272.6680,1991.4907,58.0386,1.9448,3.4722,25.9454,3.9463,47.6716,0.8940,0.1917,0.1214,0.3865,58.1731,3.4238,1.9155,-0.0098,0.0001,-0.0391,0.2379,-10.9471,37.782840,-122.416311,1991.49,58.17
16.4400,885.4688,273.5319,1991.4913,58.0404,1.9451,3.4722,25.9524,3.9477,47.7661,0.8936,0.1916,0.1215,0.3872,58.1749,3.4237,1.9157,-0.0098,0.0001,-0.0391,0.2380,-10.9477,37.782847,-122.416301,1991.49,58.17
16.4600,886.2468,274.3971,1991.4919,58.0423,1.9454,3.4723,25.9592,3.9491,47.8607,0.8933,0.1916,0.1217,0.3880,58.1767,3.4236,1.9160,-0.0098,0.0001,-0.0391,0.2380,-10.9482,37.782854,-122.416291,1991.49,58.18
16.4800,887.0233,275.2637,1991.4926,58.0441,1.9457,3.4723,25.9661,3.9504,47.9553,0.8930,0.1915,0.1219,0.3887,58.1786,3.4235,1.9162,-0.0098,0.0001,-0.0391,0.2381,-10.9488,37.782861,-122.416281,1991.49,58.18
16.5000,887.7985,276.1315,1991.4933,58.0459,1.9460,3.4723,25.9728,3.9518,48.0499,0.8926,0.1915,0.1221,0.3894,58.1804,3.4235,1.9165,-0.0098,0.0001,-0.0391,0.2382,-10.9493,37.782868,-122.416272,1991.49,58.18
16.5200,888.5723,277.0006,1991.4941,58.0477,1.9463,3.4723,25.9796,3.9531,48.1446,0.8923,0.1914,0.1223,0.3901,58.1822,3.4234,1.9167,-0.0098,0.0000,-0.0391,0.2383,-10.9498,37.782875,-122.416262,1991.49,58.18
16.5400,889.3446,277.8711,1991.4948,58.0496,1.9466,3.4723,25.9863,3.9544,48.2393,0.8920,0.1913,0.1225,0.3909,58.1840,3.4232,1.9170,-0.0098,0.0000,-0.0391,0.2384,-10.9504,37.782882,-122.416252,1991.49,58.18
16.5600,890.1156,278.7428,1991.4956,58.0514,1.9470,3.4723,25.9929,3.9557,48.3339,0.8916,0.1913,0.1227,0.3916,58.1859,3.4231,1.9172,-0.0098,0.0000,-0.0391,0.2385,-10.9509,37.782889,-122.416242,1991.49,58.19
16.5800,890.8851,279.6159,1991.4964,58.0532,1.9472,3.4723,25.9995,3.9570,48.4286,0.8913,0.1912,0.1229,0.3923,58.1877,3.4230,1.9175,-0.0098,-0.0000,-0.0391,0.2386,-10.9514,37.782896,-122.416232,1991.50,58.19
16.6000,891.6532,280.4902,1991.4972,58.0550,1.9475,3.4722,26.0060,3.9583,48.5234,0.8910,0.1912,0.1231,0.3930,58.1896,3.4229,1.9177,-0.0098,-0.0000,-0.0391,0.2387,-10.9518,37.782903,-122.416222,1991.50,58.19
16.6200,892.4199,281.3658,1991.4981,58.0569,1.9478,3.4722,26.0125,3.9596,48.6181,0.8906,0.1911,0.1233,0.3938,58.1914,3.4228,1.9179,-0.0098,-0.0000,-0.0391,0.2388,-10.9523,37.782910,-122.416212,1991.50,58.19
16.6400,893.1852,282.2427,1991.4990,58.0587,1.9481,3.4722,26.0189,3.9609,48.7129,0.8903,0.1911,0.1235,0.3945,58.1932,3.4226,1.9182,-0.0098,-0.0001,-0.0391,0.2389,-10.9527,37.782917,-122.416202,1991.50,58.19
16.6600,893.9490,283.1209,1991.4999,58.0606,1.9484,3.4721,26.0253,3.9621,48.8077,0.8900,0.1910,0.1236,0.3952,58.1951,3.4225,1.9184,-0.0098,-0.0001,-0.0392,0.2389,-10.9532,37.782924,-122.416192,1991.50,58.20
16.6800,894.7114,284.0004,1991.5008,58.0624,1.9487,3.4721,26.0317,3.9634,48.9025,0.8896,0.1910,0.1238,0.3960,58.1969,3.4223,1.9186,-0.0098,-0.0001,-0.0392,0.2390,-10.9536,37.782930,-122.416182,1991.50,58.20
16.7000,895.4724,284.8812,1991.5018,58.0642,1.9490,3.4720,26.0380,3.9646,48.9973,0.8893,0.1909,0.1240,0.3967,58.1988,3.4221,1.9188,-0.0098,-0.0001,-0.0392,0.2391,-10.9541,37.782937,-122.416172,1991.50,58.20
16.7200,896.2319,285.7633,1991.5028,58.0661,1.9492,3.4719,26.0442,3.9658,49.0922,0.8889,0.1908,0.1242,0.3974,58.2006,3.4220,1.9190,-0.0098,-0.0001,-0.0392,0.2392,-10.9545,37.782944,-122.416162,1991.50,58.20
16.7400,896.9901,286.6467,1991.5038,58.0679,1.9495,3.4719,26.0504,3.9671,49.1870,0.8886,0.1908,0.1244,0.3981,58.2024,3.4218,1.9192,-0.0098,-0.0001,-0.0392,0.2393,-10.9549,37.782951,-122.416152,1991.50,58.20
16.7600,897.7467,287.5313,1991.5049,58.0698,1.9498,3.4718,26.0566,3.9683,49.2819,0.8883,0.1907,0.1246,0.3989,58.2043,3.4216,1.9194,-0.0098,-0.0002,-0.0392,0.2394,-10.9553,37.782958,-122.416142,1991.50,58.20
16.7800,898.5020,288.4172,1991.5059,58.0716,1.9500,3.4717,26.0627,3.9695,49.3768,0.8879,0.1907,0.1248,0.3996,58.2061,3.4215,1.9196,-0.0098,-0.0002,-0.0392,0.2395,-10.9557,37.782965,-122.416132,1991.50,58.21
16.8000,899.2558,289.3044,1991.5070,58.0735,1.9503,3.4716,26.0688,3.9707,49.4717,0.8876,0.1906,0.1250,0.4003,58.2080,3.4213,1.9198,-0.0098,-0.0002,-0.0392,0.2396,-10.9560,37.782971,-122.416122,1991.51,58.21
16.8200,900.0081,290.1928,1991.5082,58.0753,1.9506,3.4716,26.0748,3.9719,49.5667,0.8872,0.1905,0.1252,0.4010,58.2099,3.4211,1.9200,-0.0098,-0.0002,-0.0392,0.2396,-10.9564,37.782978,-122.416112,1991.51,58.21
16.8400,900.7590,291.0826,1991.5093,58.0772,1.9508,3.4715,26.0807,3.9731,49.6616,0.8869,0.1905,0.1253,0.4018,58.2117,3.4209,1.9202,-0.0098,-0.0002,-0.0392,0.2397,-10.9568,37.782985,-122.416102,1991.51,58.21
16.8600,901.5085,291.9736,1991.5105,58.0791,1.9511,3.4714,26.0867,3.9742,49.7566,0.8866,0.1904,0.1255,0.4025,58.2136,3.4207,1.9204,-0.0098,-0.0002,-0.0392,0.2398,-10.9572,37.782992,-122.416092,1991.51,58.21
16.8800,902.2565,292.8658,1991.5117,58.0809,1.9513,3.4713,26.0925,3.9754,49.8516,0.8862,0.1903,0.1257,0.4032,58.2154,3.4205,1.9206,-0.0098,-0.0003,-0.0392,0.2399,-10.9575,37.782998,-122.416082,1991.51,58.22
16.9000,903.0031,293.7594,1991.5129,58.0828,1.9516,3.4712,26.0984,3.9766,49.9466,0.8859,0.1903,0.1259,0.4039,58.2173,3.4203,1.9208,-0.0098,-0.0003,-0.0392,0.2400,-10.9579,37.783005,-122.416072,1991.51,58.22
16.9200,903.7482,294.6542,1991.5141,58.0847,1.9518,3.4711,26.1041,3.9777,50.0417,0.8855,0.1902,0.1261,0.4047,58.2191,3.4201,1.9210,-0.0098,-0.0003,-0.0392,0.2401,-10.9582,37.783012,-122.416061,1991.51,58.22
16.9400,904.4918,295.5502,1991.5154,58.0865,1.9520,3.4710,26.1099,3.9789,50.1367,0.8852,0.1902,0.1263,0.4054,58.2210,3.4199,1.9212,-0.0098,-0.0003,-0.0392,0.2402,-10.9586,37.783019,-122.416051,1991.51,58.22
16.9600,905.2340,296.4476,1991.5167,58.0884,1.9523,3.4709,26.1156,3.9800,50.2318,0.8848,0.1901,0.1265,0.4061,58.2229,3.4197,1.9213,-0.0098,-0.0003,-0.0392,0.2402,-10.9590,37.783025,-122.416041,1991.52,58.22
16.9800,905.9747,297.3461,1991.5180,58.0903,1.9525,3.4708,26.1212,3.9812,50.3269,0.8845,0.1900,0.1267,0.4068,58.2247,3.4195,1.9215,-0.0098,-0.0003,-0.0392,0.2403,-10.9593,37.783032,-122.416031,1991.52,58.22
17.0000,906.7139,298.2460,1991.5194,58.0921,1.9527,3.4707,26.1268,3.9823,50.4220,0.8841,0.1900,0.1268,0.4076,58.2266,3.4193,1.9217,-0.0098,-0.0004,-0.0392,0.2404,-10.9597,37.783039,-122.416021,1991.52,58.23
17.0200,907.4517,299.1470,1991.5208,58.0940,1.9530,3.4706,26.1323,3.9834,50.5171,0.8838,0.1899,0.1270,0.4083,58.2285,3.4191,1.9218,-0.0098,-0.0004,-0.0392,0.2405,-10.9600,37.783045,-122.416010,1991.52,58.23
17.0400,908.1880,300.0494,1991.5222,58.0959,1.9532,3.4705,26.1378,3.9846,50.6122,0.8834,0.1898,0.1272,0.4090,58.2303,3.4188,1.9220,-0.0098,-0.0004,-0.0392,0.2406,-10.9604,37.783052,-122.416000,1991.52,58.23
17.0600,908.9228,300.9530,1991.5236,58.0978,1.9534,3.4704,26.1433,3.9857,50.7074,0.8831,0.1898,0.1274,0.4097,58.2322,3.4186,1.9221,-0.0098,-0.0004,-0.0392,0.2407,-10.9607,37.783058,-122.415990,1991.52,58.23
17.0800,909.6562,301.8578,1991.5250,58.0996,1.9536,3.4703,26.1487,3.9868,50.8026,0.8828,0.1897,0.1276,0.4105,58.2341,3.4184,1.9223,-0.0098,-0.0004,-0.0392,0.2407,-10.9610,37.783065,-122.415980,1991.52,58.23
17.1000,910.3880,302.7639,1991.5265,58.1015,1.9538,3.4702,26.1541,3.9879,50.8978,0.8824,0.1896,0.1278,0.4112,58.2360,3.4182,1.9224,-0.0098,-0.0004,-0.0393,0.2408,-10.9614,37.783072,-122.415969,1991.53,58.24
17.1200,911.1184,303.6712,1991.5280,58.1034,1.9540,3.4701,26.1594,3.9890,50.9930,0.8821,0.1895,0.1280,0.4119,58.2378,3.4180,1.9226,-0.0098,-0.0005,-0.0393,0.2409,-10.9617,37.783078,-122.415959,1991.53,58.24
17.1400,911.8473,304.5798,1991.5295,58.1053,1.9543,3.4700,26.1646,3.9901,51.0882,0.8817,0.1895,0.1281,0.4127,58.2397,3.4178,1.9227,-0.0098,-0.0005,-0.0393,0.2410,-10.9621,37.783085,-122.415949,1991.53,58.24
17.1600,912.5748,305.4895,1991.5311,58.1072,1.9545,3.4699,26.1699,3.9912,51.1835,0.8814,0.1894,0.1283,0.4134,58.2416,3.4176,1.9229,-0.0098,-0.0005,-0.0393,0.2411,-10.9624,37.783091,-122.415938,1991.53,58.24
17.1800,913.3007,306.4006,1991.5326,58.1091,1.9547,3.4698,26.1751,3.9923,51.2788,0.8810,0.1893,0.1285,0.4141,58.2435,3.4174,1.9230,-0.0098,-0.0005,-0.0393,0.2411,-10.9628,37.783098,-122.415928,1991.53,58.24
17.2000,914.0251,307.3128,1991.5342,58.1109,1.9549,3.4697,26.1802,3.9934,51.3740,0.8806,0.1893,0.1287,0.4148,58.2454,3.4172,1.9232,-0.0098,-0.0005,-0.0393,0.2412,-10.9632,37.783104,-122.415918,1991.53,58.25
17.2200,914.7481,308.2263,1991.5358,58.1128,1.9550,3.4696,26.1853,3.9945,51.4693,0.8803,0.1892,0.1289,0.4155,58.2472,3.4169,1.9233,-0.0098,-0.0005,-0.0393,0.2413,-10.9635,37.783111,-122.415907,1991.53,58.25
17.2400,915.4696,309.1411,1991.5375,58.1147,1.9552,3.4695,26.1903,3.9956,51.5647,0.8799,0.1891,0.1291,0.4163,58.2491,3.4167,1.9234,-0.0098,-0.0005,-0.0393,0.2414,-10.9639,37.783117,-122.415897,1991.54,58.25
17.2600,916.1895,310.0570,1991.5392,58.1166,1.9554,3.4694,26.1953,3.9967,51.6600,0.8796,0.1890,0.1292,0.4170,58.2510,3.4165,1.9235,-0.0098,-0.0006,-0.0393,0.2415,-10.9642,37.783124,-122.415887,1991.54,58.25
17.2800,916.9080,310.9742,1991.5409,58.1185,1.9556,3.4693,26.2003,3.9978,51.7554,0.8792,0.1890,0.1294,0.4177,58.2529,3.4163,1.9237,-0.0098,-0.0006,-0.0393,0.2416,-10.9646,37.783130,-122.415876,1991.54,58.25
17.3000,917.6249,311.8926,1991.5426,58.1204,1.9558,3.4692,26.2052,3.9988,51.8507,0.8789,0.1889,0.1296,0.4184,58.2548,3.4161,1.9238,-0.0098,-0.0006,-0.0393,0.2416,-10.9650,37.783137,-122.415866,1991.54,58.25
17.3200,918.3404,312.8122,1991.5443,58.1223,1.9560,3.4691,26.2100,3.9999,51.9461,0.8785,0.1888,0.1298,0.4192,58.2567,3.4159,1.9239,-0.0098,-0.0006,-0.0393,0.2417,-10.9653,37.783143,-122.415855,1991.54,58.26
17.3400,919.0543,313.7331,1991.5461,58.1242,1.9561,3.4690,26.2149,4.0010,52.0415,0.8782,0.1888,0.1300,0.4199,58.2586,3.4157,1.9240,-0.0098,-0.0006,-0.0393,0.2418,-10.9657,37.783150,-122.415845,1991.54,58.26
17.3600,919.7668,314.6551,1991.5479,58.1261,1.9563,3.4689,26.2196,4.0021,52.1369,0.8778,0.1887,0.1302,0.4206,58.2605,3.4155,1.9241,-0.0098,-0.0006,-0.0393,0.2419,-10.9661,37.783156,-122.415834,1991.55,58.26
17.3800,920.4777,315.5784,1991.5497,58.1280,1.9565,3.4688,26.2244,4.0032,52.2324,0.8774,0.1886,0.1303,0.4213,58.2624,3.4153,1.9242,-0.0098,-0.0007,-0.0393,0.2420,-10.9665,37.783162,-122.415824,1991.55,58.26
17.4000,921.1871,316.5029,1991.5515,58.1299,1.9566,3.4687,26.2290,4.0042,52.3278,0.8771,0.1885,0.1305,0.4221,58.2643,3.4151,1.9243,-0.0098,-0.0007,-0.0393,0.2420,-10.9668,37.783169,-122.415813,1991.55,58.26
17.4200,921.8950,317.4286,1991.5534,58.1318,1.9568,3.4686,26.2337,4.0053,52.4233,0.8767,0.1884,0.1307,0.4228,58.2662,3.4149,1.9244,-0.0098,-0.0007,-0.0393,0.2421,-10.9672,37.783175,-122.415803,1991.55,58.27
17.4400,922.6014,318.3555,1991.5553,58.1337,1.9570,3.4685,26.2383,4.0064,52.5188,0.8764,0.1884,0.1309,0.4235,58.2681,3.4147,1.9245,-0.0098,-0.0007,-0.0393,0.2422,-10.9676,37.783182,-122.415792,1991.55,58.27
17.4600,923.3062,319.2836,1991.5572,58.1356,1.9571,3.4684,26.2428,4.0074,52.6143,0.8760,0.1883,0.1311,0.4242,58.2700,3.4145,1.9246,-0.0098,-0.0007,-0.0393,0.2423,-10.9680,37.783188,-122.415782,1991.56,58.27
17.4800,924.0096,320.2129,1991.5591,58.1375,1.9573,3.4683,26.2473,4.0085,52.7098,0.8756,0.1882,0.1313,0.4250,58.2719,3.4143,1.9247,-0.0098,-0.0007,-0.0393,0.2423,-10.9684,37.783194,-122.415771,1991.56,58.27
17.5000,924.7114,321.1434,1991.5611,58.1394,1.9574,3.4682,26.2518,4.0096,52.8053,0.8753,0.1881,0.1314,0.4257,58.2738,3.4141,1.9248,-0.0098,-0.0007,-0.0393,0.2424,-10.9687,37.783201,-122.415761,1991.56,58.27
17.5200,925.4117,322.0751,1991.5631,58.1413,1.9576,3.4682,26.2562,4.0106,52.9009,0.8749,0.1880,0.1316,0.4264,58.2757,3.4139,1.9249,-0.0098,-0.0008,-0.0393,0.2425,-10.9691,37.783207,-122.415750,1991.56,58.28
17.5400,926.1104,323.0080,1991.5651,58.1433,1.9577,3.4681,26.2606,4.0117,52.9964,0.8746,0.1880,0.1318,0.4271,58.2776,3.4137,1.9250,-0.0098,-0.0008,-0.0393,0.2426,-10.9695,37.783213,-122.415740,1991.56,58.28
17.5600,926.8077,323.9420,1991.5671,58.1452,1.9579,3.4680,26.2649,4.0127,53.0920,0.8742,0.1879,0.1320,0.4278,58.2795,3.4135,1.9250,-0.0098,-0.0008,-0.0393,0.2427,-10.9699,37.783219,-122.415729,1991.57,58.28
17.5800,927.5033,324.8773,1991.5692,58.1471,1.9580,3.4679,26.2692,4.0138,53.1876,0.8738,0.1878,0.1322,0.4286,58.2814,3.4133,1.9251,-0.0098,-0.0008,-0.0393,0.2427,-10.9703,37.783226,-122.415718,1991.57,58.28
17.6000,928.1975,325.8138,1991.5713,58.1490,1.9581,3.4678,26.2734,4.0148,53.2832,0.8735,0.1877,0.1323,0.4293,58.2833,3.4131,1.9252,-0.0098,-0.0008,-0.0393,0.2428,-10.9706,37.783232,-122.415708,1991.57,58.28
17.6200,928.8901,326.7514,1991.5734,58.1509,1.9583,3.4677,26.2776,4.0159,53.3788,0.8731,0.1876,0.1325,0.4300,58.2852,3.4128,1.9253,-0.0098,-0.0008,-0.0393,0.2429,-10.9710,37.783238,-122.415697,1991.57,58.29
17.6400,929.5812,327.6903,1991.5755,58.1528,1.9584,3.4676,26.2818,4.0169,53.4744,0.8727,0.1876,0.1327,0.4307,58.2871,3.4126,1.9253,-0.0098,-0.0009,-0.0393,0.2430,-10.9714,37.783244,-122.415686,1991.57,58.29
17.6600,930.2707,328.6303,1991.5777,58.1547,1.9585,3.4675,26.2859,4.0179,53.5701,0.8724,0.1875,0.1329,0.4315,58.2890,3.4124,1.9254,-0.0098,-0.0009,-0.0393,0.2430,-10.9718,37.783251,-122.415676,1991.58,58.29
17.6800,930.9587,329.5715,1991.5798,58.1567,1.9586,3.4674,26.2900,4.0190,53.6657,0.8720,0.1874,0.1331,0.4322,58.2909,3.4122,1.9254,-0.0098,-0.0009,-0.0393,0.2431,-10.9721,37.783257,-122.415665,1991.58,58.29
17.7000,931.6451,330.5139,1991.5820,58.1586,1.9588,3.4672,26.2940,4.0200,53.7614,0.8716,0.1873,0.1332,0.4329,58.2929,3.4120,1.9255,-0.0098,-0.0009,-0.0393,0.2432,-10.9725,37.783263,-122.415654,1991.58,58.29
17.7200,932.3300,331.4574,1991.5843,58.1605,1.9589,3.4671,26.2980,4.0210,53.8571,0.8713,0.1872,0.1334,0.4336,58.2948,3.4118,1.9256,-0.0098,-0.0009,-0.0393,0.2433,-10.9729,37.783269,-122.415644,1991.58,58.29
17.7400,933.0133,332.4021,1991.5865,58.1624,1.9590,3.4670,26.3019,4.0221,53.9528,0.8709,0.1871,0.1336,0.4343,58.2967,3.4115,1.9256,-0.0098,-0.0009,-0.0393,0.2433,-10.9732,37.783275,-122.415633,1991.58,58.30
17.7600,933.6951,333.3480,1991.5888,58.1644,1.9591,3.4669,26.3058,4.0231,54.0485,0.8705,0.1871,0.1338,0.4351,58.2986,3.4113,1.9257,-0.0098,-0.0009,-0.0393,0.2434,-10.9736,37.783281,-122.415622,1991.59,58.30
17.7800,934.3753,334.2951,1991.5911,58.1663,1.9592,3.4668,26.3096,4.0241,54.1442,0.8702,0.1870,0.1340,0.4358,58.3005,3.4111,1.9257,-0.0098,-0.0010,-0.0393,0.2435,-10.9740,37.783288,-122.415612,1991.59,58.30
17.8000,935.0540,335.2433,1991.5934,58.1682,1.9593,3.4667,26.3135,4.0251,54.2399,0.8698,0.1869,0.1341,0.4365,58.3024,3.4109,1.9257,-0.0098,-0.0010,-0.0393,0.2436,-10.9743,37.783294,-122.415601,1991.59,58.30
17.8200,935.7311,336.1927,1991.5958,58.1701,1.9594,3.4665,26.3172,4.0261,54.3356,0.8694,0.1868,0.1343,0.4372,58.3044,3.4106,1.9258,-0.0098,-0.0010,-0.0393,0.2436,-10.9747,37.783300,-122.415590,1991.59,58.30
17.8400,936.4066,337.1432,1991.5981,58.1721,1.9595,3.4664,26.3209,4.0271,54.4314,0.8691,0.1867,0.1345,0.4379,58.3063,3.4104,1.9258,-0.0098,-0.0010,-0.0393,0.2437,-10.9750,37.783306,-122.415579,1991.60,58.31
17.8600,937.0806,338.0949,1991.6005,58.1740,1.9596,3.4663,26.3246,4.0281,54.5271,0.8687,0.1866,0.1347,0.4387,58.3082,3.4101,1.9259,-0.0098,-0.0010,-0.0393,0.2438,-10.9753,37.783312,-122.415568,1991.60,58.31
17.8800,937.7530,339.0478,1991.6030,58.1759,1.9597,3.4661,26.3283,4.0291,54.6229,0.8683,0.1865,0.1348,0.4394,58.3101,3.4099,1.9259,-0.0098,-0.0010,-0.0394,0.2438,-10.9756,37.783318,-122.415558,1991.60,58.31
17.9000,938.4239,340.0018,1991.6054,58.1779,1.9598,3.4660,26.3318,4.0301,54.7186,0.8679,0.1864,0.1350,0.4401,58.3120,3.4096,1.9259,-0.0098,-0.0010,-0.0394,0.2439,-10.9760,37.783324,-122.415547,1991.60,58.31
17.9200,939.0931,340.9570,1991.6079,58.1798,1.9599,3.4658,26.3354,4.0310,54.8144,0.8676,0.1863,0.1352,0.4408,58.3140,3.4094,1.9259,-0.0098,-0.0011,-0.0394,0.2440,-10.9763,37.783330,-122.415536,1991.61,58.31
17.9400,939.7608,341.9133,1991.6104,58.1817,1.9600,3.4657,26.3389,4.0320,54.9102,0.8672,0.1863,0.1354,0.4415,58.3159,3.4091,1.9260,-0.0098,-0.0011,-0.0394,0.2441,-10.9766,37.783336,-122.415525,1991.61,58.32
17.9600,940.4269,342.8707,1991.6129,58.1837,1.9601,3.4655,26.3424,4.0330,55.0060,0.8668,0.1862,0.1355,0.4423,58.3178,3.4089,1.9260,-0.0098,-0.0011,-0.0394,0.2441,-10.9769,37.783342,-122.415514,1991.61,58.32
17.9800,941.0915,343.8293,1991.6154,58.1856,1.9601,3.4653,26.3458,4.0339,55.1018,0.8664,0.1861,0.1357,0.4430,58.3197,3.4086,1.9260,-0.0098,-0.0011,-0.0394,0.2442,-10.9772,37.783348,-122.415503,1991.61,58.32
18.0000,941.7544,344.7891,1991.6180,58.1876,1.9602,3.4652,26.3492,4.0349,55.1976,0.8661,0.1860,0.1359,0.4437,58.3217,3.4083,1.9260,-0.0098,-0.0011,-0.0394,0.2443,-10.9775,37.783354,-122.415492,1991.62,58.32
18.0200,942.4158,345.7499,1991.6206,58.1895,1.9603,3.4650,26.3525,4.0358,55.2935,0.8657,0.1859,0.1361,0.4444,58.3236,3.4080,1.9260,-0.0097,-0.0011,-0.0394,0.2443,-10.9777,37.783360,-122.415481,1991.62,58.32
18.0400,943.0756,346.7119,1991.6232,58.1914,1.9604,3.4648,26.3558,4.0368,55.3893,0.8653,0.1858,0.1363,0.4451,58.3255,3.4077,1.9260,-0.0097,-0.0011,-0.0394,0.2444,-10.9780,37.783366,-122.415471,1991.62,58.33
18.0600,943.7338,347.6751,1991.6259,58.1934,1.9604,3.4646,26.3591,4.0377,55.4851,0.8649,0.1857,0.1364,0.4458,58.3275,3.4075,1.9260,-0.0097,-0.0012,-0.0394,0.2445,-10.9783,37.783372,-122.415460,1991.62,58.33
18.0800,944.3904,348.6394,1991.6285,58.1953,1.9605,3.4644,26.3623,4.0386,55.5810,0.8646,0.1856,0.1366,0.4466,58.3294,3.4072,1.9260,-0.0097,-0.0012,-0.0394,0.2446,-10.9785,37.783378,-122.415449,1991.63,58.33
18.1000,945.0454,349.6048,1991.6312,58.1973,1.9605,3.4642,26.3654,4.0395,55.6768,0.8642,0.1855,0.1368,0.4473,58.3313,3.4069,1.9260,-0.0097,-0.0012,-0.0394,0.2446,-10.9787,37.783384,-122.415438,1991.63,58.33
18.1200,945.6989,350.5713,1991.6339,58.1992,1.9606,3.4640,26.3686,4.0404,55.7727,0.8638,0.1854,0.1370,0.4480,58.3332,3.4066,1.9260,-0.0097,-0.0012,-0.0394,0.2447,-10.9790,37.783389,-122.415427,1991.63,58.33
18.1400,946.3507,351.5389,1991.6367,58.2012,1.9607,3.4638,26.3717,4.0413,55.8686,0.8634,0.1853,0.1371,0.4487,58.3352,3.4062,1.9260,-0.0097,-0.0012,-0.0394,0.2448,-10.9792,37.783395,-122.415416,1991.63,58.34
18.1600,947.0009,352.5077,1991.6394,58.2031,1.9607,3.4636,26.3747,4.0422,55.9644,0.8630,0.1852,0.1373,0.4494,58.3371,3.4059,1.9260,-0.0097,-0.0012,-0.0394,0.2448,-10.9794,37.783401,-122.415405,1991.64,58.34
18.1800,947.6496,353.4776,1991.6422,58.2051,1.9608,3.4634,26.3777,4.0431,56.0603,0.8627,0.1851,0.1375,0.4502,58.3390,3.4056,1.9260,-0.0097,-0.0012,-0.0394,0.2449,-10.9796,37.783407,-122.415394,1991.64,58.34
18.2000,948.2966,354.4486,1991.6450,58.2070,1.9608,3.4632,26.3807,4.0440,56.1562,0.8623,0.1850,0.1376,0.4509,58.3410,3.4053,1.9260,-0.0097,-0.0013,-0.0394,0.2450,-10.9798,37.783413,-122.415383,1991.64,58.34
18.2200,948.9420,355.4207,1991.6478,58.2090,1.9609,3.4629,26.3836,4.0449,56.2521,0.8619,0.1849,0.1378,0.4516,58.3429,3.4049,1.9260,-0.0097,-0.0013,-0.0394,0.2450,-10.9800,37.783419,-122.415372,1991.65,58.34
18.2400,949.5859,356.3939,1991.6507,58.2109,1.9609,3.4627,26.3865,4.0458,56.3480,0.8615,0.1848,0.1380,0.4523,58.3449,3.4046,1.9260,-0.0097,-0.0013,-0.0394,0.2451,-10.9802,37.783424,-122.415361,1991.65,58.34
18.2600,950.2281,357.3683,1991.6536,58.2129,1.9609,3.4625,26.3893,4.0466,56.4439,0.8611,0.1847,0.1382,0.4530,58.3468,3.4043,1.9259,-0.0097,-0.0013,-0.0394,0.2452,-10.9804,37.783430,-122.415350,1991.65,58.35
18.2800,950.8687,358.3437,1991.6565,58.2148,1.9610,3.4622,26.3921,4.0475,56.5398,0.8608,0.1846,0.1383,0.4537,58.3487,3.4039,1.9259,-0.0097,-0.0013,-0.0394,0.2453,-10.9805,37.783436,-122.415339,1991.65,58.35
18.3000,951.5077,359.3203,1991.6594,58.2168,1.9610,3.4620,26.3948,4.0483,56.6357,0.8604,0.1845,0.1385,0.4544,58.3507,3.4036,1.9259,-0.0097,-0.0013,-0.0394,0.2453,-10.9807,37.783442,-122.415327,1991.66,58.35
18.3200,952.1451,360.2979,1991.6624,58.2188,1.9610,3.4617,26.3976,4.0491,56.7316,0.8600,0.1844,0.1387,0.4552,58.3526,3.4032,1.9259,-0.0097,-0.0013,-0.0394,0.2454,-10.9809,37.783448,-122.415316,1991.66,58.35
18.3400,952.7808,361.2767,1991.6653,58.2207,1.9611,3.4615,26.4002,4.0500,56.8275,0.8596,0.1843,0.1388,0.4559,58.3546,3.4028,1.9258,-0.0097,-0.0014,-0.0394,0.2455,-10.9810,37.783453,-122.415305,1991.66,58.35
18.3600,953.4150,362.2565,1991.6683,58.2227,1.9611,3.4612,26.4029,4.0508,56.9234,0.8592,0.1842,0.1390,0.4566,58.3565,3.4025,1.9258,-0.0097,-0.0014,-0.0394,0.2455,-10.9811,37.783459,-122.415294,1991.67,58.36
18.3800,954.0475,363.2374,1991.6714,58.2246,1.9611,3.4609,26.4055,4.0516,57.0194,0.8588,0.1841,0.1392,0.4573,58.3584,3.4021,1.9257,-0.0097,-0.0014,-0.0394,0.2456,-10.9813,37.783465,-122.415283,1991.67,58.36
18.4000,954.6784,364.2194,1991.6744,58.2266,1.9611,3.4607,26.4080,4.0524,57.1153,0.8584,0.1840,0.1394,0.4580,58.3604,3.4017,1.9257,-0.0097,-0.0014,-0.0394,0.2457,-10.9814,37.783470,-122.415272,1991.67,58.36
18.4200,955.3077,365.2025,1991.6775,58.2286,1.9612,3.4604,26.4105,4.0532,57.2112,0.8581,0.1839,0.1395,0.4587,58.3623,3.4013,1.9257,-0.0097,-0.0014,-0.0394,0.2457,-10.9815,37.783476,-122.415261,1991.67,58.36
18.4400,955.9354,366.1867,1991.6806,58.2305,1.9612,3.4601,26.4130,4.0540,57.3072,0.8577,0.1838,0.1397,0.4594,58.3643,3.4010,1.9256,-0.0097,-0.0014,-0.0394,0.2458,-10.9816,37.783482,-122.415249,1991.68,58.36
18.4600,956.5614,367.1720,1991.6837,58.2325,1.9612,3.4598,26.4154,4.0548,57.4031,0.8573,0.1837,0.1399,0.4602,58.3662,3.4006,1.9256,-0.0097,-0.0014,-0.0394,0.2459,-10.9817,37.783487,-122.415238,1991.68,58.37
18.4800,957.1858,368.1584,1991.6868,58.2345,1.9612,3.4595,26.4178,4.0556,57.4991,0.8569,0.1836,0.1400,0.4609,58.3682,3.4002,1.9255,-0.0097,-0.0014,-0.0394,0.2459,-10.9818,37.783493,-122.415227,1991.68,58.37
18.5000,957.8086,369.1458,1991.6900,58.2364,1.9612,3.4593,26.4201,4.0563,57.5950,0.8565,0.1835,0.1402,0.4616,58.3701,3.3998,1.9255,-0.0097,-0.0015,-0.0394,0.2460,-10.9819,37.783499,-122.415216,1991.69,58.37
18.5200,958.4297,370.1343,1991.6932,58.2384,1.9612,3.4590,26.4225,4.0571,57.6910,0.8561,0.1834,0.1404,0.4623,58.3720,3.3994,1.9254,-0.0097,-0.0015,-0.0394,0.2461,-10.9820,37.783504,-122.415205,1991.69,58.37
18.5400,959.0493,371.1239,1991.6964,58.2404,1.9612,3.4587,26.4247,4.0579,57.7869,0.8557,0.1833,0.1405,0.4630,58.3740,3.3990,1.9253,-0.0097,-0.0015,-0.0394,0.2461,-10.9820,37.783510,-122.415193,1991.69,58.37
18.5600,959.6671,372.1145,1991.6996,58.2424,1.9612,3.4584,26.4269,4.0586,57.8829,0.8553,0.1832,0.1407,0.4637,58.3759,3.3986,1.9253,-0.0097,-0.0015,-0.0394,0.2462,-10.9821,37.783515,-122.415182,1991.70,58.38
18.5800,960.2833,373.1062,1991.7029,58.2443,1.9612,3.4581,26.4291,4.0594,57.9789,0.8549,0.1831,0.1409,0.4644,58.3779,3.3982,1.9252,-0.0097,-0.0015,-0.0394,0.2462,-10.9822,37.783521,-122.415171,1991.70,58.38
18.6000,960.8979,374.0990,1991.7062,58.2463,1.9612,3.4578,26.4313,4.0601,58.0748,0.8545,0.1830,0.1410,0.4651,58.3798,3.3978,1.9251,-0.0097,-0.0015,-0.0394,0.2463,-10.9822,37.783526,-122.415160,1991.70,58.38
18.6200,961.5109,375.0928,1991.7095,58.2483,1.9612,3.4574,26.4334,4.0608,58.1708,0.8542,0.1829,0.1412,0.4659,58.3818,3.3973,1.9251,-0.0097,-0.0015,-0.0394,0.2464,-10.9823,37.783532,-122.415148,1991.71,58.38
18.6400,962.1222,376.0877,1991.7128,58.2503,1.9612,3.4571,26.4355,4.0616,58.2668,0.8538,0.1828,0.1414,0.4666,58.3837,3.3969,1.9250,-0.0097,-0.0016,-0.0394,0.2464,-10.9823,37.783537,-122.415137,1991.71,58.38
18.6600,962.7318,377.0837,1991.7162,58.2522,1.9611,3.4568,26.4375,4.0623,58.3628,0.8534,0.1827,0.1415,0.4673,58.3857,3.3965,1.9249,-0.0097,-0.0016,-0.0394,0.2465,-10.9824,37.783543,-122.415126,1991.71,58.39
18.6800,963.3398,378.0807,1991.7195,58.2542,1.9611,3.4565,26.4395,4.0630,58.4587,0.8530,0.1826,0.1417,0.4680,58.3877,3.3961,1.9248,-0.0097,-0.0016,-0.0394,0.2466,-10.9824,37.783548,-122.415114,1991.72,58.39
18.7000,963.9462,379.0787,1991.7229,58.2562,1.9611,3.4562,26.4414,4.0637,58.5547,0.8526,0.1825,0.1419,0.4687,58.3896,3.3957,1.9248,-0.0097,-0.0016,-0.0394,0.2466,-10.9825,37.783554,-122.415103,1991.72,58.39
18.7200,964.5509,380.0778,1991.7264,58.2582,1.9611,3.4559,26.4433,4.0644,58.6507,0.8522,0.1824,0.1420,0.4694,58.3916,3.3952,1.9247,-0.0097,-0.0016,-0.0393,0.2467,-10.9825,37.783559,-122.415092,1991.72,58.39
18.7400,965.1540,381.0779,1991.7298,58.2601,1.9611,3.4556,26.4452,4.0651,58.7467,0.8518,0.1823,0.1422,0.4701,58.3935,3.3948,1.9246,-0.0097,-0.0016,-0.0393,0.2468,-10.9826,37.783565,-122.415080,1991.73,58.39
18.7600,965.7553,382.0791,1991.7333,58.2621,1.9610,3.4552,26.4470,4.0658,58.8427,0.8514,0.1822,0.1424,0.4708,58.3955,3.3944,1.9245,-0.0097,-0.0016,-0.0393,0.2468,-10.9826,37.783570,-122.415069,1991.73,58.40
18.7800,966.3551,383.0814,1991.7368,58.2641,1.9610,3.4549,26.4488,4.0665,58.9387,0.8510,0.1821,0.1425,0.4715,58.3974,3.3939,1.9244,-0.0097,-0.0016,-0.0393,0.2469,-10.9826,37.783576,-122.415058,1991.73,58.40
18.8000,966.9532,384.0846,1991.7403,58.2661,1.9610,3.4546,26.4506,4.0672,59.0347,0.8506,0.1819,0.1427,0.4723,58.3994,3.3935,1.9243,-0.0097,-0.0017,-0.0393,0.2469,-10.9826,37.783581,-122.415046,1991.74,58.40
18.8200,967.5496,385.0889,1991.7438,58.2681,1.9609,3.4543,26.4523,4.0679,59.1307,0.8502,0.1818,0.1429,0.4730,58.4013,3.3931,1.9242,-0.0097,-0.0017,-0.0393,0.2470,-10.9827,37.783586,-122.415035,1991.74,58.40
18.8400,968.1443,386.0942,1991.7474,58.2701,1.9609,3.4539,26.4540,4.0685,59.2267,0.8498,0.1817,0.1430,0.4737,58.4033,3.3926,1.9241,-0.0097,-0.0017,-0.0393,0.2471,-10.9827,37.783592,-122.415023,1991.74,58.40
18.8600,968.7374,387.1006,1991.7509,58.2720,1.9609,3.4536,26.4556,4.0692,59.3227,0.8494,0.1816,0.1432,0.4744,58.4053,3.3922,1.9240,-0.0096,-0.0017,-0.0393,0.2471,-10.9827,37.783597,-122.415012,1991.75,58.40
18.8800,969.3288,388.1080,1991.7545,58.2740,1.9608,3.4533,26.4572,4.0699,59.4187,0.8490,0.1815,0.1434,0.4751,58.4072,3.3918,1.9239,-0.0096,-0.0017,-0.0393,0.2472,-10.9827,37.783602,-122.415001,1991.75,58.41
18.9000,969.9186,389.1164,1991.7582,58.2760,1.9608,3.4529,26.4587,4.0706,59.5147,0.8486,0.1814,0.1435,0.4758,58.4092,3.3913,1.9238,-0.0096,-0.0017,-0.0393,0.2473,-10.9828,37.783608,-122.414989,1991.75,58.41
18.9200,970.5067,390.1258,1991.7618,58.2780,1.9607,3.4526,26.4603,4.0712,59.6107,0.8482,0.1813,0.1437,0.4765,58.4111,3.3909,1.9237,-0.0096,-0.0017,-0.0393,0.2473,-10.9828,37.783613,-122.414978,1991.76,58.41
18.9400,971.0931,391.1363,1991.7655,58.2800,1.9607,3.4523,26.4617,4.0719,59.7067,0.8478,0.1812,0.1439,0.4772,58.4131,3.3904,1.9236,-0.0096,-0.0017,-0.0393,0.2474,-10.9828,37.783618,-122.414966,1991.76,58.41
18.9600,971.6778,392.1477,1991.7692,58.2820,1.9606,3.4519,26.4632,4.0725,59.8027,0.8474,0.1811,0.1440,0.4779,58.4151,3.3900,1.9235,-0.0096,-0.0018,-0.0393,0.2474,-10.9828,37.783623,-122.414955,1991.77,58.41
18.9800,972.2609,393.1602,1991.7729,58.2840,1.9606,3.4516,26.4646,4.0732,59.8987,0.8470,0.1809,0.1442,0.4786,58.4170,3.3896,1.9233,-0.0096,-0.0018,-0.0393,0.2475,-10.9828,37.783629,-122.414943,1991.77,58.42
19.0000,972.8422,394.1737,1991.7766,58.2859,1.9605,3.4513,26.4659,4.0738,59.9947,0.8466,0.1808,0.1443,0.4793,58.4190,3.3891,1.9232,-0.0096,-0.0018,-0.0393,0.2476,-10.9829,37.783634,-122.414932,1991.77,58.42
19.0200,973.4219,395.1881,1991.7804,58.2879,1.9604,3.4509,26.4673,4.0744,60.0907,0.8462,0.1807,0.1445,0.4800,58.4209,3.3887,1.9231,-0.0096,-0.0018,-0.0393,0.2476,-10.9829,37.783639,-122.414920,1991.78,58.42
19.0400,973.9999,396.2036,1991.7842,58.2899,1.9604,3.4506,26.4686,4.0751,60.1867,0.8458,0.1806,0.1447,0.4807,58.4229,3.3882,1.9230,-0.0096,-0.0018,-0.0393,0.2477,-10.9829,37.783644,-122.414909,1991.78,58.42
19.0600,974.5763,397.2201,1991.7880,58.2919,1.9603,3.4503,26.4698,4.0757,60.2827,0.8454,0.1805,0.1448,0.4814,58.4249,3.3878,1.9228,-0.0096,-0.0018,-0.0393,0.2477,-10.9829,37.783650,-122.414897,1991.78,58.42
19.0800,975.1509,398.2376,1991.7918,58.2939,1.9602,3.4499,26.4710,4.0763,60.3787,0.8450,0.1804,0.1450,0.4822,58.4268,3.3873,1.9227,-0.0096,-0.0018,-0.0393,0.2478,-10.9829,37.783655,-122.414886,1991.79,58.43
19.1000,975.7239,399.2561,1991.7957,58.2959,1.9602,3.4496,26.4722,4.0770,60.4747,0.8446,0.1803,0.1451,0.4829,58.4288,3.3869,1.9226,-0.0096,-0.0018,-0.0393,0.2479,-10.9829,37.783660,-122.414874,1991.79,58.43
19.1200,976.2952,400.2756,1991.7995,58.2979,1.9601,3.4492,26.4733,4.0776,60.5707,0.8442,0.1801,0.1453,0.4836,58.4308,3.3864,1.9225,-0.0096,-0.0019,-0.0393,0.2479,-10.9829,37.783665,-122.414862,1991.80,58.43
19.1400,976.8648,401.2961,1991.8034,58.2999,1.9600,3.4489,26.4744,4.0782,60.6667,0.8438,0.1800,0.1455,0.4843,58.4327,3.3860,1.9223,-0.0096,-0.0019,-0.0393,0.2480,-10.9829,37.783670,-122.414851,1991.80,58.43
19.1600,977.4327,402.3175,1991.8073,58.3019,1.9599,3.4486,26.4755,4.0788,60.7627,0.8433,0.1799,0.1456,0.4850,58.4347,3.3856,1.9222,-0.0096,-0.0019,-0.0393,0.2480,-10.9830,37.783675,-122.414839,1991.80,58.43
19.1800,977.9989,403.3399,1991.8113,58.3039,1.9599,3.4482,26.4765,4.0794,60.8588,0.8429,0.1798,0.1458,0.4857,58.4367,3.3851,1.9220,-0.0096,-0.0019,-0.0393,0.2481,-10.9830,37.783680,-122.414828,1991.81,58.44
19.2000,978.5634,404.3634,1991.8152,58.3059,1.9598,3.4479,26.4775,4.0800,60.9548,0.8425,0.1797,0.1459,0.4864,58.4386,3.3847,1.9219,-0.0096,-0.0019,-0.0393,0.2481,-10.9830,37.783686,-122.414816,1991.81,58.44
19.2200,979.1262,405.3878,1991.8192,58.3079,1.9597,3.4475,26.4785,4.0806,61.0508,0.8421,0.1795,0.1461,0.4871,58.4406,3.3842,1.9217,-0.0096,-0.0019,-0.0393,0.2482,-10.9830,37.783691,-122.414804,1991.82,58.44
19.2400,979.6873,406.4132,1991.8232,58.3099,1.9596,3.4472,26.4794,4.0812,61.1468,0.8417,0.1794,0.1463,0.4878,58.4426,3.3837,1.9216,-0.0096,-0.0019,-0.0393,0.2483,-10.9830,37.783696,-122.414793,1991.82,58.44
19.2600,980.2467,407.4395,1991.8272,58.3119,1.9595,3.4468,26.4803,4.0818,61.2428,0.8413,0.1793,0.1464,0.4885,58.4445,3.3833,1.9214,-0.0096,-0.0019,-0.0393,0.2483,-10.9830,37.783701,-122.414781,1991.82,58.44
19.2800,980.8044,408.4668,1991.8313,58.3139,1.9594,3.4465,26.4811,4.0824,61.3388,0.8409,0.1792,0.1466,0.4892,58.4465,3.3828,1.9213,-0.0096,-0.0020,-0.0393,0.2484,-10.9830,37.783706,-122.414769,1991.83,58.45
19.3000,981.3604,409.4951,1991.8354,58.3159,1.9593,3.4461,26.4819,4.0830,61.4348,0.8405,0.1791,0.1467,0.4899,58.4485,3.3824,1.9211,-0.0096,-0.0020,-0.0393,0.2484,-10.9830,37.783711,-122.414758,1991.83,58.45
19.3200,981.9147,410.5244,1991.8394,58.3179,1.9592,3.4458,26.4827,4.0836,61.5308,0.8401,0.1790,0.1469,0.4906,58.4505,3.3819,1.9210,-0.0096,-0.0020,-0.0393,0.2485,-10.9830,37.783716,-122.414746,1991.84,58.45
19.3400,982.4673,411.5546,1991.8436,58.3199,1.9591,3.4454,26.4834,4.0842,61.6268,0.8397,0.1788,0.1470,0.4913,58.4524,3.3815,1.9208,-0.0096,-0.0020,-0.0393,0.2485,-10.9830,37.783721,-122.414734,1991.84,58.45
19.3600,983.0182,412.5858,1991.8477,58.3219,1.9590,3.4451,26.4841,4.0848,61.7228,0.8392,0.1787,0.1472,0.4920,58.4544,3.3810,1.9206,-0.0096,-0.0020,-0.0393,0.2486,-10.9830,37.783726,-122.414723,1991.84,58.45
19.3800,983.5673,413.6179,1991.8518,58.3239,1.9589,3.4447,26.4847,4.0853,61.8188,0.8388,0.1786,0.1474,0.4927,58.4564,3.3805,1.9205,-0.0096,-0.0020,-0.0393,0.2487,-10.9830,37.783731,-122.414711,1991.85,58.46
19.4000,984.1148,414.6510,1991.8560,58.3259,1.9588,3.4444,26.4853,4.0859,61.9148,0.8384,0.1785,0.1475,0.4934,58.4583,3.3801,1.9203,-0.0096,-0.0020,-0.0393,0.2487,-10.9829,37.783736,-122.414699,1991.85,58.46
19.4200,984.6606,415.6850,1991.8602,58.3279,1.9587,3.4440,26.4859,4.0865,62.0108,0.8380,0.1783,0.1477,0.4941,58.4603,3.3796,1.9201,-0.0096,-0.0020,-0.0393,0.2488,-10.9829,37.783740,-122.414687,1991.86,58.46
19.4400,985.2046,416.7200,1991.8644,58.3299,1.9586,3.4436,26.4865,4.0870,62.1067,0.8376,0.1782,0.1478,0.4948,58.4623,3.3791,1.9200,-0.0096,-0.0021,-0.0393,0.2488,-10.9829,37.783745,-122.414676,1991.86,58.46
19.4600,985.7469,417.7559,1991.8687,58.3319,1.9585,3.4433,26.4870,4.0876,62.2027,0.8372,0.1781,0.1480,0.4955,58.4643,3.3787,1.9198,-0.0096,-0.0021,-0.0393,0.2489,-10.9829,37.783750,-122.414664,1991.86,58.46
19.4800,986.2875,418.7928,1991.8730,58.3339,1.9583,3.4429,26.4875,4.0881,62.2987,0.8368,0.1780,0.1481,0.4962,58.4662,3.3782,1.9196,-0.0096,-0.0021,-0.0393,0.2489,-10.9829,37.783755,-122.414652,1991.87,58.47
19.5000,986.8264,419.8306,1991.8772,58.3359,1.9582,3.4425,26.4879,4.0887,62.3947,0.8363,0.1779,0.1483,0.4969,58.4682,3.3777,1.9194,-0.0095,-0.0021,-0.0393,0.2490,-10.9829,37.783760,-122.414640,1991.87,58.47
19.5200,987.3635,420.8693,1991.8816,58.3379,1.9581,3.4422,26.4883,4.0892,62.4907,0.8359,0.1777,0.1485,0.4976,58.4702,3.3772,1.9193,-0.0095,-0.0021,-0.0393,0.2490,-10.9828,37.783765,-122.414629,1991.88,58.47
19.5400,987.8990,421.9090,1991.8859,58.3399,1.9580,3.4418,26.4887,4.0898,62.5866,0.8355,0.1776,0.1486,0.4983,58.4721,3.3768,1.9191,-0.0095,-0.0021,-0.0393,0.2491,-10.9828,37.783770,-122.414617,1991.88,58.47
19.5600,988.4327,422.9496,1991.8902,58.3419,1.9578,3.4414,26.4890,4.0903,62.6826,0.8351,0.1775,0.1488,0.4990,58.4741,3.3763,1.9189,-0.0095,-0.0021,-0.0392,0.2491,-10.9828,37.783774,-122.414605,1991.89,58.47
19.5800,988.9647,423.9912,1991.8946,58.3439,1.9577,3.4410,26.4893,4.0908,62.7786,0.8347,0.1774,0.1489,0.4997,58.4761,3.3758,1.9187,-0.0095,-0.0021,-0.0392,0.2492,-10.9827,37.783779,-122.414593,1991.89,58.48
19.6000,989.4949,425.0336,1991.8990,58.3459,1.9576,3.4407,26.4895,4.0914,62.8745,0.8343,0.1772,0.1491,0.5004,58.4781,3.3753,1.9185,-0.0095,-0.0021,-0.0392,0.2493,-10.9827,37.783784,-122.414581,1991.89,58.48
19.6200,990.0234,426.0770,1991.9034,58.3479,1.9575,3.4403,26.4898,4.0919,62.9705,0.8338,0.1771,0.1492,0.5011,58.4800,3.3748,1.9183,-0.0095,-0.0022,-0.0392,0.2493,-10.9826,37.783789,-122.414569,1991.90,58.48
19.6400,990.5502,427.1213,1991.9079,58.3499,1.9573,3.4399,26.4899,4.0924,63.0664,0.8334,0.1770,0.1494,0.5018,58.4820,3.3743,1.9181,-0.0095,-0.0022,-0.0392,0.2494,-10.9826,37.783794,-122.414558,1991.90,58.48
19.6600,991.0753,428.1666,1991.9123,58.3519,1.9572,3.4395,26.4901,4.0929,63.1624,0.8330,0.1769,0.1495,0.5025,58.4840,3.3738,1.9179,-0.0095,-0.0022,-0.0392,0.2494,-10.9825,37.783798,-122.414546,1991.91,58.48
19.6800,991.5986,429.2127,1991.9168,58.3539,1.9570,3.4391,26.4902,4.0934,63.2583,0.8326,0.1767,0.1497,0.5032,58.4860,3.3733,1.9177,-0.0095,-0.0022,-0.0392,0.2495,-10.9824,37.783803,-122.414534,1991.91,58.49
19.7000,992.1202,430.2597,1991.9213,58.3560,1.9569,3.4387,26.4903,4.0939,63.3542,0.8322,0.1766,0.1498,0.5039,58.4880,3.3728,1.9175,-0.0095,-0.0022,-0.0392,0.2495,-10.9824,37.783808,-122.414522,1991.92,58.49
19.7200,992.6401,431.3077,1991.9258,58.3580,1.9567,3.4383,26.4903,4.0944,63.4502,0.8317,0.1765,0.1500,0.5046,58.4899,3.3723,1.9173,-0.0095,-0.0022,-0.0392,0.2496,-10.9823,37.783812,-122.414510,1991.92,58.49
19.7400,993.1582,432.3565,1991.9304,58.3600,1.9566,3.4379,26.4903,4.0949,63.5461,0.8313,0.1763,0.1501,0.5053,58.4919,3.3718,1.9171,-0.0095,-0.0022,-0.0392,0.2496,-10.9822,37.783817,-122.414498,1991.93,58.49
19.7600,993.6746,433.4063,1991.9349,58.3620,1.9565,3.4375,26.4903,4.0954,63.6420,0.8309,0.1762,0.1503,0.5060,58.4939,3.3713,1.9169,-0.0095,-0.0022,-0.0392,0.2497,-10.9821,37.783822,-122.414486,1991.93,58.49
19.7800,994.1892,434.4570,1991.9395,58.3640,1.9563,3.4371,26.4902,4.0959,63.7379,0.8305,0.1761,0.1504,0.5067,58.4959,3.3708,1.9167,-0.0095,-0.0023,-0.0392,0.2497,-10.9821,37.783826,-122.414474,1991.93,58.50
19.8000,994.7021,435.5085,1991.9441,58.3660,1.9561,3.4367,26.4901,4.0963,63.8338,0.8300,0.1760,0.1506,0.5073,58.4978,3.3703,1.9165,-0.0095,-0.0023,-0.0392,0.2498,-10.9820,37.783831,-122.414462,1991.94,58.50
19.8200,995.2133,436.5610,1991.9488,58.3680,1.9560,3.4363,26.4900,4.0968,63.9297,0.8296,0.1758,0.1507,0.5080,58.4998,3.3698,1.9162,-0.0095,-0.0023,-0.0392,0.2498,-10.9819,37.783836,-122.414450,1991.94,58.50
19.8400,995.7227,437.6143,1991.9534,58.3700,1.9558,3.4358,26.4898,4.0973,64.0256,0.8292,0.1757,0.1509,0.5087,58.5018,3.3693,1.9160,-0.0095,-0.0023,-0.0392,0.2499,-10.9818,37.783840,-122.414438,1991.95,58.50
19.8600,996.2303,438.6685,1991.9581,58.3720,1.9557,3.4354,26.4896,4.0977,64.1215,0.8288,0.1756,0.1510,0.5094,58.5038,3.3687,1.9158,-0.0095,-0.0023,-0.0392,0.2499,-10.9817,37.783845,-122.414427,1991.95,58.50
19.8800,996.7362,439.7236,1991.9628,58.3741,1.9555,3.4350,26.4894,4.0982,64.2174,0.8283,0.1754,0.1512,0.5101,58.5057,3.3682,1.9156,-0.0095,-0.0023,-0.0392,0.2500,-10.9815,37.783849,-122.414415,1991.96,58.51
19.9000,997.2404,440.7796,1991.9675,58.3761,1.9553,3.4346,26.4891,4.0986,64.3132,0.8279,0.1753,0.1513,0.5108,58.5077,3.3677,1.9154,-0.0095,-0.0023,-0.0392,0.2500,-10.9814,37.783854,-122.414403,1991.96,58.51
19.9200,997.7428,441.8365,1991.9722,58.3781,1.9552,3.4341,26.4888,4.0991,64.4091,0.8275,0.1752,0.1515,0.5115,58.5097,3.3671,1.9151,-0.0095,-0.0023,-0.0392,0.2501,-10.9813,37.783858,-122.414391,1991.97,58.51
19.9400,998.2435,442.8942,1991.9770,58.3801,1.9550,3.4337,26.4885,4.0995,64.5050,0.8271,0.1750,0.1516,0.5122,58.5117,3.3666,1.9149,-0.0095,-0.0023,-0.0392,0.2501,-10.9812,37.783863,-122.414379,1991.97,58.51
19.9600,998.7424,443.9528,1991.9818,58.3821,1.9548,3.4333,26.4881,4.0999,64.6008,0.8266,0.1749,0.1518,0.5129,58.5137,3.3660,1.9147,-0.0095,-0.0024,-0.0392,0.2502,-10.9810,37.783867,-122.414367,1991.98,58.51
19.9800,999.2395,445.0123,1991.9866,58.3841,1.9547,3.4328,26.4877,4.1003,64.6966,0.8262,0.1748,0.1519,0.5136,58.5156,3.3655,1.9144,-0.0095,-0.0024,-0.0392,0.2502,-10.9809,37.783872,-122.414354,1991.98,58.52
20.0000,999.7349,446.0727,1991.9914,58.3861,1.9545,3.4324,26.4873,4.1008,64.7925,0.8258,0.1747,0.1521,0.5143,58.5176,3.3650,1.9142,-0.0094,-0.0024,-0.0392,0.2503,-10.9807,37.783876,-122.414342,1991.99,58.52
20.0200,1000.2285,447.1339,1991.9962,58.3882,1.9543,3.4319,26.4868,4.1012,64.8883,0.8253,0.1745,0.1522,0.5150,58.5196,3.3644,1.9140,-0.0094,-0.0024,-0.0392,0.2503,-10.9806,37.783881,-122.414330,1991.99,58.52
20.0400,1000.7204,448.1959,1992.0011,58.3902,1.9541,3.4315,26.4863,4.1016,64.9841,0.8249,0.1744,0.1524,0.5156,58.5216,3.3638,1.9137,-0.0094,-0.0024,-0.0392,0.2504,-10.9804,37.783885,-122.414318,1992.00,58.52
20.0600,1001.2105,449.2589,1992.0060,58.3922,1.9539,3.4310,26.4856,4.1020,65.0799,0.8245,0.1743,0.1525,0.5163,58.5236,3.3633,1.9135,-0.0094,-0.0028,-0.0391,0.2504,-10.9803,37.783890,-122.414306,1992.00,58.52
20.0800,1001.6988,450.3227,1992.0109,58.3942,1.9537,3.4306,26.4845,4.1024,65.1757,0.8241,0.1741,0.1527,0.5170,58.5255,3.3627,1.9132,-0.0094,-0.0032,-0.0391,0.2505,-10.9801,37.783894,-122.414294,1992.01,58.53
20.1000,1002.1854,451.3873,1992.0158,58.3962,1.9535,3.4302,26.4830,4.1028,65.2715,0.8236,0.1740,0.1528,0.5177,58.5275,3.3622,1.9129,-0.0094,-0.0033,-0.0391,0.2505,-10.9800,37.783898,-122.414282,1992.01,58.53
20.1200,1002.6702,452.4528,1992.0207,58.3983,1.9532,3.4297,26.4810,4.1031,65.3673,0.8232,0.1738,0.1529,0.5184,58.5295,3.3616,1.9126,-0.0094,-0.0034,-0.0391,0.2506,-10.9798,37.783903,-122.414270,1992.02,58.53
20.1400,1003.1533,453.5191,1992.0257,58.4003,1.9529,3.4293,26.4787,4.1035,65.4631,0.8228,0.1737,0.1531,0.5191,58.5315,3.3611,1.9123,-0.0094,-0.0035,-0.0391,0.2506,-10.9797,37.783907,-122.414258,1992.02,58.53
20.1600,1003.6345,454.5863,1992.0307,58.4023,1.9525,3.4289,26.4760,4.1039,65.5588,0.8223,0.1735,0.1532,0.5198,58.5335,3.3606,1.9119,-0.0094,-0.0035,-0.0391,0.2507,-10.9796,37.783911,-122.414246,1992.03,58.53
20.1800,1004.1140,455.6543,1992.0357,58.4043,1.9522,3.4285,26.4730,4.1043,65.6546,0.8219,0.1734,0.1533,0.5205,58.5354,3.3601,1.9116,-0.0094,-0.0036,-0.0391,0.2507,-10.9795,37.783916,-122.414234,1992.03,58.53
20.2000,1004.5918,456.7231,1992.0407,58.4063,1.9518,3.4281,26.4697,4.1046,65.7503,0.8215,0.1732,0.1535,0.5212,58.5374,3.3596,1.9111,-0.0094,-0.0037,-0.0391,0.2508,-10.9795,37.783920,-122.414221,1992.04,58.54
20.2200,1005.0677,457.7928,1992.0458,58.4084,1.9514,3.4277,26.4661,4.1050,65.8461,0.8210,0.1731,0.1536,0.5219,58.5394,3.3591,1.9107,-0.0094,-0.0038,-0.0391,0.2508,-10.9794,37.783924,-122.414209,1992.04,58.54
20.2400,1005.5419,458.8633,1992.0509,58.4104,1.9510,3.4273,26.4622,4.1053,65.9418,0.8206,0.1729,0.1537,0.5225,58.5414,3.3586,1.9102,-0.0094,-0.0038,-0.0391,0.2509,-10.9793,37.783929,-122.414197,1992.05,58.54
20.2600,1006.0144,459.9347,1992.0560,58.4124,1.9505,3.4269,26.4580,4.1057,66.0375,0.8202,0.1728,0.1539,0.5232,58.5434,3.3581,1.9098,-0.0094,-0.0039,-0.0391,0.2509,-10.9793,37.783933,-122.414185,1992.05,58.54
20.2800,1006.4850,461.0068,1992.0611,58.4144,1.9500,3.4265,26.4536,4.1060,66.1332,0.8198,0.1726,0.1540,0.5239,58.5453,3.3576,1.9092,-0.0094,-0.0040,-0.0391,0.2509,-10.9792,37.783937,-122.414173,1992.06,58.54
20.3000,1006.9539,462.0798,1992.0662,58.4164,1.9495,3.4261,26.4489,4.1064,66.2289,0.8193,0.1724,0.1541,0.5246,58.5473,3.3571,1.9087,-0.0094,-0.0041,-0.0391,0.2510,-10.9792,37.783941,-122.414161,1992.06,58.55
20.3200,1007.4210,463.1536,1992.0714,58.4185,1.9490,3.4257,26.4440,4.1067,66.3245,0.8189,0.1723,0.1542,0.5253,58.5493,3.3566,1.9081,-0.0094,-0.0042,-0.0391,0.2510,-10.9791,37.783946,-122.414148,1992.07,58.55
20.3400,1007.8863,464.2282,1992.0765,58.4205,1.9485,3.4254,26.4388,4.1070,66.4202,0.8185,0.1721,0.1544,0.5260,58.5513,3.3561,1.9076,-0.0094,-0.0042,-0.0391,0.2511,-10.9791,37.783950,-122.414136,1992.07,58.55
20.3600,1008.3498,465.3037,1992.0817,58.4225,1.9479,3.4250,26.4333,4.1074,66.5158,0.8180,0.1719,0.1545,0.5267,58.5532,3.3556,1.9070,-0.0094,-0.0043,-0.0391,0.2511,-10.9790,37.783954,-122.414124,1992.08,58.55
20.3800,1008.8116,466.3799,1992.0870,58.4245,1.9473,3.4246,26.4276,4.1077,66.6114,0.8176,0.1718,0.1546,0.5274,58.5552,3.3551,1.9063,-0.0094,-0.0044,-0.0391,0.2512,-10.9790,37.783958,-122.414112,1992.08,58.55
20.4000,1009.2715,467.4570,1992.0922,58.4266,1.9467,3.4242,26.4217,4.1080,66.7070,0.8172,0.1716,0.1547,0.5281,58.5572,3.3546,1.9057,-0.0094,-0.0045,-0.0391,0.2512,-10.9789,37.783962,-122.414100,1992.09,58.56
20.4200,1009.7297,468.5348,1992.0975,58.4286,1.9460,3.4238,26.4155,4.1083,66.8026,0.8167,0.1714,0.1548,0.5288,58.5592,3.3541,1.9050,-0.0093,-0.0045,-0.0390,0.2513,-10.9789,37.783966,-122.414087,1992.09,58.56
20.4400,1010.1861,469.6134,1992.1028,58.4306,1.9453,3.4234,26.4091,4.1087,66.8981,0.8163,0.1712,0.1549,0.5294,58.5612,3.3536,1.9043,-0.0093,-0.0046,-0.0390,0.2513,-10.9788,37.783971,-122.414075,1992.10,58.56
20.4600,1010.6408,470.6929,1992.1081,58.4326,1.9446,3.4230,26.4024,4.1090,66.9936,0.8159,0.1711,0.1551,0.5301,58.5631,3.3531,1.9036,-0.0093,-0.0047,-0.0390,0.2514,-10.9788,37.783975,-122.414063,1992.10,58.56
20.4800,1011.0936,471.7731,1992.1134,58.4347,1.9439,3.4226,26.3955,4.1093,67.0891,0.8154,0.1709,0.1552,0.5308,58.5651,3.3526,1.9028,-0.0093,-0.0048,-0.0390,0.2514,-10.9787,37.783979,-122.414051,1992.11,58.56
20.5000,1011.5447,472.8541,1992.1188,58.4367,1.9432,3.4222,26.3883,4.1096,67.1846,0.8150,0.1707,0.1553,0.5315,58.5671,3.3520,1.9021,-0.0093,-0.0048,-0.0390,0.2514,-10.9786,37.783983,-122.414038,1992.11,58.57
20.5200,1011.9939,473.9360,1992.1242,58.4387,1.9424,3.4218,26.3810,4.1099,67.2801,0.8146,0.1705,0.1554,0.5322,58.5691,3.3515,1.9013,-0.0093,-0.0049,-0.0390,0.2515,-10.9786,37.783987,-122.414026,1992.12,58.57
20.5400,1012.4414,475.0185,1992.1296,58.4407,1.9416,3.4213,26.3733,4.1102,67.3755,0.8141,0.1703,0.1555,0.5329,58.5710,3.3510,1.9005,-0.0093,-0.0050,-0.0390,0.2515,-10.9785,37.783991,-122.414014,1992.12,58.57
20.5600,1012.8871,476.1019,1992.1350,58.4428,1.9408,3.4209,26.3655,4.1105,67.4709,0.8137,0.1701,0.1556,0.5336,58.5730,3.3505,1.8996,-0.0093,-0.0051,-0.0390,0.2516,-10.9784,37.783995,-122.414001,1992.13,58.57
20.5800,1013.3310,477.1861,1992.1405,58.4448,1.9400,3.4205,26.3574,4.1107,67.5662,0.8133,0.1700,0.1557,0.5343,58.5750,3.3500,1.8988,-0.0093,-0.0051,-0.0390,0.2516,-10.9783,37.783999,-122.413989,1992.14,58.57
20.6000,1013.7731,478.2710,1992.1460,58.4468,1.9391,3.4200,26.3491,4.1110,67.6616,0.8129,0.1698,0.1558,0.5349,58.5769,3.3494,1.8979,-0.0093,-0.0052,-0.0390,0.2517,-10.9782,37.784003,-122.413977,1992.14,58.58
20.6200,1014.2134,479.3567,1992.1515,58.4489,1.9383,3.4196,26.3405,4.1113,67.7569,0.8124,0.1696,0.1559,0.5356,58.5789,3.3489,1.8970,-0.0093,-0.0053,-0.0389,0.2517,-10.9781,37.784007,-122.413964,1992.15,58.58
20.6400,1014.6520,480.4431,1992.1570,58.4509,1.9374,3.4191,26.3317,4.1116,67.8521,0.8120,0.1694,0.1560,0.5363,58.5809,3.3483,1.8961,-0.0093,-0.0054,-0.0389,0.2518,-10.9780,37.784011,-122.413952,1992.15,58.58
20.6600,1015.0887,481.5304,1992.1626,58.4529,1.9364,3.4187,26.3227,4.1118,67.9474,0.8116,0.1692,0.1561,0.5370,58.5829,3.3478,1.8951,-0.0093,-0.0054,-0.0389,0.2518,-10.9779,37.784015,-122.413940,1992.16,58.58
20.6800,1015.5237,482.6183,1992.1681,58.4550,1.9355,3.4182,26.3134,4.1121,68.0426,0.8111,0.1690,0.1562,0.5377,58.5848,3.3472,1.8942,-0.0093,-0.0055,-0.0389,0.2518,-10.9777,37.784019,-122.413927,1992.16,58.58
20.7000,1015.9568,483.7071,1992.1737,58.4570,1.9345,3.4177,26.3039,4.1123,68.1377,0.8107,0.1688,0.1563,0.5384,58.5868,3.3466,1.8932,-0.0092,-0.0056,-0.0389,0.2519,-10.9776,37.784023,-122.413915,1992.17,58.59
20.7200,1016.3882,484.7966,1992.1794,58.4590,1.9336,3.4172,26.2942,4.1126,68.2329,0.8103,0.1686,0.1564,0.5391,58.5888,3.3460,1.8922,-0.0092,-0.0057,-0.0389,0.2519,-10.9774,37.784026,-122.413903,1992.17,58.59
20.7400,1016.8177,485.8868,1992.1850,58.4610,1.9325,3.4167,26.2842,4.1128,68.3279,0.8098,0.1684,0.1565,0.5398,58.5907,3.3454,1.8912,-0.0092,-0.0057,-0.0389,0.2520,-10.9772,37.784030,-122.413890,1992.18,58.59
20.7600,1017.2455,486.9778,1992.1907,58.4631,1.9315,3.4162,26.2740,4.1131,68.4230,0.8094,0.1682,0.1566,0.5404,58.5927,3.3448,1.8901,-0.0092,-0.0058,-0.0388,0.2520,-10.9770,37.784034,-122.413878,1992.19,58.59
20.7800,1017.6715,488.0696,1992.1964,58.4651,1.9305,3.4157,26.2635,4.1133,68.5180,0.8090,0.1680,0.1567,0.5411,58.5946,3.3442,1.8890,-0.0092,-0.0059,-0.0388,0.2521,-10.9767,37.784038,-122.413866,1992.19,58.59
20.8000,1018.0956,489.1620,1992.2022,58.4671,1.9294,3.4151,26.2529,4.1135,68.6129,0.8085,0.1678,0.1568,0.5418,58.5966,3.3436,1.8880,-0.0092,-0.0060,-0.0388,0.2521,-10.9765,37.784042,-122.413853,1992.20,58.60
20.8200,1018.5180,490.2553,1992.2080,58.4692,1.9283,3.4146,26.2420,4.1137,68.7078,0.8081,0.1676,0.1569,0.5425,58.5986,3.3429,1.8869,-0.0092,-0.0060,-0.0388,0.2521,-10.9762,37.784046,-122.413841,1992.20,58.60
20.8400,1018.9386,491.3492,1992.2138,58.4712,1.9272,3.4140,26.2308,4.1139,68.8027,0.8077,0.1674,0.1570,0.5432,58.6005,3.3422,1.8857,-0.0092,-0.0061,-0.0388,0.2522,-10.9759,37.784050,-122.413828,1992.21,58.60
20.8600,1019.3574,492.4439,1992.2196,58.4732,1.9261,3.4134,26.2195,4.1141,68.8975,0.8072,0.1671,0.1570,0.5439,58.6025,3.3416,1.8846,-0.0092,-0.0062,-0.0388,0.2522,-10.9756,37.784053,-122.413816,1992.21,58.60
20.8800,1019.7744,493.5393,1992.2254,58.4753,1.9250,3.4128,26.2079,4.1143,68.9923,0.8068,0.1669,0.1571,0.5445,58.6044,3.3409,1.8834,-0.0092,-0.0063,-0.0388,0.2523,-10.9753,37.784057,-122.413803,1992.22,58.60
20.9000,1020.1896,494.6354,1992.2313,58.4773,1.9238,3.4122,26.1961,4.1145,69.0870,0.8064,0.1667,0.1572,0.5452,58.6064,3.3402,1.8823,-0.0091,-0.0063,-0.0387,0.2523,-10.9749,37.784061,-122.413791,1992.23,58.61
20.9200,1020.6030,495.7323,1992.2372,58.4793,1.9226,3.4116,26.1840,4.1146,69.1816,0.8059,0.1665,0.1573,0.5459,58.6083,3.3395,1.8811,-0.0091,-0.0064,-0.0387,0.2523,-10.9746,37.784065,-122.413778,1992.23,58.61
20.9400,1021.0145,496.8299,1992.2432,58.4813,1.9214,3.4109,26.1717,4.1148,69.2762,0.8055,0.1663,0.1574,0.5466,58.6103,3.3387,1.8798,-0.0091,-0.0065,-0.0387,0.2524,-10.9742,37.784068,-122.413766,1992.24,58.61
20.9600,1021.4243,497.9282,1992.2491,58.4834,1.9202,3.4103,26.1592,4.1149,69.3708,0.8051,0.1661,0.1575,0.5473,58.6122,3.3380,1.8786,-0.0091,-0.0065,-0.0387,0.2524,-10.9737,37.784072,-122.413754,1992.24,58.61
20.9800,1021.8323,499.0272,1992.2551,58.4854,1.9190,3.4096,26.1465,4.1151,69.4653,0.8046,0.1658,0.1575,0.5479,58.6142,3.3372,1.8773,-0.0091,-0.0066,-0.0387,0.2525,-10.9733,37.784076,-122.413741,1992.25,58.61
21.0000,1022.2385,500.1269,1992.2612,58.4874,1.9177,3.4089,26.1335,4.1152,69.5597,0.8042,0.1656,0.1576,0.5486,58.6161,3.3364,1.8761,-0.0091,-0.0067,-0.0386,0.2525,-10.9728,37.784079,-122.413729,1992.26,58.62
21.0200,1022.6429,501.2273,1992.2672,58.4895,1.9164,3.4082,26.1203,4.1153,69.6541,0.8038,0.1654,0.1577,0.5493,58.6181,3.3356,1.8748,-0.0091,-0.0068,-0.0386,0.2526,-10.9723,37.784083,-122.413716,1992.26,58.62
21.0400,1023.0455,502.3284,1992.2733,58.4915,1.9152,3.4074,26.1069,4.1154,69.7484,0.8033,0.1652,0.1578,0.5500,58.6200,3.3348,1.8735,-0.0091,-0.0068,-0.0386,0.2526,-10.9717,37.784087,-122.413704,1992.27,58.62
21.0600,1023.4463,503.4302,1992.2794,58.4935,1.9139,3.4067,26.0932,4.1155,69.8427,0.8029,0.1650,0.1578,0.5507,58.6220,3.3340,1.8722,-0.0091,-0.0069,-0.0386,0.2526,-10.9712,37.784090,-122.413691,1992.27,58.62
21.0800,1023.8453,504.5327,1992.2856,58.4956,1.9125,3.4059,26.0793,4.1155,69.9369,0.8025,0.1647,0.1579,0.5513,58.6239,3.3331,1.8708,-0.0090,-0.0070,-0.0386,0.2527,-10.9706,37.784094,-122.413679,1992.28,58.62
21.1000,1024.2425,505.6359,1992.2918,58.4976,1.9112,3.4051,26.0652,4.1156,70.0310,0.8020,0.1645,0.1580,0.5520,58.6258,3.3323,1.8695,-0.0090,-0.0070,-0.0385,0.2527,-10.9699,37.784097,-122.413666,1992.29,58.63
21.1200,1024.6378,506.7398,1992.2980,58.4996,1.9098,3.4043,26.0509,4.1157,70.1251,0.8016,0.1643,0.1580,0.5527,58.6278,3.3314,1.8681,-0.0090,-0.0071,-0.0385,0.2528,-10.9693,37.784101,-122.413653,1992.29,58.63
21.1400,1025.0314,507.8444,1992.3042,58.5017,1.9085,3.4035,26.0363,4.1157,70.2191,0.8012,0.1640,0.1581,0.5534,58.6297,3.3305,1.8667,-0.0090,-0.0072,-0.0385,0.2528,-10.9686,37.784104,-122.413641,1992.30,58.63
21.1600,1025.4232,508.9496,1992.3105,58.5037,1.9071,3.4026,26.0215,4.1157,70.3130,0.8007,0.1638,0.1582,0.5541,58.6317,3.3295,1.8653,-0.0090,-0.0073,-0.0385,0.2528,-10.9678,37.784108,-122.413628,1992.30,58.63
21.1800,1025.8132,510.0556,1992.3168,58.5057,1.9057,3.4017,26.0065,4.1157,70.4069,0.8003,0.1636,0.1582,0.5547,58.6336,3.3286,1.8639,-0.0090,-0.0073,-0.0385,0.2529,-10.9671,37.784112,-122.413616,1992.31,58.63
21.2000,1026.2014,511.1622,1992.3231,58.5078,1.9043,3.4008,25.9912,4.1157,70.5007,0.7999,0.1633,0.1583,0.5554,58.6355,3.3276,1.8625,-0.0090,-0.0074,-0.0384,0.2529,-10.9663,37.784115,-122.413603,1992.32,58.63
21.2200,1026.5877,512.2694,1992.3295,58.5098,1.9028,3.3999,25.9758,4.1157,70.5944,0.7994,0.1631,0.1583,0.5561,58.6374,3.3267,1.8610,-0.0090,-0.0075,-0.0384,0.2530,-10.9655,37.784119,-122.413591,1992.32,58.64
21.2400,1026.9723,513.3774,1992.3359,58.5118,1.9014,3.3990,25.9601,4.1156,70.6881,0.7990,0.1629,0.1584,0.5568,58.6394,3.3257,1.8596,-0.0089,-0.0075,-0.0384,0.2530,-10.9646,37.784122,-122.413578,1992.33,58.64
21.2600,1027.3551,514.4860,1992.3424,58.5139,1.8999,3.3981,25.9442,4.1156,70.7816,0.7986,0.1626,0.1584,0.5574,58.6413,3.3246,1.8581,-0.0089,-0.0076,-0.0384,0.2530,-10.9637,37.784125,-122.413565,1992.34,58.64
21.2800,1027.7361,515.5952,1992.3488,58.5159,1.8984,3.3971,25.9280,4.1155,70.8751,0.7981,0.1624,0.1585,0.5581,58.6432,3.3236,1.8566,-0.0089,-0.0077,-0.0383,0.2531,-10.9628,37.784129,-122.413553,1992.34,58.64
21.3000,1028.1152,516.7052,1992.3553,58.5179,1.8969,3.3961,25.9116,4.1154,70.9686,0.7977,0.1621,0.1586,0.5588,58.6451,3.3225,1.8551,-0.0089,-0.0078,-0.0383,0.2531,-10.9619,37.784132,-122.413540,1992.35,58.64
21.3200,1028.4926,517.8158,1992.3619,58.5200,1.8954,3.3951,25.8951,4.1154,71.0619,0.7973,0.1619,0.1586,0.5595,58.6471,3.3215,1.8536,-0.0089,-0.0078,-0.0383,0.2532,-10.9609,37.784136,-122.413528,1992.36,58.65
21.3400,1028.8682,518.9270,1992.3684,58.5220,1.8939,3.3941,25.8782,4.1152,71.1552,0.7968,0.1616,0.1587,0.5601,58.6490,3.3204,1.8520,-0.0089,-0.0079,-0.0383,0.2532,-10.9599,37.784139,-122.413515,1992.36,58.65
21.3600,1029.2419,520.0389,1992.3750,58.5240,1.8924,3.3930,25.8612,4.1151,71.2484,0.7964,0.1614,0.1587,0.5608,58.6509,3.3192,1.8505,-0.0089,-0.0080,-0.0382,0.2532,-10.9588,37.784142,-122.413502,1992.37,58.65
21.3800,1029.6139,521.1514,1992.3817,58.5260,1.8908,3.3920,25.8440,4.1150,71.3415,0.7960,0.1611,0.1587,0.5615,58.6528,3.3181,1.8489,-0.0089,-0.0080,-0.0382,0.2533,-10.9577,37.784146,-122.413490,1992.38,58.65
21.4000,1029.9841,522.2645,1992.3883,58.5281,1.8893,3.3909,25.8265,4.1148,71.4346,0.7955,0.1609,0.1588,0.5621,58.6547,3.3169,1.8473,-0.0088,-0.0081,-0.0382,0.2533,-10.9566,37.784149,-122.413477,1992.38,58.65
21.4200,1030.3524,523.3783,1992.3951,58.5301,1.8877,3.3898,25.8088,4.1146,71.5275,0.7951,0.1606,0.1588,0.5628,58.6567,3.3158,1.8457,-0.0088,-0.0082,-0.0382,0.2533,-10.9555,37.784153,-122.413464,1992.39,58.66
21.4400,1030.7190,524.4928,1992.4018,58.5321,1.8861,3.3886,25.7909,4.1145,71.6204,0.7947,0.1604,0.1589,0.5635,58.6586,3.3146,1.8441,-0.0088,-0.0082,-0.0381,0.2534,-10.9543,37.784156,-122.413452,1992.40,58.66
21.4600,1031.0838,525.6078,1992.4086,58.5342,1.8845,3.3875,25.7727,4.1143,71.7132,0.7943,0.1601,0.1589,0.5641,58.6605,3.3134,1.8425,-0.0088,-0.0083,-0.0381,0.2534,-10.9531,37.784159,-122.413439,1992.40,58.66
21.4800,1031.4467,526.7235,1992.4154,58.5362,1.8829,3.3863,25.7543,4.1140,71.8059,0.7938,0.1599,0.1589,0.5648,58.6624,3.3121,1.8409,-0.0088,-0.0084,-0.0381,0.2535,-10.9519,37.784162,-122.413426,1992.41,58.66
21.5000,1031.8079,527.8398,1992.4222,58.5382,1.8812,3.3852,25.7358,4.1138,71.8985,0.7934,0.1596,0.1590,0.5655,58.6643,3.3109,1.8392,-0.0088,-0.0084,-0.0380,0.2535,-10.9506,37.784166,-122.413414,1992.42,58.66
21.5200,1032.1673,528.9568,1992.4291,58.5403,1.8796,3.3840,25.7170,4.1136,71.9911,0.7930,0.1594,0.1590,0.5662,58.6662,3.3096,1.8376,-0.0088,-0.0085,-0.0380,0.2535,-10.9493,37.784169,-122.413401,1992.42,58.67
21.5400,1032.5249,530.0743,1992.4360,58.5423,1.8779,3.3828,25.6979,4.1133,72.0835,0.7925,0.1591,0.1591,0.5668,58.6681,3.3084,1.8359,-0.0087,-0.0086,-0.0380,0.2536,-10.9480,37.784172,-122.413388,1992.43,58.67
21.5600,1032.8806,531.1925,1992.4430,58.5443,1.8762,3.3815,25.6787,4.1130,72.1759,0.7921,0.1589,0.1591,0.5675,58.6700,3.3071,1.8342,-0.0087,-0.0086,-0.0380,0.2536,-10.9466,37.784175,-122.413376,1992.44,58.67
21.5800,1033.2346,532.3112,1992.4500,58.5463,1.8745,3.3803,25.6593,4.1128,72.2682,0.7917,0.1586,0.1591,0.5681,58.6719,3.3058,1.8325,-0.0087,-0.0087,-0.0379,0.2537,-10.9453,37.784179,-122.413363,1992.44,58.67
21.6000,1033.5868,533.4306,1992.4570,58.5484,1.8728,3.3790,25.6396,4.1124,72.3603,0.7912,0.1583,0.1591,0.5688,58.6738,3.3044,1.8308,-0.0087,-0.0088,-0.0379,0.2537,-10.9439,37.784182,-122.413350,1992.45,58.67
21.6200,1033.9372,534.5506,1992.4640,58.5504,1.8711,3.3778,25.6197,4.1121,72.4524,0.7908,0.1581,0.1592,0.5695,58.6757,3.3031,1.8291,-0.0087,-0.0088,-0.0379,0.2537,-10.9424,37.784185,-122.413338,1992.46,58.67
21.6400,1034.2858,535.6712,1992.4711,58.5524,1.8694,3.3765,25.5996,4.1118,72.5444,0.7904,0.1578,0.1592,0.5701,58.6776,3.3017,1.8274,-0.0087,-0.0089,-0.0378,0.2538,-10.9410,37.784188,-122.413325,1992.46,58.68
21.6600,1034.6326,536.7924,1992.4783,58.5544,1.8676,3.3752,25.5793,4.1115,72.6364,0.7899,0.1575,0.1592,0.5708,58.6795,3.3003,1.8256,-0.0087,-0.0090,-0.0378,0.2538,-10.9395,37.784191,-122.413312,1992.47,58.68
21.6800,1034.9776,537.9141,1992.4854,58.5565,1.8659,3.3738,25.5587,4.1111,72.7282,0.7895,0.1573,0.1592,0.5715,58.6814,3.2990,1.8239,-0.0086,-0.0090,-0.0378,0.2538,-10.9380,37.784194,-122.413299,1992.48,58.68
21.7000,1035.3208,539.0365,1992.4926,58.5585,1.8641,3.3725,25.5380,4.1107,72.8199,0.7891,0.1570,0.1593,0.5721,58.6833,3.2975,1.8221,-0.0086,-0.0091,-0.0377,0.2539,-10.9364,37.784197,-122.413287,1992.49,58.68
21.7200,1035.6622,540.1594,1992.4999,58.5605,1.8623,3.3711,25.5170,4.1103,72.9115,0.7887,0.1567,0.1593,0.5728,58.6851,3.2961,1.8203,-0.0086,-0.0092,-0.0377,0.2539,-10.9349,37.784200,-122.413274,1992.49,58.68
21.7400,1036.0019,541.2830,1992.5071,58.5625,1.8605,3.3698,25.4958,4.1099,73.0031,0.7882,0.1565,0.1593,0.5734,58.6870,3.2947,1.8185,-0.0086,-0.0092,-0.0377,0.2540,-10.9333,37.784204,-122.413261,1992.50,58.69
21.7600,1036.3397,542.4071,1992.5144,58.5646,1.8587,3.3684,25.4744,4.1095,73.0945,0.7878,0.1562,0.1593,0.5741,58.6889,3.2932,1.8167,-0.0086,-0.0093,-0.0376,0.2540,-10.9317,37.784207,-122.413248,1992.51,58.69
21.7800,1036.6758,543.5317,1992.5218,58.5666,1.8569,3.3670,25.4528,4.1091,73.1859,0.7874,0.1559,0.1593,0.5748,58.6908,3.2918,1.8149,-0.0086,-0.0094,-0.0376,0.2540,-10.9300,37.784210,-122.413236,1992.51,58.69
21.8000,1037.0100,544.6570,1992.5292,58.5686,1.8551,3.3656,25.4310,4.1087,73.2771,0.7869,0.1556,0.1593,0.5754,58.6927,3.2903,1.8130,-0.0085,-0.0094,-0.0376,0.2541,-10.9284,37.784213,-122.413223,1992.52,58.69
21.8200,1037.3425,545.7828,1992.5366,58.5706,1.8532,3.3642,25.4089,4.1082,73.3683,0.7865,0.1554,0.1593,0.5761,58.6945,3.2888,1.8112,-0.0085,-0.0095,-0.0375,0.2541,-10.9267,37.784216,-122.413210,1992.53,58.69
21.8400,1037.6732,546.9092,1992.5441,58.5726,1.8514,3.3627,25.3867,4.1078,73.4594,0.7861,0.1551,0.1593,0.5767,58.6964,3.2873,1.8093,-0.0085,-0.0096,-0.0375,0.2541,-10.9250,37.784219,-122.413197,1992.54,58.70
21.8600,1038.0020,548.0361,1992.5516,58.5747,1.8495,3.3613,25.3642,4.1073,73.5503,0.7857,0.1548,0.1594,0.5774,58.6983,3.2858,1.8074,-0.0085,-0.0096,-0.0375,0.2542,-10.9233,37.784222,-122.413184,1992.54,58.70
21.8800,1038.3292,549.1637,1992.5591,58.5767,1.8476,3.3598,25.3416,4.1068,73.6412,0.7852,0.1545,0.1594,0.5780,58.7002,3.2843,1.8056,-0.0085,-0.0097,-0.0374,0.2542,-10.9216,37.784225,-122.413172,1992.55,58.70
21.9000,1038.6545,550.2917,1992.5667,58.5787,1.8457,3.3584,25.3187,4.1063,73.7319,0.7848,0.1542,0.1594,0.5787,58.7020,3.2828,1.8037,-0.0085,-0.0098,-0.0374,0.2542,-10.9198,37.784227,-122.413159,1992.56,58.70
21.9200,1038.9780,551.4203,1992.5743,58.5807,1.8438,3.3569,25.2956,4.1058,73.8226,0.7844,0.1540,0.1594,0.5794,58.7039,3.2812,1.8017,-0.0085,-0.0098,-0.0374,0.2543,-10.9180,37.784230,-122.413146,1992.57,58.70
21.9400,1039.2998,552.5495,1992.5819,58.5827,1.8419,3.3554,25.2723,4.1053,73.9132,0.7839,0.1537,0.1594,0.5800,58.7058,3.2797,1.7998,-0.0084,-0.0099,-0.0373,0.2543,-10.9162,37.784233,-122.413133,1992.57,58.70
21.9600,1039.6197,553.6792,1992.5896,58.5847,1.8400,3.3539,25.2488,4.1048,74.0036,0.7835,0.1534,0.1594,0.5807,58.7076,3.2781,1.7979,-0.0084,-0.0100,-0.0373,0.2544,-10.9144,37.784236,-122.413120,1992.58,58.71
21.9800,1039.9379,554.8094,1992.5973,58.5868,1.8380,3.3524,25.2251,4.1043,74.0940,0.7831,0.1531,0.1594,0.5813,58.7095,3.2765,1.7959,-0.0084,-0.0100,-0.0373,0.2544,-10.9126,37.784239,-122.413107,1992.59,58.71
22.0000,1040.2543,555.9402,1992.6051,58.5888,1.8361,3.3508,25.2012,4.1037,74.1842,0.7827,0.1528,0.1594,0.5820,58.7114,3.2749,1.7940,-0.0084,-0.0101,-0.0372,0.2544,-10.9107,37.784242,-122.413095,1992.60,58.71
22.0200,1040.5690,557.0716,1992.6129,58.5908,1.8341,3.3493,25.1770,4.1032,74.2744,0.7822,0.1525,0.1593,0.5826,58.7132,3.2733,1.7920,-0.0084,-0.0102,-0.0372,0.2545,-10.9089,37.784245,-122.413082,1992.61,58.71
22.0400,1040.8818,558.2034,1992.6207,58.5928,1.8321,3.3478,25.1527,4.1026,74.3644,0.7818,0.1523,0.1593,0.5833,58.7151,3.2717,1.7900,-0.0084,-0.0102,-0.0372,0.2545,-10.9070,37.784248,-122.413069,1992.61,58.71
22.0600,1041.1929,559.3358,1992.6286,58.5948,1.8301,3.3462,25.1281,4.1020,74.4543,0.7814,0.1520,0.1593,0.5839,58.7169,3.2701,1.7880,-0.0083,-0.0103,-0.0371,0.2545,-10.9051,37.784250,-122.413056,1992.62,58.72
22.0800,1041.5022,560.4687,1992.6365,58.5968,1.8281,3.3446,25.1034,4.1014,74.5442,0.7810,0.1517,0.1593,0.5846,58.7188,3.2685,1.7860,-0.0083,-0.0103,-0.0371,0.2546,-10.9032,37.784253,-122.413043,1992.63,58.72
22.1000,1041.8097,561.6021,1992.6444,58.5988,1.8261,3.3431,25.0784,4.1008,74.6339,0.7805,0.1514,0.1593,0.5852,58.7207,3.2668,1.7840,-0.0083,-0.0104,-0.0371,0.2546,-10.9012,37.784256,-122.413030,1992.64,58.72
22.1200,1042.1154,562.7361,1992.6524,58.6008,1.8240,3.3415,25.0533,4.1002,74.7235,0.7801,0.1511,0.1593,0.5859,58.7225,3.2652,1.7820,-0.0083,-0.0105,-0.0370,0.2546,-10.8993,37.784259,-122.413017,1992.64,58.72
22.1400,1042.4194,563.8705,1992.6604,58.6028,1.8220,3.3399,25.0279,4.0996,74.8130,0.7797,0.1508,0.1593,0.5865,58.7244,3.2635,1.7800,-0.0083,-0.0105,-0.0370,0.2547,-10.8973,37.784261,-122.413005,1992.65,58.72
22.1600,1042.7216,565.0055,1992.6685,58.6048,1.8199,3.3383,25.0023,4.0990,74.9024,0.7793,0.1505,0.1593,0.5871,58.7262,3.2619,1.7779,-0.0083,-0.0106,-0.0369,0.2547,-10.8953,37.784264,-122.412992,1992.66,58.72
22.1800,1043.0221,566.1410,1992.6766,58.6069,1.8179,3.3367,24.9765,4.0984,74.9917,0.7788,0.1502,0.1592,0.5878,58.7281,3.2602,1.7758,-0.0082,-0.0107,-0.0369,0.2547,-10.8934,37.784267,-122.412979,1992.67,58.73
22.2000,1043.3207,567.2770,1992.6847,58.6089,1.8158,3.3350,24.9506,4.0977,75.0809,0.7784,0.1499,0.1592,0.5884,58.7299,3.2585,1.7738,-0.0082,-0.0107,-0.0369,0.2548,-10.8913,37.784270,-122.412966,1992.68,58.73
22.2200,1043.6176,568.4134,1992.6929,58.6109,1.8137,3.3334,24.9244,4.0971,75.1700,0.7780,0.1496,0.1592,0.5891,58.7317,3.2568,1.7717,-0.0082,-0.0108,-0.0368,0.2548,-10.8893,37.784272,-122.412953,1992.68,58.73
22.2400,1043.9127,569.5504,1992.7011,58.6129,1.8116,3.3318,24.8980,4.0964,75.2589,0.7776,0.1493,0.1592,0.5897,58.7336,3.2551,1.7696,-0.0082,-0.0108,-0.0368,0.2548,-10.8873,37.784275,-122.412940,1992.69,58.73
22.2600,1044.2061,570.6879,1992.7094,58.6149,1.8095,3.3301,24.8714,4.0957,75.3478,0.7771,0.1490,0.1591,0.5904,58.7354,3.2534,1.7675,-0.0082,-0.0109,-0.0367,0.2549,-10.8852,37.784278,-122.412927,1992.70,58.73
22.2800,1044.4977,571.8259,1992.7177,58.6169,1.8073,3.3285,24.8446,4.0951,75.4365,0.7767,0.1487,0.1591,0.5910,58.7373,3.2517,1.7653,-0.0082,-0.0110,-0.0367,0.2549,-10.8832,37.784280,-122.412914,1992.71,58.74
22.3000,1044.7875,572.9643,1992.7260,58.6189,1.8052,3.3268,24.8176,4.0944,75.5251,0.7763,0.1484,0.1591,0.5916,58.7391,3.2500,1.7632,-0.0081,-0.0110,-0.0367,0.2550,-10.8811,37.784283,-122.412901,1992.72,58.74
22.3200,1045.0756,574.1033,1992.7344,58.6209,1.8030,3.3251,24.7904,4.0937,75.6136,0.7759,0.1481,0.1591,0.5923,58.7409,3.2482,1.7611,-0.0081,-0.0111,-0.0366,0.2550,-10.8790,37.784285,-122.412888,1992.73,58.74
22.3400,1045.3619,575.2427,1992.7428,58.6229,1.8009,3.3234,24.7631,4.0930,75.7020,0.7755,0.1478,0.1590,0.5929,58.7428,3.2465,1.7589,-0.0081,-0.0111,-0.0366,0.2550,-10.8769,37.784288,-122.412875,1992.73,58.74
22.3600,1045.6465,576.3826,1992.7513,58.6248,1.7987,3.3217,24.7355,4.0922,75.7903,0.7750,0.1475,0.1590,0.5935,58.7446,3.2447,1.7567,-0.0081,-0.0112,-0.0366,0.2551,-10.8747,37.784291,-122.412862,1992.74,58.74
22.3800,1045.9293,577.5230,1992.7598,58.6268,1.7965,3.3200,24.7077,4.0915,75.8784,0.7746,0.1472,0.1590,0.5942,58.7464,3.2430,1.7545,-0.0081,-0.0113,-0.0365,0.2551,-10.8726,37.784293,-122.412849,1992.75,58.74
22.4000,1046.2103,578.6638,1992.7683,58.6288,1.7943,3.3183,24.6797,4.0908,75.9664,0.7742,0.1469,0.1589,0.5948,58.7482,3.2412,1.7523,-0.0080,-0.0113,-0.0365,0.2551,-10.8704,37.784296,-122.412836,1992.76,58.75
22.4200,1046.4896,579.8051,1992.7769,58.6308,1.7921,3.3166,24.6515,4.0900,76.0544,0.7738,0.1466,0.1589,0.5955,58.7501,3.2394,1.7501,-0.0080,-0.0114,-0.0364,0.2552,-10.8682,37.784298,-122.412823,1992.77,58.75
22.4400,1046.7671,580.9469,1992.7855,58.6328,1.7898,3.3148,24.6232,4.0893,76.1422,0.7733,0.1463,0.1588,0.5961,58.7519,3.2376,1.7479,-0.0080,-0.0114,-0.0364,0.2552,-10.8661,37.784301,-122.412811,1992.78,58.75
22.4600,1047.0429,582.0891,1992.7941,58.6348,1.7876,3.3131,24.5946,4.0885,76.2298,0.7729,0.1460,0.1588,0.5967,58.7537,3.2358,1.7457,-0.0080,-0.0115,-0.0363,0.2552,-10.8638,37.784303,-122.412798,1992.79,58.75
22.4800,1047.3170,583.2318,1992.8028,58.6368,1.7853,3.3113,24.5658,4.0877,76.3174,0.7725,0.1456,0.1588,0.5973,58.7555,3.2340,1.7435,-0.0080,-0.0116,-0.0363,0.2553,-10.8616,37.784306,-122.412785,1992.79,58.75
22.5000,1047.5892,584.3750,1992.8116,58.6388,1.7831,3.3096,24.5369,4.0870,76.4048,0.7721,0.1453,0.1587,0.5980,58.7573,3.2322,1.7412,-0.0079,-0.0116,-0.0363,0.2553,-10.8594,37.784308,-122.412772,1992.80,58.76
22.5200,1047.8598,585.5186,1992.8203,58.6408,1.7808,3.3078,24.5077,4.0862,76.4921,0.7717,0.1450,0.1587,0.5986,58.7592,3.2303,1.7389,-0.0079,-0.0117,-0.0362,0.2553,-10.8571,37.784311,-122.412759,1992.81,58.76
22.5400,1048.1286,586.6626,1992.8291,58.6428,1.7785,3.3060,24.4783,4.0854,76.5793,0.7712,0.1447,0.1586,0.5992,58.7610,3.2285,1.7367,-0.0079,-0.0117,-0.0362,0.2554,-10.8548,37.784313,-122.412746,1992.82,58.76
22.5600,1048.3956,587.8071,1992.8380,58.6447,1.7762,3.3042,24.4488,4.0846,76.6664,0.7708,0.1444,0.1586,0.5999,58.7628,3.2266,1.7344,-0.0079,-0.0118,-0.0361,0.2554,-10.8526,37.784315,-122.412733,1992.83,58.76
22.5800,1048.6610,588.9521,1992.8469,58.6467,1.7739,3.3024,24.4191,4.0837,76.7533,0.7704,0.1441,0.1585,0.6005,58.7646,3.2248,1.7321,-0.0079,-0.0119,-0.0361,0.2554,-10.8503,37.784318,-122.412720,1992.84,58.76
22.6000,1048.9245,590.0975,1992.8558,58.6487,1.7716,3.3006,24.3891,4.0829,76.8402,0.7700,0.1438,0.1585,0.6011,58.7664,3.2229,1.7298,-0.0078,-0.0119,-0.0360,0.2555,-10.8479,37.784320,-122.412707,1992.85,58.76
22.6200,1049.1864,591.2433,1992.8648,58.6507,1.7692,3.2987,24.3590,4.0820,76.9269,0.7696,0.1434,0.1584,0.6017,58.7682,3.2210,1.7274,-0.0078,-0.0120,-0.0360,0.2555,-10.8456,37.784323,-122.412694,1992.86,58.77
22.6400,1049.4465,592.3895,1992.8738,58.6527,1.7669,3.2969,24.3287,4.0812,77.0134,0.7692,0.1431,0.1583,0.6024,58.7700,3.2191,1.7251,-0.0078,-0.0120,-0.0360,0.2555,-10.8432,37.784325,-122.412681,1992.86,58.77
22.6600,1049.7048,593.5362,1992.8829,58.6546,1.7645,3.2951,24.2982,4.0803,77.0999,0.7687,0.1428,0.1583,0.6030,58.7718,3.2172,1.7228,-0.0078,-0.0121,-0.0359,0.2556,-10.8409,37.784327,-122.412668,1992.87,58.77
22.6800,1049.9615,594.6833,1992.8920,58.6566,1.7621,3.2932,24.2675,4.0794,77.1862,0.7683,0.1425,0.1582,0.6036,58.7736,3.2153,1.7204,-0.0078,-0.0121,-0.0359,0.2556,-10.8385,37.784330,-122.412654,1992.88,58.77
22.7000,1050.2164,595.8308,1992.9011,58.6586,1.7597,3.2913,24.2366,4.0785,77.2724,0.7679,0.1422,0.1582,0.6042,58.7754,3.2134,1.7180,-0.0077,-0.0122,-0.0358,0.2556,-10.8361,37.784332,-122.412641,1992.89,58.77
22.7200,1050.4695,596.9787,1992.9103,58.6606,1.7573,3.2894,24.2055,4.0776,77.3584,0.7675,0.1418,0.1581,0.6049,58.7772,3.2115,1.7156,-0.0077,-0.0123,-0.0358,0.2557,-10.8336,37.784334,-122.412628,1992.90,58.78
22.7400,1050.7210,598.1271,1992.9195,58.6625,1.7549,3.2875,24.1743,4.0767,77.4444,0.7671,0.1415,0.1580,0.6055,58.7790,3.2095,1.7132,-0.0077,-0.0123,-0.0357,0.2557,-10.8312,37.784337,-122.412615,1992.91,58.78
22.7600,1050.9707,599.2759,1992.9287,58.6645,1.7525,3.2856,24.1428,4.0758,77.5302,0.7667,0.1412,0.1580,0.6061,58.7808,3.2076,1.7108,-0.0077,-0.0124,-0.0357,0.2557,-10.8287,37.784339,-122.412602,1992.92,58.78
22.7800,1051.2187,600.4250,1992.9380,58.6665,1.7501,3.2837,24.1112,4.0749,77.6158,0.7662,0.1409,0.1579,0.6067,58.7826,3.2056,1.7084,-0.0077,-0.0124,-0.0356,0.2557,-10.8262,37.784341,-122.412589,1992.93,58.78
22.8000,1051.4650,601.5746,1992.9474,58.6685,1.7476,3.2818,24.0793,4.0739,77.7014,0.7658,0.1405,0.1578,0.6073,58.7844,3.2037,1.7060,-0.0076,-0.0125,-0.0356,0.2558,-10.8237,37.784343,-122.412576,1992.94,58.78
22.8200,1051.7095,602.7246,1992.9568,58.6704,1.7452,3.2798,24.0473,4.0729,77.7868,0.7654,0.1402,0.1578,0.6079,58.7862,3.2017,1.7036,-0.0076,-0.0125,-0.0356,0.2558,-10.8212,37.784345,-122.412563,1992.95,58.78
22.8400,1051.9523,603.8750,1992.9662,58.6724,1.7427,3.2779,24.0151,4.0720,77.8720,0.7650,0.1399,0.1577,0.6086,58.7879,3.1997,1.7011,-0.0076,-0.0126,-0.0355,0.2558,-10.8187,37.784348,-122.412550,1992.96,58.79
22.8600,1052.1935,605.0258,1992.9757,58.6744,1.7402,3.2759,23.9827,4.0710,77.9572,0.7646,0.1396,0.1576,0.6092,58.7897,3.1977,1.6987,-0.0076,-0.0127,-0.0355,0.2559,-10.8161,37.784350,-122.412537,1992.97,58.79
22.8800,1052.4329,606.1770,1992.9852,58.6763,1.7377,3.2740,23.9502,4.0700,78.0422,0.7642,0.1392,0.1575,0.6098,58.7915,3.1956,1.6962,-0.0076,-0.0127,-0.0354,0.2559,-10.8135,37.784352,-122.412524,1992.98,58.79
22.9000,1052.6706,607.3285,1992.9947,58.6783,1.7352,3.2720,23.9174,4.0690,78.1270,0.7638,0.1389,0.1575,0.6104,58.7933,3.1936,1.6937,-0.0075,-0.0128,-0.0354,0.2559,-10.8109,37.784354,-122.412511,1992.99,58.79
22.9200,1052.9066,608.4805,1993.0043,58.6803,1.7327,3.2700,23.8845,4.0679,78.2117,0.7633,0.1386,0.1574,0.6110,58.7951,3.1916,1.6912,-0.0075,-0.0128,-0.0353,0.2560,-10.8083,37.784356,-122.412498,1992.99,58.79
22.9400,1053.1408,609.6328,1993.0139,58.6822,1.7302,3.2680,23.8513,4.0669,78.2963,0.7629,0.1382,0.1573,0.6116,58.7968,3.1895,1.6887,-0.0075,-0.0129,-0.0353,0.2560,-10.8057,37.784358,-122.412485,1993.00,58.79
22.9600,1053.3734,610.7856,1993.0236,58.6842,1.7276,3.2660,23.8180,4.0658,78.3808,0.7625,0.1379,0.1572,0.6122,58.7986,3.1875,1.6862,-0.0075,-0.0129,-0.0352,0.2560,-10.8030,37.784361,-122.412472,1993.01,58.80
22.9800,1053.6043,611.9387,1993.0333,58.6861,1.7251,3.2639,23.7845,4.0648,78.4651,0.7621,0.1376,0.1571,0.6128,58.8004,3.1854,1.6837,-0.0075,-0.0130,-0.0352,0.2561,-10.8004,37.784363,-122.412458,1993.02,58.80
23.0000,1053.8334,613.0921,1993.0431,58.6881,1.7225,3.2619,23.7509,4.0637,78.5493,0.7617,0.1372,0.1570,0.6135,58.8021,3.1833,1.6811,-0.0074,-0.0130,-0.0351,0.2561,-10.7977,37.784365,-122.412445,1993.03,58.80
23.0200,1054.0609,614.2460,1993.0529,58.6901,1.7199,3.2598,23.7170,4.0626,78.6333,0.7613,0.1369,0.1570,0.6141,58.8039,3.1812,1.6786,-0.0074,-0.0131,-0.0351,0.2561,-10.7950,37.784367,-122.412432,1993.04,58.80
23.0400,1054.2867,615.4002,1993.0627,58.6920,1.7173,3.2578,23.6830,4.0615,78.7172,0.7609,0.1366,0.1569,0.6147,58.8057,3.1791,1.6760,-0.0074,-0.0131,-0.0350,0.2562,-10.7922,37.784369,-122.412419,1993.05,58.80
23.0600,1054.5108,616.5548,1993.0726,58.6940,1.7147,3.2557,23.6488,4.0604,78.8010,0.7605,0.1362,0.1568,0.6153,58.8074,3.1770,1.6734,-0.0074,-0.0132,-0.0350,0.2562,-10.7895,37.784371,-122.412406,1993.06,58.81
23.0800,1054.7331,617.7097,1993.0825,58.6959,1.7121,3.2536,23.6144,4.0592,78.8846,0.7601,0.1359,0.1567,0.6159,58.8092,3.1749,1.6708,-0.0073,-0.0132,-0.0349,0.2562,-10.7867,37.784373,-122.412393,1993.07,58.81
23.1000,1054.9538,618.8650,1993.0925,58.6979,1.7095,3.2515,23.5798,4.0581,78.9681,0.7596,0.1356,0.1566,0.6165,58.8110,3.1728,1.6682,-0.0073,-0.0133,-0.0349,0.2563,-10.7840,37.784375,-122.412380,1993.08,58.81
23.1200,1055.1728,620.0207,1993.1025,58.6998,1.7069,3.2494,23.5451,4.0569,79.0514,0.7592,0.1352,0.1565,0.6171,58.8127,3.1706,1.6656,-0.0073,-0.0134,-0.0348,0.2563,-10.7812,37.784377,-122.412367,1993.09,58.81
23.1400,1055.3902,621.1767,1993.1125,58.7018,1.7042,3.2473,23.5102,4.0557,79.1346,0.7588,0.1349,0.1564,0.6177,58.8145,3.1685,1.6630,-0.0073,-0.0134,-0.0348,0.2563,-10.7783,37.784379,-122.412353,1993.10,58.81
23.1600,1055.6058,622.3331,1993.1226,58.7037,1.7016,3.2452,23.4751,4.0545,79.2176,0.7584,0.1345,0.1563,0.6183,58.8162,3.1663,1.6604,-0.0073,-0.0135,-0.0347,0.2563,-10.7755,37.784381,-122.412340,1993.11,58.81
23.1800,1055.8198,623.4898,1993.1328,58.7057,1.6989,3.2430,23.4398,4.0533,79.3005,0.7580,0.1342,0.1562,0.6189,58.8180,3.1641,1.6578,-0.0072,-0.0135,-0.0347,0.2564,-10.7727,37.784383,-122.412327,1993.12,58.82
23.2000,1056.0320,624.6468,1993.1429,58.7076,1.6962,3.2409,23.4043,4.0521,79.3833,0.7576,0.1339,0.1561,0.6195,58.8197,3.1619,1.6551,-0.0072,-0.0136,-0.0346,0.2564,-10.7698,37.784385,-122.412314,1993.13,58.82
23.2200,1056.2426,625.8042,1993.1531,58.7096,1.6935,3.2387,23.3687,4.0509,79.4659,0.7572,0.1335,0.1560,0.6201,58.8215,3.1597,1.6524,-0.0072,-0.0136,-0.0346,0.2564,-10.7669,37.784386,-122.412301,1993.14,58.82
23.2400,1056.4516,626.9620,1993.1634,58.7115,1.6908,3.2366,23.3329,4.0496,79.5484,0.7568,0.1332,0.1559,0.6207,58.8232,3.1575,1.6498,-0.0072,-0.0137,-0.0345,0.2565,-10.7640,37.784388,-122.412288,1993.15,58.82
23.2600,1056.6588,628.1200,1993.1737,58.7135,1.6881,3.2344,23.2969,4.0484,79.6307,0.7564,0.1328,0.1558,0.6213,58.8250,3.1553,1.6471,-0.0072,-0.0137,-0.0345,0.2565,-10.7611,37.784390,-122.412275,1993.16,58.82
23.2800,1056.8644,629.2784,1993.1840,58.7154,1.6854,3.2322,23.2608,4.0471,79.7129,0.7560,0.1325,0.1557,0.6219,58.8267,3.1531,1.6444,-0.0071,-0.0138,-0.0344,0.2565,-10.7582,37.784392,-122.412261,1993.17,58.82
23.3000,1057.0683,630.4372,1993.1944,58.7174,1.6826,3.2300,23.2245,4.0458,79.7949,0.7556,0.1322,0.1556,0.6224,58.8285,3.1509,1.6417,-0.0071,-0.0138,-0.0344,0.2566,-10.7552,37.784394,-122.412248,1993.18,58.83
23.3200,1057.2706,631.5962,1993.2048,58.7193,1.6799,3.2278,23.1880,4.0445,79.8768,0.7552,0.1318,0.1554,0.6230,58.8302,3.1486,1.6390,-0.0071,-0.0139,-0.0343,0.2566,-10.7522,37.784396,-122.412235,1993.19,58.83
23.3400,1057.4712,632.7556,1993.2153,58.7213,1.6771,3.2256,23.1513,4.0432,79.9585,0.7548,0.1315,0.1553,0.6236,58.8319,3.1464,1.6363,-0.0071,-0.0139,-0.0343,0.2566,-10.7493,37.784398,-122.412222,1993.20,58.83
23.3600,1057.6701,633.9153,1993.2258,58.7232,1.6744,3.2234,23.1145,4.0419,80.0401,0.7544,0.1311,0.1552,0.6242,58.8337,3.1442,1.6335,-0.0070,-0.0140,-0.0342,0.2566,-10.7463,37.784399,-122.412209,1993.22,58.83
23.3800,1057.8674,635.0754,1993.2363,58.7251,1.6716,3.2212,23.0775,4.0406,80.1215,0.7540,0.1308,0.1551,0.6248,58.8354,3.1419,1.6308,-0.0070,-0.0140,-0.0342,0.2567,-10.7433,37.784401,-122.412196,1993.23,58.83
23.4000,1058.0630,636.2357,1993.2469,58.7271,1.6688,3.2189,23.0403,4.0392,80.2028,0.7536,0.1304,0.1550,0.6254,58.8372,3.1396,1.6280,-0.0070,-0.0141,-0.0341,0.2567,-10.7402,37.784403,-122.412182,1993.24,58.83
23.4200,1058.2570,637.3963,1993.2576,58.7290,1.6660,3.2167,23.0030,4.0379,80.2840,0.7532,0.1301,0.1549,0.6260,58.8389,3.1373,1.6253,-0.0070,-0.0141,-0.0341,0.2567,-10.7372,37.784405,-122.412169,1993.25,58.84
23.4400,1058.4493,638.5573,1993.2682,58.7309,1.6632,3.2144,22.9655,4.0365,80.3650,0.7528,0.1297,0.1547,0.6266,58.8406,3.1351,1.6225,-0.0070,-0.0142,-0.0340,0.2568,-10.7342,37.784406,-122.412156,1993.26,58.84
23.4600,1058.6400,639.7186,1993.2789,58.7329,1.6604,3.2122,22.9278,4.0351,80.4458,0.7524,0.1294,0.1546,0.6271,58.8424,3.1328,1.6197,-0.0069,-0.0142,-0.0340,0.2568,-10.7311,37.784408,-122.412143,1993.27,58.84
23.4800,1058.8290,640.8801,1993.2897,58.7348,1.6575,3.2099,22.8899,4.0337,80.5265,0.7520,0.1290,0.1545,0.6277,58.8441,3.1305,1.6169,-0.0069,-0.0143,-0.0339,0.2568,-10.7280,37.784410,-122.412130,1993.28,58.84
23.5000,1059.0164,642.0420,1993.3005,58.7367,1.6547,3.2077,22.8519,4.0323,80.6070,0.7516,0.1287,0.1544,0.6283,58.8458,3.1282,1.6141,-0.0069,-0.0143,-0.0338,0.2569,-10.7249,37.784412,-122.412116,1993.29,58.84
23.5200,1059.2021,643.2042,1993.3113,58.7387,1.6518,3.2054,22.8137,4.0308,80.6874,0.7512,0.1283,0.1542,0.6289,58.8475,3.1259,1.6113,-0.0069,-0.0144,-0.0338,0.2569,-10.7218,37.784413,-122.412103,1993.30,58.85
23.5400,1059.3862,644.3666,1993.3222,58.7406,1.6490,3.2031,22.7754,4.0294,80.7676,0.7508,0.1280,0.1541,0.6295,58.8493,3.1235,1.6084,-0.0068,-0.0144,-0.0337,0.2569,-10.7187,37.784415,-122.412090,1993.31,58.85
23.5600,1059.5687,645.5294,1993.3331,58.7425,1.6461,3.2008,22.7369,4.0280,80.8477,0.7504,0.1276,0.1540,0.6300,58.8510,3.1212,1.6056,-0.0068,-0.0145,-0.0337,0.2569,-10.7156,37.784417,-122.412077,1993.32,58.85
23.5800,1059.7496,646.6924,1993.3441,58.7445,1.6432,3.1985,22.6982,4.0265,80.9276,0.7500,0.1273,0.1538,0.6306,58.8527,3.1189,1.6027,-0.0068,-0.0145,-0.0336,0.2570,-10.7125,37.784418,-122.412064,1993.33,58.85
23.6000,1059.9288,647.8558,1993.3551,58.7464,1.6403,3.1962,22.6594,4.0250,81.0074,0.7496,0.1269,0.1537,0.6312,58.8544,3.1166,1.5999,-0.0068,-0.0145,-0.0336,0.2570,-10.7093,37.784420,-122.412050,1993.34,58.85
23.6200,1060.1064,649.0194,1993.3661,58.7483,1.6374,3.1939,22.6204,4.0235,81.0870,0.7492,0.1266,0.1536,0.6318,58.8561,3.1142,1.5970,-0.0067,-0.0146,-0.0335,0.2570,-10.7062,37.784422,-122.412037,1993.36,58.85
23.6400,1060.2823,650.1833,1993.3772,58.7502,1.6345,3.1916,22.5812,4.0220,81.1664,0.7488,0.1262,0.1534,0.6324,58.8578,3.1119,1.5941,-0.0067,-0.0146,-0.0335,0.2571,-10.7030,37.784423,-122.412024,1993.37,58.86
23.6600,1060.4567,651.3474,1993.3883,58.7522,1.6315,3.1893,22.5419,4.0205,81.2457,0.7484,0.1259,0.1533,0.6329,58.8596,3.1095,1.5912,-0.0067,-0.0147,-0.0334,0.2571,-10.6999,37.784425,-122.412011,1993.38,58.86
23.6800,1060.6294,652.5119,1993.3995,58.7541,1.6286,3.1869,22.5024,4.0190,81.3249,0.7480,0.1255,0.1531,0.6335,58.8613,3.1072,1.5883,-0.0067,-0.0147,-0.0334,0.2571,-10.6967,37.784426,-122.411997,1993.39,58.86
23.7000,1060.8005,653.6766,1993.4107,58.7560,1.6256,3.1846,22.4628,4.0175,81.4038,0.7476,0.1251,0.1530,0.6341,58.8630,3.1048,1.5854,-0.0067,-0.0148,-0.0333,0.2571,-10.6935,37.784428,-122.411984,1993.40,58.86
23.7200,1060.9701,654.8416,1993.4219,58.7579,1.6227,3.1823,22.4229,4.0159,81.4827,0.7472,0.1248,0.1529,0.6346,58.8647,3.1024,1.5825,-0.0066,-0.0148,-0.0332,0.2572,-10.6903,37.784429,-122.411971,1993.41,58.86
23.7400,1061.1380,656.0069,1993.4332,58.7598,1.6197,3.1799,22.3830,4.0144,81.5613,0.7468,0.1244,0.1527,0.6352,58.8664,3.1001,1.5796,-0.0066,-0.0149,-0.0332,0.2572,-10.6871,37.784431,-122.411958,1993.42,58.86
23.7600,1061.3042,657.1724,1993.4445,58.7618,1.6167,3.1776,22.3429,4.0128,81.6399,0.7464,0.1241,0.1526,0.6358,58.8681,3.0977,1.5766,-0.0066,-0.0149,-0.0331,0.2572,-10.6839,37.784432,-122.411944,1993.43,58.87
23.7800,1061.4689,658.3382,1993.4559,58.7637,1.6137,3.1752,22.3026,4.0113,81.7182,0.7460,0.1237,0.1524,0.6363,58.8698,3.0953,1.5737,-0.0066,-0.0150,-0.0331,0.2572,-10.6806,37.784434,-122.411931,1993.44,58.87
23.8000,1061.6320,659.5042,1993.4673,58.7656,1.6107,3.1729,22.2621,4.0097,81.7964,0.7456,0.1234,0.1523,0.6369,58.8715,3.0929,1.5707,-0.0065,-0.0150,-0.0330,0.2573,-10.6774,37.784435,-122.411918,1993.46,58.87
23.8200,1061.7935,660.6705,1993.4787,58.7675,1.6077,3.1705,22.2216,4.0081,81.8744,0.7452,0.1230,0.1521,0.6375,58.8732,3.0905,1.5678,-0.0065,-0.0151,-0.0330,0.2573,-10.6742,37.784437,-122.411905,1993.47,58.87
23.8400,1061.9534,661.8371,1993.4902,58.7694,1.6047,3.1682,22.1808,4.0065,81.9523,0.7448,0.1226,0.1520,0.6380,58.8749,3.0881,1.5648,-0.0065,-0.0151,-0.0329,0.2573,-10.6709,37.784438,-122.411891,1993.48,58.87
23.8600,1062.1117,663.0039,1993.5017,58.7713,1.6017,3.1658,22.1399,4.0048,82.0300,0.7444,0.1223,0.1518,0.6386,58.8766,3.0857,1.5618,-0.0065,-0.0151,-0.0328,0.2574,-10.6677,37.784440,-122.411878,1993.49,58.87
23.8800,1062.2684,664.1709,1993.5133,58.7732,1.5986,3.1634,22.0988,4.0032,82.1076,0.7441,0.1219,0.1516,0.6392,58.8783,3.0833,1.5588,-0.0065,-0.0152,-0.0328,0.2574,-10.6644,37.784441,-122.411865,1993.50,58.88
23.9000,1062.4236,665.3382,1993.5249,58.7752,1.5956,3.1611,22.0576,4.0016,82.1850,0.7437,0.1216,0.1515,0.6397,58.8800,3.0809,1.5558,-0.0064,-0.0152,-0.0327,0.2574,-10.6611,37.784443,-122.411852,1993.51,58.88
23.9200,1062.5771,666.5058,1993.5366,58.7771,1.5925,3.1587,22.0163,3.9999,82.2622,0.7433,0.1212,0.1513,0.6403,58.8817,3.0785,1.5528,-0.0064,-0.0153,-0.0327,0.2574,-10.6579,37.784444,-122.411838,1993.52,58.88
23.9400,1062.7291,667.6735,1993.5482,58.7790,1.5894,3.1563,21.9747,3.9983,82.3393,0.7429,0.1208,0.1512,0.6408,58.8834,3.0761,1.5497,-0.0064,-0.0153,-0.0326,0.2575,-10.6546,37.784445,-122.411825,1993.54,58.88
23.9600,1062.8795,668.8415,1993.5600,58.7809,1.5863,3.1539,21.9331,3.9966,82.4162,0.7425,0.1205,0.1510,0.6414,58.8851,3.0737,1.5467,-0.0064,-0.0154,-0.0325,0.2575,-10.6513,37.784447,-122.411812,1993.55,58.88
23.9800,1063.0283,670.0098,1993.5717,58.7828,1.5832,3.1515,21.8912,3.9949,82.4930,0.7421,0.1201,0.1508,0.6419,58.8868,3.0713,1.5437,-0.0063,-0.0154,-0.0325,0.2575,-10.6480,37.784448,-122.411799,1993.56,58.88
24.0000,1063.1755,671.1783,1993.5835,58.7847,1.5801,3.1491,21.8493,3.9932,82.5695,0.7417,0.1198,0.1507,0.6425,58.8885,3.0689,1.5406,-0.0063,-0.0155,-0.0324,0.2575,-10.6447,37.784449,-122.411785,1993.57,58.89
24.0200,1063.3212,672.3470,1993.5954,58.7866,1.5770,3.1467,21.8071,3.9915,82.6460,0.7413,0.1194,0.1505,0.6430,58.8902,3.0664,1.5375,-0.0063,-0.0155,-0.0324,0.2576,-10.6414,37.784451,-122.411772,1993.58,58.89
24.0400,1063.4653,673.5159,1993.6073,58.7885,1.5739,3.1443,21.7649,3.9898,82.7222,0.7410,0.1190,0.1503,0.6436,58.8919,3.0640,1.5345,-0.0063,-0.0155,-0.0323,0.2576,-10.6381,37.784452,-122.411759,1993.60,58.89
24.0600,1063.6079,674.6851,1993.6192,58.7904,1.5708,3.1419,21.7224,3.9881,82.7983,0.7406,0.1187,0.1502,0.6441,58.8936,3.0616,1.5314,-0.0062,-0.0156,-0.0322,0.2576,-10.6348,37.784453,-122.411745,1993.61,58.89
24.0800,1063.7489,675.8545,1993.6312,58.7923,1.5676,3.1395,21.6799,3.9864,82.8742,0.7402,0.1183,0.1500,0.6447,58.8952,3.0592,1.5283,-0.0062,-0.0156,-0.0322,0.2577,-10.6314,37.784455,-122.411732,1993.62,58.89
24.1000,1063.8883,677.0241,1993.6432,58.7942,1.5645,3.1371,21.6372,3.9847,82.9500,0.7398,0.1179,0.1498,0.6452,58.8969,3.0567,1.5252,-0.0062,-0.0157,-0.0321,0.2577,-10.6281,37.784456,-122.411719,1993.63,58.89
24.1200,1064.0262,678.1939,1993.6552,58.7961,1.5613,3.1347,21.5943,3.9829,83.0256,0.7394,0.1176,0.1496,0.6458,58.8986,3.0543,1.5221,-0.0062,-0.0157,-0.0321,0.2577,-10.6248,37.784457,-122.411706,1993.64,58.90
24.1400,1064.1626,679.3640,1993.6673,58.7980,1.5581,3.1323,21.5513,3.9811,83.1010,0.7390,0.1172,0.1495,0.6463,58.9003,3.0518,1.5189,-0.0061,-0.0157,-0.0320,0.2577,-10.6214,37.784458,-122.411692,1993.66,58.90
24.1600,1064.2974,680.5342,1993.6794,58.7999,1.5549,3.1299,21.5081,3.9794,83.1763,0.7387,0.1168,0.1493,0.6469,58.9020,3.0494,1.5158,-0.0061,-0.0158,-0.0319,0.2578,-10.6181,37.784460,-122.411679,1993.67,58.90
24.1800,1064.4306,681.7047,1993.6916,58.8018,1.5517,3.1275,21.4648,3.9776,83.2514,0.7383,0.1165,0.1491,0.6474,58.9037,3.0470,1.5127,-0.0061,-0.0158,-0.0319,0.2578,-10.6147,37.784461,-122.411666,1993.68,58.90
24.2000,1064.5623,682.8754,1993.7038,58.8037,1.5485,3.1250,21.4214,3.9758,83.3263,0.7379,0.1161,0.1489,0.6480,58.9053,3.0445,1.5095,-0.0061,-0.0159,-0.0318,0.2578,-10.6114,37.784462,-122.411652,1993.69,58.90
24.2200,1064.6925,684.0463,1993.7160,58.8056,1.5453,3.1226,21.3778,3.9740,83.4011,0.7375,0.1157,0.1488,0.6485,58.9070,3.0420,1.5064,-0.0061,-0.0159,-0.0318,0.2578,-10.6080,37.784463,-122.411639,1993.70,58.90
24.2400,1064.8211,685.2174,1993.7283,58.8075,1.5421,3.1202,21.3340,3.9722,83.4757,0.7371,0.1154,0.1486,0.6490,58.9087,3.0396,1.5032,-0.0060,-0.0160,-0.0317,0.2579,-10.6047,37.784464,-122.411626,1993.72,58.91
24.2600,1064.9483,686.3886,1993.7406,58.8093,1.5389,3.1178,21.2902,3.9704,83.5501,0.7368,0.1150,0.1484,0.6496,58.9104,3.0371,1.5000,-0.0060,-0.0160,-0.0316,0.2579,-10.6013,37.784465,-122.411613,1993.73,58.91
24.2800,1065.0738,687.5601,1993.7529,58.8112,1.5356,3.1153,21.2461,3.9686,83.6244,0.7364,0.1146,0.1482,0.6501,58.9120,3.0347,1.4968,-0.0060,-0.0160,-0.0316,0.2579,-10.5979,37.784467,-122.411599,1993.74,58.91
24.3000,1065.1979,688.7318,1993.7653,58.8131,1.5324,3.1129,21.2020,3.9667,83.6985,0.7360,0.1143,0.1480,0.6506,58.9137,3.0322,1.4936,-0.0060,-0.0161,-0.0315,0.2579,-10.5945,37.784468,-122.411586,1993.75,58.91
24.3200,1065.3205,689.9037,1993.7777,58.8150,1.5291,3.1104,21.1577,3.9649,83.7724,0.7356,0.1139,0.1478,0.6512,58.9154,3.0297,1.4904,-0.0059,-0.0161,-0.0315,0.2580,-10.5911,37.784469,-122.411573,1993.77,58.91
24.3400,1065.4415,691.0757,1993.7902,58.8169,1.5259,3.1080,21.1132,3.9630,83.8461,0.7352,0.1135,0.1476,0.6517,58.9170,3.0273,1.4872,-0.0059,-0.0162,-0.0314,0.2580,-10.5877,37.784470,-122.411559,1993.78,58.91
24.3600,1065.5610,692.2480,1993.8027,58.8188,1.5226,3.1055,21.0687,3.9612,83.9197,0.7349,0.1132,0.1474,0.6522,58.9187,3.0248,1.4840,-0.0059,-0.0162,-0.0313,0.2580,-10.5843,37.784471,-122.411546,1993.79,58.92
24.3800,1065.6790,693.4204,1993.8153,58.8207,1.5193,3.1031,21.0240,3.9593,83.9931,0.7345,0.1128,0.1472,0.6528,58.9204,3.0223,1.4808,-0.0059,-0.0162,-0.0313,0.2580,-10.5809,37.784472,-122.411533,1993.80,58.92
24.4000,1065.7955,694.5930,1993.8278,58.8225,1.5160,3.1006,20.9791,3.9574,84.0664,0.7341,0.1124,0.1470,0.6533,58.9220,3.0198,1.4775,-0.0058,-0.0163,-0.0312,0.2581,-10.5775,37.784473,-122.411519,1993.82,58.92
24.4200,1065.9105,695.7658,1993.8405,58.8244,1.5127,3.0982,20.9341,3.9555,84.1394,0.7337,0.1120,0.1468,0.6538,58.9237,3.0174,1.4743,-0.0058,-0.0163,-0.0311,0.2581,-10.5741,37.784474,-122.411506,1993.83,58.92
24.4400,1066.0240,696.9388,1993.8531,58.8263,1.5094,3.0957,20.8890,3.9536,84.2123,0.7334,0.1117,0.1466,0.6544,58.9254,3.0149,1.4710,-0.0058,-0.0163,-0.0311,0.2581,-10.5707,37.784475,-122.411493,1993.84,58.92
24.4600,1066.1360,698.1120,1993.8658,58.8282,1.5060,3.0932,20.8437,3.9517,84.2851,0.7330,0.1113,0.1464,0.6549,58.9270,3.0124,1.4677,-0.0058,-0.0164,-0.0310,0.2581,-10.5672,37.784476,-122.411479,1993.85,58.92
24.4800,1066.2465,699.2853,1993.8785,58.8301,1.5027,3.0908,20.7983,3.9498,84.3576,0.7326,0.1109,0.1462,0.6554,58.9287,3.0099,1.4645,-0.0057,-0.0164,-0.0309,0.2582,-10.5638,37.784477,-122.411466,1993.87,58.93
24.5000,1066.3555,700.4588,1993.8913,58.8319,1.4994,3.0883,20.7528,3.9478,84.4300,0.7323,0.1106,0.1460,0.6559,58.9304,3.0074,1.4612,-0.0057,-0.0165,-0.0309,0.2582,-10.5604,37.784478,-122.411453,1993.88,58.93
24.5200,1066.4630,701.6325,1993.9041,58.8338,1.4960,3.0858,20.7071,3.9459,84.5022,0.7319,0.1102,0.1458,0.6565,58.9320,3.0049,1.4579,-0.0057,-0.0165,-0.0308,0.2582,-10.5569,37.784479,-122.411439,1993.89,58.93
24.5400,1066.5690,702.8063,1993.9170,58.8357,1.4927,3.0834,20.6613,3.9439,84.5742,0.7315,0.1098,0.1456,0.6570,58.9337,3.0024,1.4546,-0.0057,-0.0165,-0.0307,0.2582,-10.5535,37.784480,-122.411426,1993.90,58.93
24.5600,1066.6736,703.9803,1993.9298,58.8376,1.4893,3.0809,20.6154,3.9419,84.6461,0.7311,0.1094,0.1454,0.6575,58.9353,2.9999,1.4513,-0.0056,-0.0166,-0.0307,0.2582,-10.5500,37.784481,-122.411413,1993.92,58.93
24.5800,1066.7767,705.1545,1993.9427,58.8395,1.4859,3.0784,20.5693,3.9400,84.7177,0.7308,0.1091,0.1452,0.6580,58.9370,2.9974,1.4480,-0.0056,-0.0166,-0.0306,0.2583,-10.5466,37.784482,-122.411399,1993.93,58.93
24.6000,1066.8783,706.3288,1993.9557,58.8413,1.4825,3.0759,20.5231,3.9380,84.7892,0.7304,0.1087,0.1450,0.6585,58.9387,2.9949,1.4446,-0.0056,-0.0166,-0.0306,0.2583,-10.5431,37.784483,-122.411386,1993.94,58.94
24.6200,1066.9784,707.5033,1993.9687,58.8432,1.4791,3.0734,20.4768,3.9360,84.8606,0.7300,0.1083,0.1448,0.6591,58.9403,2.9924,1.4413,-0.0056,-0.0167,-0.0305,0.2583,-10.5396,37.784484,-122.411373,1993.96,58.94
24.6400,1067.0771,708.6779,1993.9817,58.8451,1.4757,3.0709,20.4303,3.9340,84.9317,0.7297,0.1079,0.1446,0.6596,58.9420,2.9899,1.4380,-0.0056,-0.0167,-0.0304,0.2583,-10.5362,37.784485,-122.411359,1993.97,58.94
24.6600,1067.1743,709.8527,1993.9948,58.8469,1.4723,3.0684,20.3837,3.9319,85.0027,0.7293,0.1076,0.1444,0.6601,58.9436,2.9874,1.4346,-0.0055,-0.0167,-0.0304,0.2584,-10.5327,37.784486,-122.411346,1993.98,58.94
24.6800,1067.2701,711.0277,1994.0079,58.8488,1.4689,3.0659,20.3370,3.9299,85.0735,0.7289,0.1072,0.1442,0.6606,58.9453,2.9849,1.4312,-0.0055,-0.0168,-0.0303,0.2584,-10.5292,37.784487,-122.411333,1993.99,58.94
24.7000,1067.3644,712.2028,1994.0210,58.8507,1.4654,3.0634,20.2902,3.9279,85.1441,0.7286,0.1068,0.1439,0.6611,58.9469,2.9823,1.4279,-0.0055,-0.0168,-0.0302,0.2584,-10.5257,37.784487,-122.411319,1994.01,58.94
24.7200,1067.4572,713.3781,1994.0342,58.8526,1.4620,3.0609,20.2432,3.9258,85.2146,0.7282,0.1064,0.1437,0.6616,58.9486,2.9798,1.4245,-0.0055,-0.0169,-0.0302,0.2584,-10.5222,37.784488,-122.411306,1994.02,58.94
24.7400,1067.5486,714.5534,1994.0474,58.8544,1.4586,3.0584,20.1961,3.9237,85.2848,0.7278,0.1061,0.1435,0.6621,58.9502,2.9773,1.4211,-0.0054,-0.0169,-0.0301,0.2585,-10.5187,37.784489,-122.411292,1994.03,58.95
24.7600,1067.6386,715.7290,1994.0606,58.8563,1.4551,3.0559,20.1489,3.9217,85.3549,0.7275,0.1057,0.1433,0.6626,58.9519,2.9748,1.4177,-0.0054,-0.0169,-0.0300,0.2585,-10.5152,37.784490,-122.411279,1994.05,58.95
24.7800,1067.7271,716.9047,1994.0739,58.8582,1.4516,3.0534,20.1015,3.9196,85.4249,0.7271,0.1053,0.1431,0.6631,58.9535,2.9722,1.4143,-0.0054,-0.0170,-0.0300,0.2585,-10.5117,37.784491,-122.411266,1994.06,58.95
24.8000,1067.8141,718.0805,1994.0872,58.8600,1.4482,3.0509,20.0541,3.9175,85.4946,0.7268,0.1049,0.1428,0.6636,58.9552,2.9697,1.4109,-0.0054,-0.0170,-0.0299,0.2585,-10.5082,37.784492,-122.411252,1994.07,58.95
24.8200,1067.8998,719.2565,1994.1006,58.8619,1.4447,3.0484,20.0065,3.9154,85.5641,0.7264,0.1046,0.1426,0.6641,58.9568,2.9672,1.4075,-0.0053,-0.0170,-0.0298,0.2585,-10.5046,37.784492,-122.411239,1994.09,58.95
24.8400,1067.9840,720.4326,1994.1140,58.8637,1.4412,3.0459,19.9588,3.9133,85.6335,0.7260,0.1042,0.1424,0.6646,58.9585,2.9646,1.4041,-0.0053,-0.0171,-0.0298,0.2586,-10.5011,37.784493,-122.411226,1994.10,58.95
24.8600,1068.0668,721.6088,1994.1274,58.8656,1.4377,3.0434,19.9109,3.9111,85.7027,0.7257,0.1038,0.1421,0.6651,58.9601,2.9621,1.4006,-0.0053,-0.0171,-0.0297,0.2586,-10.4976,37.784494,-122.411212,1994.11,58.96
24.8800,1068.1481,722.7852,1994.1409,58.8675,1.4342,3.0408,19.8630,3.9090,85.7717,0.7253,0.1034,0.1419,0.6656,58.9618,2.9596,1.3972,-0.0053,-0.0171,-0.0296,0.2586,-10.4941,37.784495,-122.411199,1994.13,58.96
24.9000,1068.2281,723.9617,1994.1543,58.8693,1.4307,3.0383,19.8149,3.9069,85.8406,0.7250,0.1031,0.1417,0.6661,58.9634,2.9570,1.3937,-0.0052,-0.0172,-0.0296,0.2586,-10.4905,37.784495,-122.411186,1994.14,58.96
24.9200,1068.3066,725.1383,1994.1679,58.8712,1.4271,3.0358,19.7667,3.9047,85.9092,0.7246,0.1027,0.1415,0.6666,58.9650,2.9545,1.3903,-0.0052,-0.0172,-0.0295,0.2587,-10.4870,37.784496,-122.411172,1994.15,58.96
24.9400,1068.3837,726.3150,1994.1814,58.8731,1.4236,3.0333,19.7183,3.9025,85.9777,0.7242,0.1023,0.1412,0.6671,58.9667,2.9519,1.3868,-0.0052,-0.0172,-0.0294,0.2587,-10.4834,37.784497,-122.411159,1994.17,58.96
24.9600,1068.4594,727.4919,1994.1950,58.8749,1.4201,3.0307,19.6699,3.9004,86.0460,0.7239,0.1019,0.1410,0.6676,58.9683,2.9494,1.3834,-0.0052,-0.0173,-0.0293,0.2587,-10.4799,37.784497,-122.411145,1994.18,58.96
24.9800,1068.5337,728.6689,1994.2087,58.8768,1.4165,3.0282,19.6213,3.8982,86.1141,0.7235,0.1015,0.1408,0.6681,58.9700,2.9469,1.3799,-0.0051,-0.0173,-0.0293,0.2587,-10.4764,37.784498,-122.411132,1994.20,58.97
25.0000,1068.6066,729.8460,1994.2223,58.8786,1.4130,3.0257,19.5726,3.8960,86.1821,0.7232,0.1012,0.1405,0.6686,58.9716,2.9443,1.3764,-0.0051,-0.0173,-0.0292,0.2587,-10.4728,37.784499,-122.411119,1994.21,58.97
25.0200,1068.6781,731.0232,1994.2360,58.8805,1.4094,3.0232,19.5238,3.8938,86.2498,0.7228,0.1008,0.1403,0.6691,58.9733,2.9418,1.3729,-0.0051,-0.0174,-0.0291,0.2588,-10.4692,37.784499,-122.411105,1994.22,58.97
25.0400,1068.7482,732.2006,1994.2497,58.8823,1.4058,3.0206,19.4749,3.8916,86.3174,0.7225,0.1004,0.1400,0.6696,58.9749,2.9392,1.3694,-0.0051,-0.0174,-0.0291,0.2588,-10.4657,37.784500,-122.411092,1994.24,58.97
25.0600,1068.8169,733.3781,1994.2635,58.8842,1.4022,3.0181,19.4259,3.8893,86.3848,0.7221,0.1000,0.1398,0.6701,58.9765,2.9367,1.3659,-0.0050,-0.0174,-0.0290,0.2588,-10.4621,37.784501,-122.411079,1994.25,58.97
25.0800,1068.8842,734.5556,1994.2773,58.8861,1.3986,3.0156,19.3768,3.8871,86.4520,0.7218,0.0997,0.1396,0.6706,58.9782,2.9341,1.3624,-0.0050,-0.0174,-0.0289,0.2588,-10.4586,37.784501,-122.411065,1994.26,58.97
25.1000,1068.9501,735.7333,1994.2911,58.8879,1.3950,3.0130,19.3275,3.8848,86.5190,0.7214,0.0993,0.1393,0.6710,58.9798,2.9316,1.3588,-0.0050,-0.0175,-0.0289,0.2588,-10.4550,37.784502,-122.411052,1994.28,58.98
25.1200,1069.0147,736.9111,1994.3050,58.8898,1.3914,3.0105,19.2781,3.8826,86.5859,0.7211,0.0989,0.1391,0.6715,58.9814,2.9290,1.3553,-0.0050,-0.0175,-0.0288,0.2589,-10.4514,37.784503,-122.411038,1994.29,58.98
25.1400,1069.0778,738.0890,1994.3189,58.8916,1.3878,3.0080,19.2286,3.8803,86.6525,0.7207,0.0985,0.1388,0.6720,58.9831,2.9265,1.3518,-0.0050,-0.0175,-0.0287,0.2589,-10.4479,37.784503,-122.411025,1994.31,58.98
25.1600,1069.1397,739.2670,1994.3328,58.8935,1.3842,3.0054,19.1790,3.8780,86.7190,0.7204,0.0981,0.1386,0.6725,58.9847,2.9239,1.3482,-0.0049,-0.0176,-0.0287,0.2589,-10.4443,37.784504,-122.411012,1994.32,58.98
25.1800,1069.2001,740.4451,1994.3468,58.8953,1.3806,3.0029,19.1293,3.8758,86.7853,0.7200,0.0978,0.1383,0.6730,58.9864,2.9214,1.3447,-0.0049,-0.0176,-0.0286,0.2589,-10.4407,37.784504,-122.410998,1994.33,58.98
25.2000,1069.2592,741.6234,1994.3608,58.8972,1.3769,3.0004,19.0795,3.8735,86.8514,0.7197,0.0974,0.1381,0.6735,58.9880,2.9188,1.3411,-0.0049,-0.0176,-0.0285,0.2589,-10.4372,37.784505,-122.410985,1994.35,58.98
25.2200,1069.3169,742.8017,1994.3748,58.8990,1.3733,2.9978,19.0296,3.8712,86.9173,0.7193,0.0970,0.1378,0.6739,58.9896,2.9163,1.3375,-0.0049,-0.0177,-0.0284,0.2590,-10.4336,37.784505,-122.410971,1994.36,58.99
25.2400,1069.3732,743.9801,1994.3889,58.9009,1.3696,2.9953,18.9795,3.8689,86.9831,0.7190,0.0966,0.1376,0.6744,58.9913,2.9137,1.3339,-0.0048,-0.0177,-0.0284,0.2590,-10.4300,37.784506,-122.410958,1994.37,58.99
25.2600,1069.4282,745.1586,1994.4030,58.9027,1.3660,2.9928,18.9294,3.8665,87.0486,0.7186,0.0962,0.1373,0.6749,58.9929,2.9112,1.3304,-0.0048,-0.0177,-0.0283,0.2590,-10.4265,37.784506,-122.410945,1994.39,58.99
25.2800,1069.4819,746.3372,1994.4171,58.9046,1.3623,2.9902,18.8791,3.8642,87.1140,0.7183,0.0959,0.1371,0.6754,58.9945,2.9086,1.3268,-0.0048,-0.0177,-0.0282,0.2590,-10.4229,37.784507,-122.410931,1994.40,58.99
25.3000,1069.5342,747.5159,1994.4312,58.9064,1.3586,2.9877,18.8288,3.8619,87.1792,0.7179,0.0955,0.1368,0.6758,58.9962,2.9061,1.3232,-0.0048,-0.0178,-0.0282,0.2590,-10.4193,37.784507,-122.410918,1994.42,58.99
25.3200,1069.5852,748.6947,1994.4454,58.9083,1.3550,2.9852,18.7783,3.8595,87.2442,0.7176,0.0951,0.1365,0.6763,58.9978,2.9035,1.3196,-0.0047,-0.0178,-0.0281,0.2590,-10.4158,37.784508,-122.410904,1994.43,58.99
25.3400,1069.6348,749.8735,1994.4597,58.9101,1.3513,2.9826,18.7277,3.8572,87.3090,0.7173,0.0947,0.1363,0.6768,58.9994,2.9010,1.3159,-0.0047,-0.0178,-0.0280,0.2591,-10.4122,37.784508,-122.410891,1994.45,59.00
25.3600,1069.6831,751.0525,1994.4739,58.9120,1.3476,2.9801,18.6770,3.8548,87.3736,0.7169,0.0944,0.1360,0.6772,59.0011,2.8984,1.3123,-0.0047,-0.0179,-0.0279,0.2591,-10.4086,37.784509,-122.410878,1994.46,59.00
25.3800,1069.7301,752.2316,1994.4882,58.9138,1.3439,2.9776,18.6262,3.8524,87.4381,0.7166,0.0940,0.1358,0.6777,59.0027,2.8959,1.3087,-0.0047,-0.0179,-0.0279,0.2591,-10.4051,37.784509,-122.410864,1994.47,59.00
25.4000,1069.7757,753.4107,1994.5025,58.9157,1.3402,2.9751,18.5754,3.8500,87.5023,0.7162,0.0936,0.1355,0.6782,59.0043,2.8933,1.3051,-0.0046,-0.0179,-0.0278,0.2591,-10.4015,37.784510,-122.410851,1994.49,59.00
25.4200,1069.8200,754.5899,1994.5168,58.9175,1.3364,2.9725,18.5244,3.8477,87.5664,0.7159,0.0932,0.1352,0.6786,59.0060,2.8908,1.3014,-0.0046,-0.0179,-0.0277,0.2591,-10.3979,37.784510,-122.410837,1994.50,59.00
25.4400,1069.8630,755.7692,1994.5312,58.9194,1.3327,2.9700,18.4733,3.8453,87.6303,0.7155,0.0928,0.1350,0.6791,59.0076,2.8883,1.2978,-0.0046,-0.0180,-0.0276,0.2592,-10.3944,37.784510,-122.410824,1994.52,59.00
25.4600,1069.9047,756.9486,1994.5456,58.9212,1.3290,2.9675,18.4221,3.8429,87.6940,0.7152,0.0924,0.1347,0.6795,59.0092,2.8857,1.2941,-0.0046,-0.0180,-0.0276,0.2592,-10.3908,37.784511,-122.410811,1994.53,59.00
25.4800,1069.9451,758.1280,1994.5600,58.9230,1.3252,2.9650,18.3708,3.8404,87.7575,0.7149,0.0921,0.1344,0.6800,59.0108,2.8832,1.2905,-0.0046,-0.0180,-0.0275,0.2592,-10.3873,37.784511,-122.410797,1994.55,59.01
25.5000,1069.9841,759.3076,1994.5745,58.9249,1.3215,2.9624,18.3194,3.8380,87.8209,0.7145,0.0917,0.1342,0.6805,59.0125,2.8806,1.2868,-0.0045,-0.0180,-0.0274,0.2592,-10.3837,37.784511,-122.410784,1994.56,59.01
25.5200,1070.0219,760.4872,1994.5890,58.9267,1.3177,2.9599,18.2678,3.8356,87.8840,0.7142,0.0913,0.1339,0.6809,59.0141,2.8781,1.2831,-0.0045,-0.0181,-0.0274,0.2592,-10.3802,37.784512,-122.410770,1994.57,59.01
25.5400,1070.0584,761.6668,1994.6035,58.9286,1.3140,2.9574,18.2162,3.8332,87.9469,0.7139,0.0909,0.1336,0.6814,59.0157,2.8756,1.2794,-0.0045,-0.0181,-0.0273,0.2592,-10.3766,37.784512,-122.410757,1994.59,59.01
25.5600,1070.0935,762.8466,1994.6181,58.9304,1.3102,2.9549,18.1645,3.8307,88.0097,0.7135,0.0905,0.1333,0.6818,59.0174,2.8731,1.2757,-0.0045,-0.0181,-0.0272,0.2593,-10.3731,37.784512,-122.410744,1994.60,59.01
25.5800,1070.1274,764.0264,1994.6326,58.9323,1.3064,2.9524,18.1127,3.8283,88.0723,0.7132,0.0902,0.1331,0.6823,59.0190,2.8705,1.2720,-0.0044,-0.0181,-0.0271,0.2593,-10.3695,37.784513,-122.410730,1994.62,59.01
25.6000,1070.1600,765.2063,1994.6472,58.9341,1.3026,2.9499,18.0609,3.8258,88.1347,0.7129,0.0898,0.1328,0.6827,59.0206,2.8680,1.2683,-0.0044,-0.0182,-0.0271,0.2593,-10.3660,37.784513,-122.410717,1994.63,59.02
25.6200,1070.1913,766.3863,1994.6619,58.9359,1.2988,2.9474,18.0089,3.8233,88.1969,0.7125,0.0894,0.1325,0.6832,59.0222,2.8655,1.2646,-0.0044,-0.0182,-0.0270,0.2593,-10.3624,37.784513,-122.410703,1994.65,59.02
25.6400,1070.2213,767.5663,1994.6765,58.9378,1.2950,2.9449,17.9568,3.8209,88.2589,0.7122,0.0890,0.1322,0.6836,59.0239,2.8630,1.2609,-0.0044,-0.0182,-0.0269,0.2593,-10.3589,37.784514,-122.410690,1994.66,59.02
25.6600,1070.2501,768.7464,1994.6912,58.9396,1.2912,2.9424,17.9046,3.8184,88.3207,0.7119,0.0886,0.1320,0.6841,59.0255,2.8604,1.2572,-0.0043,-0.0182,-0.0268,0.2593,-10.3554,37.784514,-122.410677,1994.68,59.02
25.6800,1070.2775,769.9265,1994.7059,58.9415,1.2874,2.9399,17.8523,3.8159,88.3824,0.7115,0.0883,0.1317,0.6845,59.0271,2.8579,1.2535,-0.0043,-0.0183,-0.0268,0.2594,-10.3518,37.784514,-122.410663,1994.69,59.02
25.7000,1070.3038,771.1067,1994.7207,58.9433,1.2836,2.9374,17.7999,3.8134,88.4438,0.7112,0.0879,0.1314,0.6850,59.0288,2.8554,1.2497,-0.0043,-0.0183,-0.0267,0.2594,-10.3483,37.784514,-122.410650,1994.71,59.02
25.7200,1070.3287,772.2870,1994.7355,58.9451,1.2798,2.9349,17.7475,3.8109,88.5051,0.7109,0.0875,0.1311,0.6854,59.0304,2.8529,1.2460,-0.0043,-0.0183,-0.0266,0.2594,-10.3448,37.784515,-122.410636,1994.72,59.03
25.7400,1070.3524,773.4673,1994.7503,58.9470,1.2760,2.9324,17.6949,3.8084,88.5661,0.7106,0.0871,0.1308,0.6859,59.0320,2.8504,1.2422,-0.0043,-0.0183,-0.0265,0.2594,-10.3413,37.784515,-122.410623,1994.74,59.03
25.7600,1070.3748,774.6477,1994.7651,58.9488,1.2721,2.9299,17.6423,3.8059,88.6270,0.7102,0.0867,0.1305,0.6863,59.0336,2.8479,1.2385,-0.0042,-0.0184,-0.0265,0.2594,-10.3378,37.784515,-122.410610,1994.75,59.03
25.7800,1070.3960,775.8281,1994.7800,58.9506,1.2683,2.9274,17.5895,3.8034,88.6877,0.7099,0.0864,0.1303,0.6867,59.0353,2.8454,1.2347,-0.0042,-0.0184,-0.0264,0.2594,-10.3343,37.784515,-122.410596,1994.77,59.03
25.8000,1070.4159,777.0086,1994.7948,58.9525,1.2644,2.9249,17.5367,3.8008,88.7482,0.7096,0.0860,0.1300,0.6872,59.0369,2.8429,1.2310,-0.0042,-0.0184,-0.0263,0.2595,-10.3308,37.784516,-122.410583,1994.78,59.03
25.8200,1070.4346,778.1892,1994.8098,58.9543,1.2606,2.9224,17.4838,3.7983,88.8085,0.7093,0.0856,0.1297,0.6876,59.0385,2.8404,1.2272,-0.0042,-0.0184,-0.0262,0.2595,-10.3273,37.784516,-122.410569,1994.79,59.03
25.8400,1070.4521,779.3698,1994.8247,58.9561,1.2567,2.9200,17.4308,3.7958,88.8686,0.7089,0.0852,0.1294,0.6880,59.0402,2.8379,1.2234,-0.0041,-0.0185,-0.0262,0.2595,-10.3238,37.784516,-122.410556,1994.81,59.04
25.8600,1070.4683,780.5504,1994.8397,58.9580,1.2528,2.9175,17.3777,3.7932,88.9286,0.7086,0.0848,0.1291,0.6885,59.0418,2.8354,1.2196,-0.0041,-0.0185,-0.0261,0.2595,-10.3203,37.784516,-122.410542,1994.82,59.04
25.8800,1070.4833,781.7311,1994.8546,58.9598,1.2490,2.9150,17.3245,3.7907,88.9883,0.7083,0.0845,0.1288,0.6889,59.0434,2.8329,1.2158,-0.0041,-0.0185,-0.0260,0.2595,-10.3168,37.784516,-122.410529,1994.84,59.04
25.9000,1070.4970,782.9118,1994.8697,58.9617,1.2451,2.9126,17.2712,3.7881,89.0479,0.7080,0.0841,0.1285,0.6893,59.0450,2.8304,1.2120,-0.0041,-0.0185,-0.0259,0.2595,-10.3133,37.784516,-122.410516,1994.85,59.04
25.9200,1070.5095,784.0926,1994.8847,58.9635,1.2412,2.9101,17.2178,3.7855,89.1072,0.7076,0.0837,0.1282,0.6898,59.0467,2.8280,1.2082,-0.0040,-0.0185,-0.0259,0.2595,-10.3098,37.784516,-122.410502,1994.87,59.04
25.9400,1070.5208,785.2735,1994.8998,58.9653,1.2373,2.9076,17.1644,3.7830,89.1664,0.7073,0.0833,0.1279,0.6902,59.0483,2.8255,1.2044,-0.0040,-0.0186,-0.0258,0.2596,-10.3063,37.784517,-122.410489,1994.88,59.04
25.9600,1070.5309,786.4543,1994.9149,58.9672,1.2334,2.9052,17.1109,3.7804,89.2254,0.7070,0.0829,0.1276,0.6906,59.0499,2.8230,1.2006,-0.0040,-0.0186,-0.0257,0.2596,-10.3029,37.784517,-122.410475,1994.90,59.05
25.9800,1070.5398,787.6353,1994.9300,58.9690,1.2295,2.9027,17.0573,3.7778,89.2842,0.7067,0.0826,0.1273,0.6910,59.0516,2.8205,1.1968,-0.0040,-0.0186,-0.0256,0.2596,-10.2994,37.784517,-122.410462,1994.91,59.05
26.0000,1070.5475,788.8162,1994.9451,58.9708,1.2256,2.9003,17.0036,3.7752,89.3428,0.7064,0.0822,0.1270,0.6915,59.0532,2.8181,1.1930,-0.0040,-0.0186,-0.0256,0.2596,-10.2959,37.784517,-122.410449,1994.93,59.05
26.0200,1070.5539,789.9972,1994.9603,58.9727,1.2216,2.8978,16.9498,3.7726,89.4012,0.7061,0.0818,0.1267,0.6919,59.0548,2.8156,1.1891,-0.0039,-0.0186,-0.0255,0.2596,-10.2925,37.784517,-122.410435,1994.95,59.05
26.0400,1070.5592,791.1783,1994.9755,58.9745,1.2177,2.8954,16.8959,3.7700,89.4594,0.7057,0.0814,0.1264,0.6923,59.0565,2.8131,1.1853,-0.0039,-0.0187,-0.0254,0.2596,-10.2890,37.784517,-122.410422,1994.96,59.05
26.0600,1070.5633,792.3593,1994.9907,58.9763,1.2138,2.8929,16.8420,3.7674,89.5174,0.7054,0.0810,0.1261,0.6927,59.0581,2.8107,1.1815,-0.0039,-0.0187,-0.0253,0.2596,-10.2856,37.784517,-122.410408,1994.98,59.05
26.0800,1070.5662,793.5404,1995.0059,58.9782,1.2098,2.8905,16.7880,3.7648,89.5752,0.7051,0.0807,0.1258,0.6932,59.0597,2.8082,1.1776,-0.0039,-0.0187,-0.0253,0.2596,-10.2821,37.784517,-122.410395,1994.99,59.05
26.1000,1070.5679,794.7216,1995.0212,58.9800,1.2059,2.8880,16.7339,3.7622,89.6329,0.7048,0.0803,0.1255,0.6936,59.0613,2.8058,1.1738,-0.0038,-0.0187,-0.0252,0.2597,-10.2787,37.784517,-122.410381,1995.01,59.06
26.1200,1070.5684,795.9028,1995.0365,58.9818,1.2019,2.8856,16.6797,3.7595,89.6903,0.7045,0.0799,0.1252,0.6940,59.0630,2.8033,1.1699,-0.0038,-0.0187,-0.0251,0.2597,-10.2753,37.784517,-122.410368,1995.02,59.06
26.1400,1070.5677,797.0840,1995.0518,58.9837,1.1980,2.8832,16.6254,3.7569,89.7476,0.7042,0.0795,0.1249,0.6944,59.0646,2.8009,1.1660,-0.0038,-0.0188,-0.0250,0.2597,-10.2719,37.784517,-122.410355,1995.04,59.06
26.1600,1070.5659,798.2652,1995.0671,58.9855,1.1940,2.8807,16.5711,3.7543,89.8046,0.7039,0.0791,0.1246,0.6948,59.0662,2.7984,1.1622,-0.0038,-0.0188,-0.0249,0.2597,-10.2684,37.784517,-122.410341,1995.05,59.06
26.1800,1070.5629,799.4465,1995.0825,58.9873,1.1901,2.8783,16.5167,3.7516,89.8615,0.7036,0.0788,0.1243,0.6952,59.0679,2.7960,1.1583,-0.0038,-0.0188,-0.0249,0.2597,-10.2650,37.784517,-122.410328,1995.07,59.06
26.2000,1070.5587,800.6278,1995.0979,58.9892,1.1861,2.8759,16.4622,3.7490,89.9182,0.7033,0.0784,0.1240,0.6956,59.0695,2.7936,1.1544,-0.0037,-0.0188,-0.0248,0.2597,-10.2616,37.784517,-122.410314,1995.08,59.06
26.2200,1070.5533,801.8091,1995.1133,58.9910,1.1821,2.8735,16.4076,3.7463,89.9746,0.7029,0.0780,0.1237,0.6960,59.0711,2.7911,1.1505,-0.0037,-0.0188,-0.0247,0.2597,-10.2582,37.784517,-122.410301,1995.10,59.07
26.2400,1070.5468,802.9904,1995.1287,58.9928,1.1781,2.8711,16.3529,3.7437,90.0309,0.7026,0.0776,0.1234,0.6965,59.0728,2.7887,1.1466,-0.0037,-0.0189,-0.0246,0.2597,-10.2548,37.784517,-122.410287,1995.11,59.07
26.2600,1070.5392,804.1718,1995.1441,58.9947,1.1741,2.8687,16.2982,3.7410,90.0870,0.7023,0.0772,0.1231,0.6969,59.0744,2.7863,1.1427,-0.0037,-0.0189,-0.0246,0.2597,-10.2514,37.784517,-122.410274,1995.13,59.07
26.2800,1070.5304,805.3532,1995.1596,58.9965,1.1701,2.8662,16.2434,3.7383,90.1429,0.7020,0.0769,0.1228,0.6973,59.0760,2.7839,1.1388,-0.0036,-0.0189,-0.0245,0.2598,-10.2480,37.784517,-122.410261,1995.14,59.07
26.3000,1070.5204,806.5347,1995.1751,58.9983,1.1661,2.8638,16.1886,3.7356,90.1986,0.7017,0.0765,0.1225,0.6977,59.0777,2.7814,1.1349,-0.0036,-0.0189,-0.0244,0.2598,-10.2446,37.784517,-122.410247,1995.16,59.07
26.3200,1070.5093,807.7161,1995.1906,59.0001,1.1621,2.8614,16.1336,3.7329,90.2541,0.7014,0.0761,0.1221,0.6981,59.0793,2.7790,1.1310,-0.0036,-0.0189,-0.0243,0.2598,-10.2412,37.784517,-122.410234,1995.18,59.07
26.3400,1070.4971,808.8976,1995.2061,59.0020,1.1581,2.8590,16.0786,3.7303,90.3095,0.7011,0.0757,0.1218,0.6985,59.0809,2.7766,1.1271,-0.0036,-0.0189,-0.0242,0.2598,-10.2379,37.784517,-122.410220,1995.19,59.08
26.3600,1070.4837,810.0791,1995.2217,59.0038,1.1541,2.8567,16.0235,3.7276,90.3646,0.7008,0.0753,0.1215,0.6989,59.0826,2.7742,1.1232,-0.0036,-0.0190,-0.0242,0.2598,-10.2345,37.784516,-122.410207,1995.21,59.08
26.3800,1070.4692,811.2606,1995.2373,59.0056,1.1501,2.8543,15.9684,3.7249,90.4195,0.7005,0.0750,0.1212,0.6993,59.0842,2.7718,1.1192,-0.0035,-0.0190,-0.0241,0.2598,-10.2311,37.784516,-122.410193,1995.22,59.08
26.4000,1070.4536,812.4421,1995.2529,59.0075,1.1460,2.8519,15.9132,3.7221,90.4743,0.7002,0.0746,0.1209,0.6997,59.0858,2.7694,1.1153,-0.0035,-0.0190,-0.0240,0.2598,-10.2278,37.784516,-122.410180,1995.24,59.08
26.4200,1070.4369,813.6236,1995.2685,59.0093,1.1420,2.8495,15.8579,3.7194,90.5288,0.6999,0.0742,0.1206,0.7000,59.0875,2.7670,1.1113,-0.0035,-0.0190,-0.0239,0.2598,-10.2244,37.784516,-122.410167,1995.25,59.08
26.4400,1070.4190,814.8052,1995.2841,59.0111,1.1380,2.8471,15.8025,3.7167,90.5831,0.6996,0.0738,0.1202,0.7004,59.0891,2.7646,1.1074,-0.0035,-0.0190,-0.0238,0.2598,-10.2211,37.784516,-122.410153,1995.27,59.08
26.4600,1070.4000,815.9868,1995.2998,59.0130,1.1339,2.8447,15.7471,3.7140,90.6373,0.6993,0.0735,0.1199,0.7008,59.0907,2.7622,1.1035,-0.0035,-0.0190,-0.0238,0.2598,-10.2177,37.784516,-122.410140,1995.28,59.09
26.4800,1070.3799,817.1684,1995.3154,59.0148,1.1299,2.8424,15.6916,3.7113,90.6913,0.6990,0.0731,0.1196,0.7012,59.0924,2.7598,1.0995,-0.0034,-0.0191,-0.0237,0.2599,-10.2144,37.784516,-122.410126,1995.30,59.09
26.5000,1070.3588,818.3500,1995.3311,59.0166,1.1258,2.8400,15.6360,3.7085,90.7450,0.6987,0.0727,0.1193,0.7016,59.0940,2.7574,1.0955,-0.0034,-0.0191,-0.0236,0.2599,-10.2110,37.784515,-122.410113,1995.32,59.09
26.5200,1070.3365,819.5316,1995.3469,59.0185,1.1217,2.8376,15.5804,3.7058,90.7986,0.6984,0.0723,0.1190,0.7020,59.0956,2.7551,1.0916,-0.0034,-0.0191,-0.0235,0.2599,-10.2077,37.784515,-122.410099,1995.33,59.09
26.5400,1070.3131,820.7132,1995.3626,59.0203,1.1177,2.8353,15.5247,3.7030,90.8520,0.6981,0.0719,0.1186,0.7024,59.0973,2.7527,1.0876,-0.0034,-0.0191,-0.0234,0.2599,-10.2044,37.784515,-122.410086,1995.35,59.09
26.5600,1070.2886,821.8948,1995.3783,59.0221,1.1136,2.8329,15.4690,3.7003,90.9051,0.6979,0.0716,0.1183,0.7028,59.0989,2.7503,1.0836,-0.0033,-0.0191,-0.0234,0.2599,-10.2011,37.784515,-122.410073,1995.36,59.09
26.5800,1070.2630,823.0765,1995.3941,59.0240,1.1095,2.8306,15.4131,3.6975,90.9581,0.6976,0.0712,0.1180,0.7032,59.1006,2.7480,1.0797,-0.0033,-0.0191,-0.0233,0.2599,-10.1978,37.784515,-122.410059,1995.38,59.10
26.6000,1070.2364,824.2581,1995.4099,59.0258,1.1055,2.8282,15.3573,3.6948,91.0109,0.6973,0.0708,0.1177,0.7035,59.1022,2.7456,1.0757,-0.0033,-0.0191,-0.0232,0.2599,-10.1945,37.784514,-122.410046,1995.39,59.10
26.6200,1070.2086,825.4398,1995.4257,59.0276,1.1014,2.8259,15.3013,3.6920,91.0635,0.6970,0.0704,0.1173,0.7039,59.1038,2.7432,1.0717,-0.0033,-0.0192,-0.0231,0.2599,-10.1912,37.784514,-122.410032,1995.41,59.10
26.6400,1070.1798,826.6215,1995.4415,59.0294,1.0973,2.8235,15.2453,3.6892,91.1159,0.6967,0.0701,0.1170,0.7043,59.1055,2.7409,1.0677,-0.0033,-0.0192,-0.0230,0.2599,-10.1879,37.784514,-122.410019,1995.43,59.10
26.6600,1070.1500,827.8032,1995.4574,59.0313,1.0932,2.8212,15.1892,3.6864,91.1681,0.6964,0.0697,0.1167,0.7047,59.1071,2.7385,1.0637,-0.0032,-0.0192,-0.0230,0.2599,-10.1846,37.784514,-122.410005,1995.44,59.10
26.6800,1070.1190,828.9848,1995.4732,59.0331,1.0891,2.8189,15.1331,3.6837,91.2201,0.6961,0.0693,0.1163,0.7050,59.1088,2.7362,1.0597,-0.0032,-0.0192,-0.0229,0.2599,-10.1813,37.784513,-122.409992,1995.46,59.10
26.7000,1070.0870,830.1665,1995.4891,59.0349,1.0850,2.8165,15.0769,3.6809,91.2719,0.6958,0.0689,0.1160,0.7054,59.1104,2.7338,1.0557,-0.0032,-0.0192,-0.0228,0.2599,-10.1781,37.784513,-122.409979,1995.47,59.11
26.7200,1070.0539,831.3482,1995.5050,59.0368,1.0809,2.8142,15.0207,3.6781,91.3236,0.6955,0.0685,0.1157,0.7058,59.1121,2.7315,1.0517,-0.0032,-0.0192,-0.0227,0.2599,-10.1748,37.784513,-122.409965,1995.49,59.11
26.7400,1070.0198,832.5299,1995.5209,59.0386,1.0768,2.8119,14.9644,3.6753,91.3750,0.6953,0.0682,0.1153,0.7062,59.1137,2.7292,1.0477,-0.0032,-0.0192,-0.0226,0.2600,-10.1715,37.784512,-122.409952,1995.51,59.11
26.7600,1069.9846,833.7116,1995.5369,59.0404,1.0726,2.8096,14.9080,3.6725,91.4262,0.6950,0.0678,0.1150,0.7065,59.1153,2.7268,1.0437,-0.0031,-0.0192,-0.0226,0.2600,-10.1683,37.784512,-122.409938,1995.52,59.11
26.7800,1069.9484,834.8933,1995.5528,59.0423,1.0685,2.8073,14.8516,3.6697,91.4772,0.6947,0.0674,0.1147,0.7069,59.1170,2.7245,1.0396,-0.0031,-0.0193,-0.0225,0.2600,-10.1651,37.784512,-122.409925,1995.54,59.11
26.8000,1069.9112,836.0750,1995.5688,59.0441,1.0644,2.8050,14.7951,3.6669,91.5281,0.6944,0.0670,0.1143,0.7073,59.1186,2.7222,1.0356,-0.0031,-0.0193,-0.0224,0.2600,-10.1618,37.784512,-122.409911,1995.55,59.11
26.8200,1069.8729,837.2567,1995.5847,59.0459,1.0603,2.8027,14.7386,3.6641,91.5787,0.6941,0.0667,0.1140,0.7076,59.1203,2.7199,1.0316,-0.0031,-0.0193,-0.0223,0.2600,-10.1586,37.784511,-122.409898,1995.57,59.11
26.8400,1069.8335,838.4384,1995.6007,59.0478,1.0561,2.8004,14.6820,3.6612,91.6291,0.6938,0.0663,0.1137,0.7080,59.1219,2.7176,1.0276,-0.0031,-0.0193,-0.0222,0.2600,-10.1554,37.784511,-122.409885,1995.58,59.12
26.8600,1069.7932,839.6201,1995.6168,59.0496,1.0520,2.7981,14.6254,3.6584,91.6794,0.6936,0.0659,0.1133,0.7084,59.1236,2.7153,1.0235,-0.0030,-0.0193,-0.0222,0.2600,-10.1522,37.784510,-122.409871,1995.60,59.12
26.8800,1069.7518,840.8017,1995.6328,59.0514,1.0478,2.7958,14.5687,3.6556,91.7294,0.6933,0.0655,0.1130,0.7087,59.1252,2.7130,1.0195,-0.0030,-0.0193,-0.0221,0.2600,-10.1490,37.784510,-122.409858,1995.62,59.12
26.9000,1069.7094,841.9834,1995.6488,59.0533,1.0437,2.7936,14.5119,3.6528,91.7793,0.6930,0.0652,0.1126,0.7091,59.1269,2.7107,1.0154,-0.0030,-0.0193,-0.0220,0.2600,-10.1458,37.784510,-122.409844,1995.63,59.12
26.9200,1069.6659,843.1651,1995.6649,59.0551,1.0395,2.7913,14.4552,3.6499,91.8289,0.6927,0.0648,0.1123,0.7094,59.1285,2.7084,1.0114,-0.0030,-0.0193,-0.0219,0.2600,-10.1426,37.784509,-122.409831,1995.65,59.12
26.9400,1069.6215,844.3468,1995.6809,59.0570,1.0354,2.7890,14.3983,3.6471,91.8784,0.6925,0.0644,0.1120,0.7098,59.1302,2.7061,1.0073,-0.0030,-0.0193,-0.0218,0.2600,-10.1394,37.784509,-122.409817,1995.66,59.12
26.9600,1069.5761,845.5284,1995.6970,59.0588,1.0312,2.7868,14.3414,3.6442,91.9277,0.6922,0.0640,0.1116,0.7102,59.1318,2.7038,1.0033,-0.0029,-0.0194,-0.0218,0.2600,-10.1362,37.784509,-122.409804,1995.68,59.13
26.9800,1069.5296,846.7101,1995.7131,59.0606,1.0271,2.7845,14.2845,3.6414,91.9767,0.6919,0.0637,0.1113,0.7105,59.1335,2.7016,0.9992,-0.0029,-0.0194,-0.0217,0.2600,-10.1331,37.784508,-122.409791,1995.70,59.13
27.0000,1069.4822,847.8918,1995.7292,59.0625,1.0229,2.7822,14.2275,3.6385,92.0256,0.6916,0.0633,0.1109,0.7109,59.1351,2.6993,0.9952,-0.0029,-0.0194,-0.0216,0.2600,-10.1299,37.784508,-122.409777,1995.71,59.13
27.0200,1069.4337,849.0734,1995.7453,59.0643,1.0187,2.7800,14.1704,3.6357,92.0743,0.6914,0.0629,0.1106,0.7112,59.1368,2.6970,0.9911,-0.0029,-0.0194,-0.0215,0.2600,-10.1268,37.784507,-122.409764,1995.73,59.13
27.0400,1069.3843,850.2551,1995.7615,59.0661,1.0145,2.7778,14.1133,3.6328,92.1228,0.6911,0.0626,0.1102,0.7116,59.1385,2.6948,0.9870,-0.0029,-0.0194,-0.0214,0.2600,-10.1236,37.784507,-122.409750,1995.75,59.13
27.0600,1069.3338,851.4367,1995.7776,59.0680,1.0104,2.7755,14.0562,3.6300,92.1710,0.6908,0.0622,0.1099,0.7119,59.1401,2.6925,0.9830,-0.0028,-0.0194,-0.0213,0.2600,-10.1205,37.784506,-122.409737,1995.76,59.13
27.0800,1069.2824,852.6183,1995.7938,59.0698,1.0062,2.7733,13.9990,3.6271,92.2191,0.6905,0.0618,0.1096,0.7123,59.1418,2.6903,0.9789,-0.0028,-0.0194,-0.0213,0.2600,-10.1174,37.784506,-122.409723,1995.78,59.14
27.1000,1069.2300,853.7999,1995.8100,59.0716,1.0020,2.7711,13.9418,3.6242,92.2670,0.6903,0.0614,0.1092,0.7126,59.1434,2.6880,0.9748,-0.0028,-0.0194,-0.0212,0.2600,-10.1142,37.784506,-122.409710,1995.79,59.14
27.1200,1069.1767,854.9815,1995.8262,59.0735,0.9978,2.7689,13.8845,3.6214,92.3147,0.6900,0.0611,0.1089,0.7130,59.1451,2.6858,0.9707,-0.0028,-0.0194,-0.0211,0.2600,-10.1111,37.784505,-122.409697,1995.81,59.14
27.1400,1069.1223,856.1631,1995.8424,59.0753,0.9936,2.7666,13.8272,3.6185,92.3622,0.6897,0.0607,0.1085,0.7133,59.1468,2.6836,0.9666,-0.0028,-0.0194,-0.0210,0.2600,-10.1081,37.784505,-122.409683,1995.83,59.14
27.1600,1069.0670,857.3447,1995.8586,59.0772,0.9894,2.7644,13.7698,3.6156,92.4095,0.6895,0.0603,0.1082,0.7136,59.1484,2.6813,0.9625,-0.0027,-0.0194,-0.0209,0.2600,-10.1050,37.784504,-122.409670,1995.84,59.14
27.1800,1069.0108,858.5263,1995.8748,59.0790,0.9852,2.7622,13.7124,3.6127,92.4566,0.6892,0.0599,0.1078,0.7140,59.1501,2.6791,0.9584,-0.0027,-0.0195,-0.0208,0.2600,-10.1019,37.784504,-122.409656,1995.86,59.14
27.2000,1068.9535,859.7078,1995.8910,59.0808,0.9810,2.7600,13.6549,3.6099,92.5035,0.6890,0.0596,0.1075,0.7143,59.1517,2.6769,0.9543,-0.0027,-0.0195,-0.0208,0.2600,-10.0988,37.784503,-122.409643,1995.87,59.15
27.2200,1068.8954,860.8894,1995.9073,59.0827,0.9768,2.7579,13.5974,3.6070,92.5502,0.6887,0.0592,0.1071,0.7147,59.1534,2.6747,0.9502,-0.0027,-0.0195,-0.0207,0.2600,-10.0958,37.784503,-122.409629,1995.89,59.15
27.2400,1068.8362,862.0709,1995.9235,59.0845,0.9726,2.7557,13.5399,3.6041,92.5967,0.6884,0.0588,0.1068,0.7150,59.1551,2.6725,0.9461,-0.0027,-0.0195,-0.0206,0.2600,-10.0927,37.784502,-122.409616,1995.91,59.15
27.2600,1068.7762,863.2524,1995.9398,59.0864,0.9684,2.7535,13.4823,3.6012,92.6430,0.6882,0.0585,0.1064,0.7153,59.1567,2.6703,0.9420,-0.0026,-0.0195,-0.0205,0.2600,-10.0897,37.784502,-122.409603,1995.92,59.15
27.2800,1068.7152,864.4339,1995.9561,59.0882,0.9641,2.7513,13.4247,3.5983,92.6891,0.6879,0.0581,0.1060,0.7157,59.1584,2.6681,0.9379,-0.0026,-0.0195,-0.0204,0.2600,-10.0867,37.784501,-122.409589,1995.94,59.15
27.3000,1068.6532,865.6154,1995.9724,59.0900,0.9599,2.7492,13.3671,3.5954,92.7350,0.6876,0.0577,0.1057,0.7160,59.1601,2.6660,0.9338,-0.0026,-0.0195,-0.0203,0.2600,-10.0836,37.784500,-122.409576,1995.96,59.15
27.3200,1068.5903,866.7969,1995.9887,59.0919,0.9557,2.7470,13.3094,3.5925,92.7808,0.6874,0.0573,0.1053,0.7163,59.1617,2.6638,0.9297,-0.0026,-0.0195,-0.0203,0.2600,-10.0806,37.784500,-122.409562,1995.97,59.16
27.3400,1068.5265,867.9783,1996.0050,59.0937,0.9515,2.7449,13.2516,3.5896,92.8263,0.6871,0.0570,0.1050,0.7166,59.1634,2.6616,0.9256,-0.0026,-0.0195,-0.0202,0.2600,-10.0776,37.784499,-122.409549,1995.99,59.16
27.3600,1068.4618,869.1597,1996.0213,59.0956,0.9472,2.7427,13.1939,3.5867,92.8716,0.6869,0.0566,0.1046,0.7170,59.1651,2.6594,0.9214,-0.0025,-0.0195,-0.0201,0.2600,-10.0747,37.784499,-122.409535,1996.00,59.16
27.3800,1068.3961,870.3412,1996.0376,59.0974,0.9430,2.7406,13.1361,3.5838,92.9167,0.6866,0.0562,0.1043,0.7173,59.1668,2.6573,0.9173,-0.0025,-0.0195,-0.0200,0.2600,-10.0717,37.784498,-122.409522,1996.02,59.16
27.4000,1068.3296,871.5226,1996.0540,59.0993,0.9388,2.7385,13.0782,3.5809,92.9617,0.6864,0.0559,0.1039,0.7176,59.1684,2.6551,0.9132,-0.0025,-0.0195,-0.0199,0.2600,-10.0687,37.784498,-122.409509,1996.04,59.16
27.4200,1068.2621,872.7039,1996.0703,59.1011,0.9345,2.7363,13.0203,3.5780,93.0064,0.6861,0.0555,0.1036,0.7179,59.1701,2.6530,0.9091,-0.0025,-0.0195,-0.0198,0.2600,-10.0658,37.784497,-122.409495,1996.05,59.16
27.4400,1068.1937,873.8853,1996.0867,59.1029,0.9303,2.7342,12.9624,3.5751,93.0509,0.6859,0.0551,0.1032,0.7183,59.1718,2.6509,0.9049,-0.0025,-0.0195,-0.0198,0.2600,-10.0628,37.784496,-122.409482,1996.07,59.17
27.4600,1068.1244,875.0666,1996.1030,59.1048,0.9260,2.7321,12.9045,3.5722,93.0953,0.6856,0.0548,0.1028,0.7186,59.1735,2.6487,0.9008,-0.0025,-0.0195,-0.0197,0.2600,-10.0599,37.784496,-122.409468,1996.09,59.17
27.4800,1068.0542,876.2480,1996.1194,59.1066,0.9218,2.7300,12.8465,3.5693,93.1394,0.6854,0.0544,0.1025,0.7189,59.1751,2.6466,0.8967,-0.0024,-0.0195,-0.0196,0.2600,-10.0570,37.784495,-122.409455,1996.10,59.17
27.5000,1067.9832,877.4293,1996.1358,59.1085,0.9175,2.7279,12.7885,3.5664,93.1834,0.6851,0.0540,0.1021,0.7192,59.1768,2.6445,0.8925,-0.0024,-0.0195,-0.0195,0.2600,-10.0540,37.784494,-122.409441,1996.12,59.17
27.5200,1067.9112,878.6106,1996.1521,59.1103,0.9133,2.7258,12.7305,3.5634,93.2271,0.6849,0.0537,0.1018,0.7195,59.1785,2.6424,0.8884,-0.0024,-0.0196,-0.0194,0.2600,-10.0511,37.784494,-122.409428,1996.14,59.17
27.5400,1067.8383,879.7918,1996.1685,59.1122,0.9090,2.7237,12.6724,3.5605,93.2707,0.6846,0.0533,0.1014,0.7199,59.1802,2.6403,0.8842,-0.0024,-0.0196,-0.0193,0.2600,-10.0482,37.784493,-122.409415,1996.15,59.17
27.5600,1067.7646,880.9731,1996.1849,59.1140,0.9048,2.7217,12.6143,3.5576,93.3140,0.6844,0.0529,0.1010,0.7202,59.1819,2.6382,0.8801,-0.0024,-0.0196,-0.0193,0.2600,-10.0454,37.784493,-122.409401,1996.17,59.18
27.5800,1067.6900,882.1543,1996.2013,59.1159,0.9005,2.7196,12.5561,3.5547,93.3572,0.6841,0.0526,0.1007,0.7205,59.1836,2.6361,0.8759,-0.0023,-0.0196,-0.0192,0.2600,-10.0425,37.784492,-122.409388,1996.18,59.18
27.6000,1067.6145,883.3355,1996.2178,59.1177,0.8962,2.7175,12.4980,3.5518,93.4001,0.6839,0.0522,0.1003,0.7208,59.1852,2.6340,0.8718,-0.0023,-0.0196,-0.0191,0.2600,-10.0396,37.784491,-122.409374,1996.20,59.18
27.6200,1067.5381,884.5167,1996.2342,59.1196,0.8920,2.7155,12.4398,3.5489,93.4429,0.6836,0.0518,0.0999,0.7211,59.1869,2.6319,0.8676,-0.0023,-0.0196,-0.0190,0.2600,-10.0368,37.784491,-122.409361,1996.22,59.18
27.6400,1067.4609,885.6978,1996.2506,59.1214,0.8877,2.7134,12.3816,3.5459,93.4855,0.6834,0.0515,0.0996,0.7214,59.1886,2.6299,0.8635,-0.0023,-0.0196,-0.0189,0.2600,-10.0339,37.784490,-122.409347,1996.23,59.18
27.6600,1067.3828,886.8789,1996.2670,59.1233,0.8834,2.7114,12.3233,3.5430,93.5278,0.6831,0.0511,0.0992,0.7217,59.1903,2.6278,0.8593,-0.0023,-0.0196,-0.0188,0.2600,-10.0311,37.784489,-122.409334,1996.25,59.18
27.6800,1067.3039,888.0600,1996.2835,59.1251,0.8791,2.7093,12.2650,3.5401,93.5700,0.6829,0.0507,0.0988,0.7220,59.1920,2.6257,0.8551,-0.0023,-0.0196,-0.0188,0.2600,-10.0283,37.784488,-122.409321,1996.27,59.19
27.7000,1067.2241,889.2411,1996.2999,59.1270,0.8749,2.7073,12.2067,3.5372,93.6120,0.6827,0.0504,0.0985,0.7223,59.1937,2.6237,0.8510,-0.0022,-0.0196,-0.0187,0.2600,-10.0255,37.784488,-122.409307,1996.28,59.19
27.7200,1067.1434,890.4222,1996.3163,59.1288,0.8706,2.7053,12.1484,3.5342,93.6538,0.6824,0.0500,0.0981,0.7226,59.1954,2.6216,0.8468,-0.0022,-0.0196,-0.0186,0.2600,-10.0227,37.784487,-122.409294,1996.30,59.19
27.7400,1067.0619,891.6032,1996.3328,59.1307,0.8663,2.7033,12.0901,3.5313,93.6953,0.6822,0.0496,0.0977,0.7229,59.1971,2.6196,0.8426,-0.0022,-0.0196,-0.0185,0.2600,-10.0199,37.784486,-122.409280,1996.32,59.19
27.7600,1066.9796,892.7842,1996.3493,59.1325,0.8620,2.7013,12.0317,3.5284,93.7367,0.6819,0.0493,0.0974,0.7232,59.1988,2.6176,0.8385,-0.0022,-0.0196,-0.0184,0.2600,-10.0171,37.784486,-122.409267,1996.33,59.19
27.7800,1066.8964,893.9652,1996.3657,59.1344,0.8577,2.6993,11.9733,3.5254,93.7779,0.6817,0.0489,0.0970,0.7235,59.2005,2.6155,0.8343,-0.0022,-0.0196,-0.0183,0.2600,-10.0144,37.784485,-122.409254,1996.35,59.19
27.8000,1066.8125,895.1462,1996.3822,59.1362,0.8534,2.6973,11.9149,3.5225,93.8189,0.6815,0.0485,0.0966,0.7238,59.2022,2.6135,0.8301,-0.0022,-0.0196,-0.0183,0.2600,-10.0116,37.784484,-122.409240,1996.37,59.20
27.8200,1066.7276,896.3271,1996.3986,59.1381,0.8491,2.6953,11.8564,3.5196,93.8597,0.6812,0.0482,0.0963,0.7241,59.2039,2.6115,0.8260,-0.0021,-0.0196,-0.0182,0.2600,-10.0089,37.784483,-122.409227,1996.38,59.20
27.8400,1066.6420,897.5080,1996.4151,59.1400,0.8448,2.6933,11.7980,3.5166,93.9003,0.6810,0.0478,0.0959,0.7244,59.2056,2.6095,0.8218,-0.0021,-0.0196,-0.0181,0.2600,-10.0062,37.784483,-122.409213,1996.40,59.20
27.8600,1066.5555,898.6889,1996.4316,59.1418,0.8405,2.6913,11.7395,3.5137,93.9407,0.6808,0.0475,0.0955,0.7247,59.2073,2.6075,0.8176,-0.0021,-0.0196,-0.0180,0.2600,-10.0034,37.784482,-122.409200,1996.42,59.20
27.8800,1066.4683,899.8698,1996.4481,59.1437,0.8362,2.6894,11.6810,3.5108,93.9809,0.6805,0.0471,0.0952,0.7250,59.2090,2.6055,0.8134,-0.0021,-0.0196,-0.0179,0.2600,-10.0007,37.784481,-122.409186,1996.43,59.20
27.9000,1066.3802,901.0506,1996.4646,59.1455,0.8319,2.6874,11.6225,3.5078,94.0209,0.6803,0.0467,0.0948,0.7253,59.2107,2.6035,0.8092,-0.0021,-0.0196,-0.0178,0.2600,-9.9980,37.784480,-122.409173,1996.45,59.20
27.9200,1066.2913,902.2314,1996.4810,59.1474,0.8276,2.6854,11.5639,3.5049,94.0607,0.6801,0.0464,0.0944,0.7256,59.2124,2.6016,0.8050,-0.0021,-0.0196,-0.0177,0.2600,-9.9954,37.784479,-122.409160,1996.46,59.21
27.9400,1066.2016,903.4122,1996.4975,59.1493,0.8233,2.6835,11.5054,3.5020,94.1003,0.6799,0.0460,0.0940,0.7258,59.2141,2.5996,0.8009,-0.0020,-0.0196,-0.0177,0.2599,-9.9927,37.784479,-122.409146,1996.48,59.21
27.9600,1066.1111,904.5930,1996.5140,59.1511,0.8190,2.6816,11.4468,3.4990,94.1397,0.6796,0.0457,0.0937,0.7261,59.2158,2.5976,0.7967,-0.0020,-0.0196,-0.0176,0.2599,-9.9900,37.784478,-122.409133,1996.50,59.21
27.9800,1066.0198,905.7737,1996.5305,59.1530,0.8147,2.6796,11.3882,3.4961,94.1789,0.6794,0.0453,0.0933,0.7264,59.2175,2.5957,0.7925,-0.0020,-0.0196,-0.0175,0.2599,-9.9874,37.784477,-122.409119,1996.51,59.21
28.0000,1065.9278,906.9544,1996.5470,59.1548,0.8104,2.6777,11.3296,3.4932,94.2179,0.6792,0.0449,0.0929,0.7267,59.2192,2.5937,0.7883,-0.0020,-0.0196,-0.0174,0.2599,-9.9847,37.784476,-122.409106,1996.53,59.21
28.0200,1065.8349,908.1351,1996.5635,59.1567,0.8061,2.6758,11.2710,3.4902,94.2567,0.6789,0.0446,0.0926,0.7270,59.2210,2.5918,0.7841,-0.0020,-0.0196,-0.0173,0.2599,-9.9821,37.784475,-122.409092,1996.55,59.22
28.0400,1065.7413,909.3157,1996.5800,59.1586,0.8018,2.6739,11.2123,3.4873,94.2953,0.6787,0.0442,0.0922,0.7272,59.2227,2.5898,0.7799,-0.0020,-0.0196,-0.0172,0.2599,-9.9795,37.784475,-122.409079,1996.56,59.22
28.0600,1065.6469,910.4964,1996.5965,59.1604,0.7975,2.6720,11.1537,3.4843,94.3338,0.6785,0.0438,0.0918,0.7275,59.2244,2.5879,0.7757,-0.0019,-0.0196,-0.0171,0.2599,-9.9769,37.784474,-122.409066,1996.58,59.22
28.0800,1065.5517,911.6770,1996.6130,59.1623,0.7932,2.6701,11.0950,3.4814,94.3720,0.6783,0.0435,0.0914,0.7278,59.2261,2.5860,0.7715,-0.0019,-0.0196,-0.0171,0.2599,-9.9743,37.784473,-122.409052,1996.60,59.22
28.1000,1065.4557,912.8575,1996.6295,59.1642,0.7889,2.6682,11.0363,3.4785,94.4100,0.6781,0.0431,0.0911,0.7281,59.2278,2.5841,0.7673,-0.0019,-0.0196,-0.0170,0.2599,-9.9717,37.784472,-122.409039,1996.61,59.22
28.1200,1065.3590,914.0381,1996.6460,59.1660,0.7845,2.6663,10.9776,3.4755,94.4478,0.6778,0.0428,0.0907,0.7283,59.2295,2.5822,0.7631,-0.0019,-0.0196,-0.0169,0.2599,-9.9691,37.784471,-122.409025,1996.63,59.22
28.1400,1065.2616,915.2186,1996.6625,59.1679,0.7802,2.6644,10.9189,3.4726,94.4855,0.6776,0.0424,0.0903,0.7286,59.2313,2.5803,0.7589,-0.0019,-0.0196,-0.0168,0.2599,-9.9665,37.784470,-122.409012,1996.65,59.23
28.1600,1065.1633,916.3990,1996.6790,59.1698,0.7759,2.6625,10.8602,3.4696,94.5229,0.6774,0.0421,0.0899,0.7289,59.2330,2.5784,0.7547,-0.0019,-0.0196,-0.0167,0.2599,-9.9640,37.784469,-122.408999,1996.66,59.23
28.1800,1065.0644,917.5795,1996.6955,59.1716,0.7716,2.6607,10.8015,3.4667,94.5602,0.6772,0.0417,0.0895,0.7292,59.2347,2.5765,0.7505,-0.0018,-0.0196,-0.0166,0.2598,-9.9615,37.784469,-122.408985,1996.68,59.23
28.2000,1064.9646,918.7599,1996.7120,59.1735,0.7673,2.6588,10.7427,3.4638,94.5972,0.6770,0.0413,0.0892,0.7294,59.2364,2.5746,0.7463,-0.0018,-0.0196,-0.0165,0.2598,-9.9589,37.784468,-122.408972,1996.70,59.23
28.2200,1064.8642,919.9403,1996.7285,59.1754,0.7629,2.6570,10.6840,3.4608,94.6340,0.6768,0.0410,0.0888,0.7297,59.2382,2.5727,0.7421,-0.0018,-0.0196,-0.0165,0.2598,-9.9564,37.784467,-122.408958,1996.71,59.23
28.2400,1064.7630,921.1207,1996.7450,59.1772,0.7586,2.6551,10.6252,3.4579,94.6707,0.6765,0.0406,0.0884,0.7299,59.2399,2.5709,0.7379,-0.0018,-0.0196,-0.0164,0.2598,-9.9539,37.784466,-122.408945,1996.73,59.23
28.2600,1064.6610,922.3010,1996.7615,59.1791,0.7543,2.6533,10.5665,3.4550,94.7072,0.6763,0.0403,0.0880,0.7302,59.2416,2.5690,0.7337,-0.0018,-0.0196,-0.0163,0.2598,-9.9514,37.784465,-122.408931,1996.74,59.24
28.2800,1064.5583,923.4814,1996.7780,59.1810,0.7500,2.6515,10.5077,3.4520,94.7434,0.6761,0.0399,0.0877,0.7305,59.2434,2.5671,0.7295,-0.0018,-0.0196,-0.0162,0.2598,-9.9489,37.784464,-122.408918,1996.76,59.24
28.3000,1064.4550,924.6616,1996.7945,59.1829,0.7456,2.6497,10.4489,3.4491,94.7795,0.6759,0.0396,0.0873,0.7307,59.2451,2.5653,0.7253,-0.0018,-0.0196,-0.0161,0.2598,-9.9465,37.784463,-122.408905,1996.78,59.24
28.3200,1064.3508,925.8419,1996.8109,59.1847,0.7413,2.6478,10.3901,3.4461,94.8153,0.6757,0.0392,0.0869,0.7310,59.2468,2.5635,0.7211,-0.0017,-0.0196,-0.0160,0.2598,-9.9440,37.784462,-122.408891,1996.79,59.24
28.3400,1064.2460,927.0221,1996.8274,59.1866,0.7370,2.6460,10.3313,3.4432,94.8510,0.6755,0.0389,0.0865,0.7312,59.2486,2.5616,0.7169,-0.0017,-0.0196,-0.0159,0.2598,-9.9415,37.784461,-122.408878,1996.81,59.24
28.3600,1064.1405,928.2023,1996.8439,59.1885,0.7327,2.6442,10.2726,3.4403,94.8865,0.6753,0.0385,0.0861,0.7315,59.2503,2.5598,0.7127,-0.0017,-0.0195,-0.0159,0.2597,-9.9391,37.784460,-122.408864,1996.83,59.24
28.3800,1064.0342,929.3825,1996.8604,59.1904,0.7283,2.6425,10.2138,3.4373,94.9217,0.6751,0.0381,0.0858,0.7318,59.2521,2.5580,0.7085,-0.0017,-0.0195,-0.0158,0.2597,-9.9367,37.784459,-122.408851,1996.84,59.25
28.4000,1063.9272,930.5626,1996.8769,59.1923,0.7240,2.6407,10.1550,3.4344,94.9568,0.6749,0.0378,0.0854,0.7320,59.2538,2.5562,0.7043,-0.0017,-0.0195,-0.0157,0.2597,-9.9343,37.784458,-122.408838,1996.86,59.25
28.4200,1063.8196,931.7427,1996.8934,59.1941,0.7197,2.6389,10.0962,3.4315,94.9917,0.6747,0.0374,0.0850,0.7323,59.2555,2.5544,0.7001,-0.0017,-0.0195,-0.0156,0.2597,-9.9319,37.784457,-122.408824,1996.88,59.25
28.4400,1063.7112,932.9228,1996.9098,59.1960,0.7153,2.6371,10.0373,3.4285,95.0264,0.6745,0.0371,0.0846,0.7325,59.2573,2.5526,0.6959,-0.0016,-0.0195,-0.0155,0.2597,-9.9295,37.784456,-122.408811,1996.89,59.25
28.4600,1063.6022,934.1029,1996.9263,59.1979,0.7110,2.6354,9.9785,3.4256,95.0609,0.6743,0.0367,0.0842,0.7328,59.2590,2.5508,0.6917,-0.0016,-0.0195,-0.0154,0.2597,-9.9271,37.784455,-122.408797,1996.91,59.25
28.4800,1063.4924,935.2829,1996.9428,59.1998,0.7067,2.6336,9.9197,3.4227,95.0952,0.6741,0.0364,0.0838,0.7330,59.2608,2.5490,0.6874,-0.0016,-0.0195,-0.0154,0.2597,-9.9247,37.784455,-122.408784,1996.93,59.26
28.5000,1063.3820,936.4629,1996.9592,59.2017,0.7023,2.6319,9.8609,3.4197,95.1293,0.6739,0.0360,0.0835,0.7333,59.2625,2.5472,0.6832,-0.0016,-0.0195,-0.0153,0.2597,-9.9224,37.784454,-122.408771,1996.94,59.26
28.5200,1063.2709,937.6429,1996.9757,59.2035,0.6980,2.6301,9.8021,3.4168,95.1632,0.6737,0.0357,0.0831,0.7335,59.2643,2.5455,0.6790,-0.0016,-0.0195,-0.0152,0.2596,-9.9200,37.784453,-122.408757,1996.96,59.26
28.5400,1063.1591,938.8228,1996.9921,59.2054,0.6937,2.6284,9.7433,3.4139,95.1969,0.6735,0.0353,0.0827,0.7337,59.2660,2.5437,0.6748,-0.0016,-0.0195,-0.0151,0.2596,-9.9177,37.784452,-122.408744,1996.98,59.26
28.5600,1063.0467,940.0027,1997.0086,59.2073,0.6893,2.6267,9.6845,3.4110,95.2304,0.6733,0.0350,0.0823,0.7340,59.2678,2.5419,0.6706,-0.0016,-0.0195,-0.0150,0.2596,-9.9154,37.784451,-122.408730,1996.99,59.26
28.5800,1062.9336,941.1826,1997.0250,59.2092,0.6850,2.6250,9.6257,3.4080,95.2637,0.6731,0.0346,0.0819,0.7342,59.2696,2.5402,0.6664,-0.0015,-0.0195,-0.0149,0.2596,-9.9131,37.784450,-122.408717,1997.01,59.26
28.6000,1062.8198,942.3625,1997.0415,59.2111,0.6807,2.6232,9.5669,3.4051,95.2968,0.6729,0.0343,0.0815,0.7345,59.2713,2.5385,0.6622,-0.0015,-0.0195,-0.0148,0.2596,-9.9108,37.784448,-122.408703,1997.03,59.27
28.6200,1062.7053,943.5423,1997.0579,59.2130,0.6763,2.6215,9.5081,3.4022,95.3297,0.6727,0.0339,0.0812,0.7347,59.2731,2.5367,0.6580,-0.0015,-0.0195,-0.0147,0.2596,-9.9085,37.784447,-122.408690,1997.04,59.27
28.6400,1062.5903,944.7221,1997.0743,59.2149,0.6720,2.6198,9.4493,3.3993,95.3625,0.6725,0.0336,0.0808,0.7349,59.2748,2.5350,0.6538,-0.0015,-0.0195,-0.0147,0.2596,-9.9062,37.784446,-122.408677,1997.06,59.27
28.6600,1062.4745,945.9019,1997.0907,59.2168,0.6677,2.6182,9.3905,3.3963,95.3950,0.6723,0.0332,0.0804,0.7352,59.2766,2.5333,0.6496,-0.0015,-0.0195,-0.0146,0.2595,-9.9040,37.784445,-122.408663,1997.07,59.27
28.6800,1062.3581,947.0816,1997.1072,59.2186,0.6633,2.6165,9.3317,3.3934,95.4273,0.6721,0.0329,0.0800,0.7354,59.2784,2.5316,0.6453,-0.0015,-0.0195,-0.0145,0.2595,-9.9017,37.784444,-122.408650,1997.09,59.27
28.7000,1062.2411,948.2613,1997.1236,59.2205,0.6590,2.6148,9.2730,3.3905,95.4595,0.6719,0.0325,0.0796,0.7356,59.2801,2.5299,0.6411,-0.0015,-0.0194,-0.0144,0.2595,-9.8995,37.784443,-122.408636,1997.11,59.27
28.7200,1062.1234,949.4410,1997.1400,59.2224,0.6547,2.6132,9.2142,3.3876,95.4914,0.6717,0.0322,0.0792,0.7359,59.2819,2.5282,0.6369,-0.0014,-0.0194,-0.0143,0.2595,-9.8973,37.784442,-122.408623,1997.12,59.28
28.7400,1062.0051,950.6207,1997.1564,59.2243,0.6503,2.6115,9.1554,3.3847,95.5232,0.6715,0.0318,0.0789,0.7361,59.2837,2.5265,0.6327,-0.0014,-0.0194,-0.0142,0.2595,-9.8951,37.784441,-122.408610,1997.14,59.28
28.7600,1061.8862,951.8003,1997.1727,59.2262,0.6460,2.6098,9.0967,3.3818,95.5547,0.6713,0.0315,0.0785,0.7363,59.2854,2.5248,0.6285,-0.0014,-0.0194,-0.0141,0.2595,-9.8929,37.784440,-122.408596,1997.16,59.28
28.7800,1061.7666,952.9799,1997.1891,59.2281,0.6417,2.6082,9.0379,3.3788,95.5861,0.6712,0.0311,0.0781,0.7365,59.2872,2.5232,0.6243,-0.0014,-0.0194,-0.0141,0.2594,-9.8907,37.784439,-122.408583,1997.17,59.28
28.8000,1061.6464,954.1595,1997.2055,59.2300,0.6373,2.6066,8.9792,3.3759,95.6173,0.6710,0.0308,0.0777,0.7368,59.2890,2.5215,0.6201,-0.0014,-0.0194,-0.0140,0.2594,-9.8885,37.784438,-122.408569,1997.19,59.28
28.8200,1061.5256,955.3391,1997.2219,59.2319,0.6330,2.6050,8.9205,3.3730,95.6482,0.6708,0.0304,0.0773,0.7370,59.2908,2.5198,0.6159,-0.0014,-0.0194,-0.0139,0.2594,-9.8864,37.784437,-122.408556,1997.21,59.29
28.8400,1061.4042,956.5186,1997.2382,59.2338,0.6287,2.6033,8.8617,3.3701,95.6790,0.6706,0.0301,0.0769,0.7372,59.2925,2.5182,0.6117,-0.0014,-0.0194,-0.0138,0.2594,-9.8842,37.784436,-122.408543,1997.22,59.29
28.8600,1061.2822,957.6981,1997.2546,59.2357,0.6243,2.6017,8.8030,3.3672,95.7096,0.6704,0.0298,0.0765,0.7374,59.2943,2.5165,0.6075,-0.0014,-0.0194,-0.0137,0.2594,-9.8821,37.784435,-122.408529,1997.24,59.29
28.8800,1061.1596,958.8775,1997.2709,59.2376,0.6200,2.6001,8.7443,3.3643,95.7400,0.6702,0.0294,0.0761,0.7376,59.2961,2.5149,0.6033,-0.0013,-0.0194,-0.0136,0.2593,-9.8800,37.784434,-122.408516,1997.25,59.29
28.9000,1061.0364,960.0570,1997.2872,59.2395,0.6157,2.5985,8.6856,3.3614,95.7702,0.6701,0.0291,0.0758,0.7379,59.2979,2.5133,0.5991,-0.0013,-0.0194,-0.0135,0.2593,-9.8779,37.784433,-122.408502,1997.27,59.29
28.9200,1060.9125,961.2364,1997.3036,59.2414,0.6113,2.5970,8.6270,3.3585,95.8002,0.6699,0.0287,0.0754,0.7381,59.2997,2.5117,0.5949,-0.0013,-0.0194,-0.0135,0.2593,-9.8758,37.784431,-122.408489,1997.29,59.29
28.9400,1060.7881,962.4158,1997.3199,59.2433,0.6070,2.5954,8.5683,3.3556,95.8300,0.6697,0.0284,0.0750,0.7383,59.3015,2.5101,0.5907,-0.0013,-0.0193,-0.0134,0.2593,-9.8737,37.784430,-122.408476,1997.30,59.30
28.9600,1060.6631,963.5952,1997.3362,59.2452,0.6027,2.5938,8.5097,3.3527,95.8596,0.6695,0.0280,0.0746,0.7385,59.3033,2.5085,0.5865,-0.0013,-0.0193,-0.0133,0.2593,-9.8716,37.784429,-122.408462,1997.32,59.30
28.9800,1060.5375,964.7745,1997.3525,59.2471,0.5983,2.5922,8.4510,3.3499,95.8890,0.6693,0.0277,0.0742,0.7387,59.3050,2.5069,0.5823,-0.0013,-0.0193,-0.0132,0.2592,-9.8696,37.784428,-122.408449,1997.34,59.30
29.0000,1060.4113,965.9538,1997.3688,59.2490,0.5940,2.5907,8.3924,3.3470,95.9182,0.6692,0.0273,0.0738,0.7389,59.3068,2.5053,0.5781,-0.0013,-0.0193,-0.0131,0.2592,-9.8675,37.784427,-122.408435,1997.35,59.30
29.0200,1060.2846,967.1331,1997.3850,59.2509,0.5897,2.5892,8.3338,3.3441,95.9472,0.6690,0.0270,0.0734,0.7391,59.3086,2.5037,0.5739,-0.0013,-0.0193,-0.0130,0.2592,-9.8655,37.784426,-122.408422,1997.37,59.30
29.0400,1060.1573,968.3124,1997.4013,59.2529,0.5854,2.5876,8.2752,3.3412,95.9761,0.6688,0.0267,0.0730,0.7393,59.3104,2.5021,0.5697,-0.0012,-0.0193,-0.0129,0.2592,-9.8635,37.784425,-122.408409,1997.39,59.30
29.0600,1060.0294,969.4916,1997.4175,59.2548,0.5810,2.5861,8.2167,3.3383,96.0047,0.6686,0.0263,0.0727,0.7396,59.3122,2.5006,0.5655,-0.0012,-0.0193,-0.0129,0.2592,-9.8615,37.784424,-122.408395,1997.40,59.31
29.0800,1059.9009,970.6708,1997.4338,59.2567,0.5767,2.5846,8.1581,3.3354,96.0331,0.6685,0.0260,0.0723,0.7398,59.3140,2.4990,0.5613,-0.0012,-0.0193,-0.0128,0.2591,-9.8595,37.784422,-122.408382,1997.42,59.31
29.1000,1059.7719,971.8500,1997.4500,59.2586,0.5724,2.5831,8.0996,3.3326,96.0614,0.6683,0.0256,0.0719,0.7400,59.3158,2.4975,0.5571,-0.0012,-0.0193,-0.0127,0.2591,-9.8575,37.784421,-122.408368,1997.43,59.31
29.1200,1059.6423,973.0292,1997.4662,59.2605,0.5681,2.5816,8.0411,3.3297,96.0894,0.6681,0.0253,0.0715,0.7402,59.3176,2.4959,0.5529,-0.0012,-0.0192,-0.0126,0.2591,-9.8556,37.784420,-122.408355,1997.45,59.31
29.1400,1059.5122,974.2083,1997.4825,59.2624,0.5637,2.5801,7.9826,3.3268,96.1173,0.6680,0.0250,0.0711,0.7404,59.3194,2.4944,0.5487,-0.0012,-0.0192,-0.0125,0.2591,-9.8536,37.784419,-122.408342,1997.47,59.31
29.1600,1059.3816,975.3874,1997.4987,59.2643,0.5594,2.5786,7.9241,3.3240,96.1450,0.6678,0.0246,0.0707,0.7406,59.3212,2.4929,0.5445,-0.0012,-0.0192,-0.0124,0.2591,-9.8517,37.784418,-122.408328,1997.48,59.32
29.1800,1059.2503,976.5665,1997.5148,59.2662,0.5551,2.5771,7.8656,3.3211,96.1725,0.6676,0.0243,0.0703,0.7408,59.3230,2.4913,0.5403,-0.0012,-0.0192,-0.0123,0.2590,-9.8497,37.784417,-122.408315,1997.50,59.32
29.2000,1059.1186,977.7456,1997.5310,59.2682,0.5508,2.5756,7.8072,3.3182,96.1997,0.6675,0.0239,0.0699,0.7410,59.3248,2.4898,0.5361,-0.0011,-0.0192,-0.0123,0.2590,-9.8478,37.784415,-122.408301,1997.51,59.32
29.2200,1058.9863,978.9246,1997.5472,59.2701,0.5465,2.5742,7.7488,3.3154,96.2268,0.6673,0.0236,0.0696,0.7412,59.3267,2.4883,0.5319,-0.0011,-0.0192,-0.0122,0.2590,-9.8459,37.784414,-122.408288,1997.53,59.32
29.2400,1058.8535,980.1036,1997.5633,59.2720,0.5421,2.5727,7.6904,3.3125,96.2537,0.6671,0.0233,0.0692,0.7413,59.3285,2.4868,0.5277,-0.0011,-0.0192,-0.0121,0.2590,-9.8441,37.784413,-122.408275,1997.55,59.32
29.2600,1058.7201,981.2826,1997.5795,59.2739,0.5378,2.5712,7.6320,3.3097,96.2804,0.6670,0.0229,0.0688,0.7415,59.3303,2.4854,0.5236,-0.0011,-0.0192,-0.0120,0.2589,-9.8422,37.784412,-122.408261,1997.56,59.32
29.2800,1058.5863,982.4616,1997.5956,59.2758,0.5335,2.5698,7.5737,3.3068,96.3070,0.6668,0.0226,0.0684,0.7417,59.3321,2.4839,0.5194,-0.0011,-0.0191,-0.0119,0.2589,-9.8403,37.784411,-122.408248,1997.58,59.33
29.3000,1058.4519,983.6406,1997.6117,59.2778,0.5292,2.5684,7.5154,3.3040,96.3333,0.6667,0.0223,0.0680,0.7419,59.3339,2.4824,0.5152,-0.0011,-0.0191,-0.0118,0.2589,-9.8385,37.784409,-122.408234,1997.60,59.33
29.3200,1058.3170,984.8195,1997.6278,59.2797,0.5249,2.5670,7.4571,3.3012,96.3594,0.6665,0.0219,0.0676,0.7421,59.3357,2.4809,0.5110,-0.0011,-0.0191,-0.0117,0.2589,-9.8366,37.784408,-122.408221,1997.61,59.33
29.3400,1058.1816,985.9984,1997.6439,59.2816,0.5206,2.5655,7.3988,3.2983,96.3853,0.6663,0.0216,0.0672,0.7423,59.3376,2.4795,0.5068,-0.0011,-0.0191,-0.0117,0.2588,-9.8348,37.784407,-122.408208,1997.63,59.33
29.3600,1058.0456,987.1773,1997.6599,59.2835,0.5163,2.5641,7.3405,3.2955,96.4111,0.6662,0.0213,0.0668,0.7425,59.3394,2.4780,0.5027,-0.0011,-0.0191,-0.0116,0.2588,-9.8330,37.784406,-122.408194,1997.64,59.33
29.3800,1057.9092,988.3561,1997.6760,59.2855,0.5120,2.5627,7.2823,3.2927,96.4366,0.6660,0.0209,0.0664,0.7427,59.3412,2.4766,0.4985,-0.0010,-0.0191,-0.0115,0.2588,-9.8312,37.784405,-122.408181,1997.66,59.34
29.4000,1057.7723,989.5350,1997.6920,59.2874,0.5077,2.5613,7.2241,3.2898,96.4620,0.6659,0.0206,0.0661,0.7428,59.3430,2.4752,0.4943,-0.0010,-0.0191,-0.0114,0.2588,-9.8294,37.784403,-122.408167,1997.68,59.34
29.4200,1057.6349,990.7138,1997.7081,59.2893,0.5034,2.5600,7.1660,3.2870,96.4872,0.6657,0.0202,0.0657,0.7430,59.3449,2.4738,0.4902,-0.0010,-0.0191,-0.0113,0.2587,-9.8277,37.784402,-122.408154,1997.69,59.34
29.4400,1057.4970,991.8926,1997.7241,59.2912,0.4991,2.5586,7.1078,3.2842,96.5121,0.6656,0.0199,0.0653,0.7432,59.3467,2.4723,0.4860,-0.0010,-0.0190,-0.0112,0.2587,-9.8259,37.784401,-122.408141,1997.71,59.34
29.4600,1057.3586,993.0714,1997.7401,59.2932,0.4948,2.5572,7.0497,3.2814,96.5369,0.6654,0.0196,0.0649,0.7434,59.3485,2.4709,0.4818,-0.0010,-0.0190,-0.0111,0.2587,-9.8242,37.784400,-122.408127,1997.72,59.34
29.4800,1057.2197,994.2502,1997.7561,59.2951,0.4905,2.5559,6.9916,3.2786,96.5615,0.6653,0.0192,0.0645,0.7436,59.3504,2.4695,0.4777,-0.0010,-0.0190,-0.0111,0.2587,-9.8224,37.784398,-122.408114,1997.74,59.34
29.5000,1057.0803,995.4289,1997.7720,59.2970,0.4862,2.5545,6.9336,3.2758,96.5859,0.6651,0.0189,0.0641,0.7437,59.3522,2.4681,0.4735,-0.0010,-0.0190,-0.0110,0.2586,-9.8207,37.784397,-122.408100,1997.76,59.35
29.5200,1056.9405,996.6076,1997.7880,59.2990,0.4819,2.5532,6.8756,3.2730,96.6101,0.6650,0.0186,0.0637,0.7439,59.3540,2.4668,0.4693,-0.0010,-0.0190,-0.0109,0.2586,-9.8190,37.784396,-122.408087,1997.77,59.35
29.5400,1056.8002,997.7863,1997.8039,59.3009,0.4776,2.5518,6.8176,3.2702,96.6342,0.6648,0.0183,0.0633,0.7441,59.3559,2.4654,0.4652,-0.0010,-0.0190,-0.0108,0.2586,-9.8173,37.784395,-122.408074,1997.79,59.35
29.5600,1056.6594,998.9650,1997.8199,59.3028,0.4733,2.5505,6.7596,3.2674,96.6580,0.6647,0.0179,0.0629,0.7443,59.3577,2.4640,0.4610,-0.0009,-0.0190,-0.0107,0.2586,-9.8157,37.784393,-122.408060,1997.80,59.35
29.5800,1056.5182,1000.1437,1997.8358,59.3048,0.4690,2.5492,6.7017,3.2646,96.6816,0.6645,0.0176,0.0626,0.7444,59.3596,2.4627,0.4569,-0.0009,-0.0189,-0.0106,0.2585,-9.8140,37.784392,-122.408047,1997.82,59.35
29.6000,1056.3765,1001.3224,1997.8517,59.3067,0.4648,2.5479,6.6438,3.2618,96.7051,0.6644,0.0173,0.0622,0.7446,59.3614,2.4613,0.4527,-0.0009,-0.0189,-0.0106,0.2585,-9.8123,37.784391,-122.408033,1997.84,59.36
29.6200,1056.2343,1002.5010,1997.8675,59.3087,0.4605,2.5466,6.5859,3.2590,96.7283,0.6642,0.0169,0.0618,0.7448,59.3632,2.4600,0.4486,-0.0009,-0.0189,-0.0105,0.2585,-9.8107,37.784390,-122.408020,1997.85,59.36
29.6400,1056.0917,1003.6796,1997.8834,59.3106,0.4562,2.5453,6.5281,3.2562,96.7514,0.6641,0.0166,0.0614,0.7449,59.3651,2.4586,0.4444,-0.0009,-0.0189,-0.0104,0.2584,-9.8091,37.784388,-122.408007,1997.87,59.36
29.6600,1055.9487,1004.8582,1997.8992,59.3125,0.4519,2.5440,6.4703,3.2534,96.7743,0.6640,0.0163,0.0610,0.7451,59.3669,2.4573,0.4403,-0.0009,-0.0189,-0.0103,0.2584,-9.8075,37.784387,-122.407993,1997.88,59.36
29.6800,1055.8052,1006.0368,1997.9150,59.3145,0.4477,2.5427,6.4126,3.2507,96.7970,0.6638,0.0159,0.0606,0.7453,59.3688,2.4560,0.4361,-0.0009,-0.0189,-0.0102,0.2584,-9.8059,37.784386,-122.407980,1997.90,59.36
29.7000,1055.6612,1007.2154,1997.9309,59.3164,0.4434,2.5414,6.3548,3.2479,96.8194,0.6637,0.0156,0.0602,0.7454,59.3706,2.4547,0.4320,-0.0009,-0.0188,-0.0101,0.2583,-9.8043,37.784384,-122.407966,1997.92,59.37
29.7200,1055.5169,1008.3939,1997.9466,59.3184,0.4391,2.5402,6.2971,3.2451,96.8418,0.6635,0.0153,0.0598,0.7456,59.3725,2.4533,0.4279,-0.0009,-0.0188,-0.0100,0.2583,-9.8027,37.784383,-122.407953,1997.93,59.37
29.7400,1055.3721,1009.5725,1997.9624,59.3203,0.4348,2.5389,6.2395,3.2424,96.8639,0.6634,0.0150,0.0594,0.7457,59.3744,2.4520,0.4237,-0.0009,-0.0188,-0.0100,0.2583,-9.8011,37.784382,-122.407940,1997.95,59.37
29.7600,1055.2268,1010.7510,1997.9782,59.3223,0.4306,2.5377,6.1819,3.2396,96.8858,0.6633,0.0146,0.0591,0.7459,59.3762,2.4508,0.4196,-0.0008,-0.0188,-0.0099,0.2583,-9.7996,37.784381,-122.407926,1997.96,59.37
29.7800,1055.0812,1011.9295,1997.9939,59.3242,0.4263,2.5364,6.1243,3.2369,96.9075,0.6631,0.0143,0.0587,0.7461,59.3781,2.4495,0.4155,-0.0008,-0.0188,-0.0098,0.2582,-9.7981,37.784379,-122.407913,1997.98,59.37
29.8000,1054.9351,1013.1080,1998.0096,59.3262,0.4221,2.5352,6.0668,3.2341,96.9291,0.6630,0.0140,0.0583,0.7462,59.3799,2.4482,0.4114,-0.0008,-0.0188,-0.0097,0.2582,-9.7965,37.784378,-122.407899,1997.99,59.37
29.8200,1054.7886,1014.2865,1998.0253,59.3281,0.4178,2.5340,6.0093,3.2314,96.9504,0.6629,0.0137,0.0579,0.7464,59.3818,2.4469,0.4072,-0.0008,-0.0187,-0.0096,0.2582,-9.7950,37.784377,-122.407886,1998.01,59.38
29.8400,1054.6417,1015.4649,1998.0410,59.3300,0.4136,2.5327,5.9518,3.2286,96.9716,0.6627,0.0133,0.0575,0.7465,59.3837,2.4457,0.4031,-0.0008,-0.0187,-0.0095,0.2581,-9.7935,37.784375,-122.407873,1998.03,59.38
29.8600,1054.4944,1016.6434,1998.0567,59.3320,0.4093,2.5315,5.8944,3.2259,96.9926,0.6626,0.0130,0.0571,0.7467,59.3855,2.4444,0.3990,-0.0008,-0.0187,-0.0094,0.2581,-9.7920,37.784374,-122.407859,1998.04,59.38
29.8800,1054.3467,1017.8218,1998.0723,59.3340,0.4051,2.5303,5.8370,3.2232,97.0134,0.6625,0.0127,0.0567,0.7468,59.3874,2.4432,0.3949,-0.0008,-0.0187,-0.0094,0.2581,-9.7906,37.784373,-122.407846,1998.06,59.38
29.9000,1054.1986,1019.0003,1998.0879,59.3359,0.4008,2.5291,5.7796,3.2204,97.0340,0.6624,0.0124,0.0563,0.7470,59.3893,2.4419,0.3908,-0.0008,-0.0187,-0.0093,0.2580,-9.7891,37.784371,-122.407832,1998.07,59.38
29.9200,1054.0501,1020.1787,1998.1035,59.3379,0.3966,2.5279,5.7223,3.2177,97.0544,0.6622,0.0120,0.0560,0.7471,59.3911,2.4407,0.3867,-0.0008,-0.0186,-0.0092,0.2580,-9.7877,37.784370,-122.407819,1998.09,59.39
29.9400,1053.9012,1021.3571,1998.1191,59.3398,0.3923,2.5268,5.6651,3.2150,97.0746,0.6621,0.0117,0.0556,0.7473,59.3930,2.4395,0.3826,-0.0008,-0.0186,-0.0091,0.2580,-9.7862,37.784369,-122.407806,1998.10,59.39
29.9600,1053.7519,1022.5355,1998.1347,59.3418,0.3881,2.5256,5.6079,3.2123,97.0947,0.6620,0.0114,0.0552,0.7474,59.3949,2.4383,0.3785,-0.0008,-0.0186,-0.0090,0.2579,-9.7848,37.784367,-122.407792,1998.12,59.39
29.9800,1053.6023,1023.7139,1998.1502,59.3437,0.3839,2.5244,5.5507,3.2096,97.1145,0.6619,0.0111,0.0548,0.7475,59.3968,2.4371,0.3744,-0.0007,-0.0186,-0.0089,0.2579,-9.7834,37.784366,-122.407779,1998.13,59.39
30.0000,1053.4522,1024.8923,1998.1658,59.3457,0.3796,2.5233,5.4936,3.2069,97.1342,0.6617,0.0107,0.0544,0.7477,59.3986,2.4359,0.3703,-0.0007,-0.0186,-0.0089,0.2579,-9.7820,37.784365,-122.407766,1998.15,59.39
30.0200,1053.3018,1026.0706,1998.1813,59.3476,0.3754,2.5221,5.4365,3.2042,97.1536,0.6616,0.0104,0.0540,0.7478,59.4005,2.4347,0.3662,-0.0007,-0.0186,-0.0088,0.2578,-9.7806,37.784363,-122.407752,1998.17,59.40
30.0400,1053.1510,1027.2490,1998.1968,59.3496,0.3712,2.5210,5.3794,3.2015,97.1729,0.6615,0.0101,0.0536,0.7480,59.4024,2.4335,0.3621,-0.0007,-0.0185,-0.0087,0.2578,-9.7793,37.784362,-122.407739,1998.18,59.40
30.0600,1052.9999,1028.4273,1998.2122,59.3516,0.3670,2.5199,5.3224,3.1988,97.1920,0.6614,0.0098,0.0533,0.7481,59.4043,2.4323,0.3580,-0.0007,-0.0185,-0.0086,0.2578,-9.7779,37.784361,-122.407725,1998.20,59.40
30.0800,1052.8483,1029.6057,1998.2277,59.3535,0.3627,2.5187,5.2655,3.1961,97.2109,0.6612,0.0095,0.0529,0.7482,59.4062,2.4311,0.3539,-0.0007,-0.0185,-0.0085,0.2577,-9.7766,37.784359,-122.407712,1998.21,59.40
30.1000,1052.6964,1030.7840,1998.2431,59.3555,0.3585,2.5176,5.2086,3.1934,97.2297,0.6611,0.0091,0.0525,0.7484,59.4081,2.4300,0.3499,-0.0007,-0.0185,-0.0084,0.2577,-9.7752,37.784358,-122.407699,1998.23,59.40
30.1200,1052.5442,1031.9623,1998.2585,59.3575,0.3543,2.5165,5.1517,3.1907,97.2482,0.6610,0.0088,0.0521,0.7485,59.4099,2.4288,0.3458,-0.0007,-0.0185,-0.0084,0.2577,-9.7739,37.784357,-122.407685,1998.24,59.40
30.1400,1052.3916,1033.1406,1998.2739,59.3594,0.3501,2.5154,5.0949,3.1881,97.2666,0.6609,0.0085,0.0517,0.7486,59.4118,2.4277,0.3417,-0.0007,-0.0184,-0.0083,0.2576,-9.7726,37.784355,-122.407672,1998.26,59.41
30.1600,1052.2386,1034.3189,1998.2892,59.3614,0.3459,2.5143,5.0382,3.1854,97.2847,0.6608,0.0082,0.0513,0.7488,59.4137,2.4265,0.3376,-0.0007,-0.0184,-0.0082,0.2576,-9.7713,37.784354,-122.407658,1998.27,59.41
30.1800,1052.0854,1035.4972,1998.3046,59.3634,0.3417,2.5132,4.9814,3.1827,97.3027,0.6607,0.0079,0.0509,0.7489,59.4156,2.4254,0.3336,-0.0007,-0.0184,-0.0081,0.2576,-9.7700,37.784352,-122.407645,1998.29,59.41
30.2000,1051.9317,1036.6755,1998.3199,59.3653,0.3375,2.5122,4.9248,3.1801,97.3205,0.6606,0.0076,0.0506,0.7490,59.4175,2.4243,0.3295,-0.0007,-0.0184,-0.0080,0.2575,-9.7688,37.784351,-122.407632,1998.30,59.41
30.2200,1051.7777,1037.8538,1998.3352,59.3673,0.3333,2.5111,4.8682,3.1774,97.3381,0.6604,0.0072,0.0502,0.7492,59.4194,2.4231,0.3255,-0.0006,-0.0184,-0.0079,0.2575,-9.7675,37.784350,-122.407618,1998.32,59.41
30.2400,1051.6234,1039.0321,1998.3505,59.3693,0.3291,2.5100,4.8116,3.1748,97.3555,0.6603,0.0069,0.0498,0.7493,59.4213,2.4220,0.3214,-0.0006,-0.0183,-0.0079,0.2574,-9.7663,37.784348,-122.407605,1998.34,59.42
30.2600,1051.4688,1040.2104,1998.3657,59.3712,0.3250,2.5090,4.7551,3.1721,97.3728,0.6602,0.0066,0.0494,0.7494,59.4232,2.4209,0.3174,-0.0006,-0.0183,-0.0078,0.2574,-9.7650,37.784347,-122.407591,1998.35,59.42
30.2800,1051.3138,1041.3887,1998.3809,59.3732,0.3208,2.5079,4.6986,3.1695,97.3898,0.6601,0.0063,0.0490,0.7495,59.4251,2.4198,0.3133,-0.0006,-0.0183,-0.0077,0.2574,-9.7638,37.784346,-122.407578,1998.37,59.42
30.3000,1051.1586,1042.5670,1998.3961,59.3752,0.3166,2.5069,4.6422,3.1669,97.4067,0.6600,0.0060,0.0486,0.7497,59.4270,2.4188,0.3093,-0.0006,-0.0183,-0.0076,0.2573,-9.7626,37.784344,-122.407565,1998.38,59.42
30.3200,1051.0030,1043.7452,1998.4113,59.3772,0.3124,2.5059,4.5858,3.1642,97.4234,0.6599,0.0057,0.0483,0.7498,59.4289,2.4177,0.3052,-0.0006,-0.0182,-0.0075,0.2573,-9.7614,37.784343,-122.407551,1998.40,59.42
30.3400,1050.8470,1044.9235,1998.4265,59.3791,0.3083,2.5049,4.5295,3.1616,97.4398,0.6598,0.0053,0.0479,0.7499,59.4308,2.4166,0.3012,-0.0006,-0.0182,-0.0074,0.2573,-9.7602,37.784341,-122.407538,1998.41,59.43
30.3600,1050.6908,1046.1018,1998.4416,59.3811,0.3041,2.5038,4.4733,3.1590,97.4562,0.6597,0.0050,0.0475,0.7500,59.4327,2.4155,0.2972,-0.0006,-0.0182,-0.0074,0.2572,-9.7591,37.784340,-122.407524,1998.43,59.43
30.3800,1050.5343,1047.2800,1998.4567,59.3831,0.2999,2.5028,4.4171,3.1564,97.4723,0.6596,0.0047,0.0471,0.7501,59.4346,2.4145,0.2932,-0.0006,-0.0182,-0.0073,0.2572,-9.7579,37.784339,-122.407511,1998.44,59.43
30.4000,1050.3774,1048.4583,1998.4718,59.3851,0.2958,2.5018,4.3609,3.1538,97.4882,0.6595,0.0044,0.0467,0.7503,59.4366,2.4134,0.2891,-0.0006,-0.0182,-0.0072,0.2571,-9.7568,37.784337,-122.407498,1998.46,59.43
30.4200,1050.2203,1049.6365,1998.4869,59.3870,0.2916,2.5008,4.3048,3.1512,97.5040,0.6594,0.0041,0.0463,0.7504,59.4385,2.4124,0.2851,-0.0006,-0.0181,-0.0071,0.2571,-9.7557,37.784336,-122.407484,1998.47,59.43
30.4400,1050.0629,1050.8148,1998.5019,59.3890,0.2875,2.4999,4.2488,3.1486,97.5195,0.6593,0.0038,0.0460,0.7505,59.4404,2.4114,0.2811,-0.0006,-0.0181,-0.0070,0.2571,-9.7545,37.784334,-122.407471,1998.49,59.44
30.4600,1049.9052,1051.9931,1998.5169,59.3910,0.2833,2.4989,4.1928,3.1460,97.5349,0.6592,0.0035,0.0456,0.7506,59.4423,2.4103,0.2771,-0.0006,-0.0181,-0.0069,0.2570,-9.7534,37.784333,-122.407458,1998.50,59.44
30.4800,1049.7472,1053.1713,1998.5319,59.3930,0.2792,2.4979,4.1369,3.1434,97.5501,0.6591,0.0032,0.0452,0.7507,59.4442,2.4093,0.2731,-0.0005,-0.0181,-0.0069,0.2570,-9.7523,37.784331,-122.407444,1998.52,59.44
30.5000,1049.5889,1054.3496,1998.5469,59.3950,0.2750,2.4970,4.0810,3.1408,97.5652,0.6590,0.0029,0.0448,0.7508,59.4461,2.4083,0.2691,-0.0005,-0.0180,-0.0068,0.2569,-9.7513,37.784330,-122.407431,1998.53,59.44
30.5200,1049.4303,1055.5279,1998.5619,59.3969,0.2709,2.4960,4.0252,3.1383,97.5800,0.6589,0.0025,0.0444,0.7509,59.4481,2.4073,0.2651,-0.0005,-0.0180,-0.0067,0.2569,-9.7502,37.784329,-122.407417,1998.55,59.44
30.5400,1049.2714,1056.7061,1998.5768,59.3989,0.2668,2.4951,3.9694,3.1357,97.5946,0.6588,0.0022,0.0441,0.7510,59.4500,2.4063,0.2611,-0.0005,-0.0180,-0.0066,0.2569,-9.7491,37.784327,-122.407404,1998.56,59.45
30.5600,1049.1123,1057.8844,1998.5917,59.4009,0.2627,2.4941,3.9137,3.1331,97.6091,0.6587,0.0019,0.0437,0.7511,59.4519,2.4053,0.2571,-0.0005,-0.0180,-0.0065,0.2568,-9.7481,37.784326,-122.407391,1998.58,59.45
30.5800,1048.9529,1059.0627,1998.6065,59.4029,0.2585,2.4932,3.8581,3.1306,97.6234,0.6586,0.0016,0.0433,0.7512,59.4538,2.4043,0.2531,-0.0005,-0.0180,-0.0064,0.2568,-9.7471,37.784324,-122.407377,1998.59,59.45
30.6000,1048.7933,1060.2409,1998.6214,59.4049,0.2544,2.4923,3.8025,3.1280,97.6375,0.6585,0.0013,0.0429,0.7513,59.4558,2.4033,0.2492,-0.0005,-0.0179,-0.0064,0.2567,-9.7461,37.784323,-122.407364,1998.61,59.45
30.6200,1048.6333,1061.4192,1998.6362,59.4069,0.2503,2.4914,3.7470,3.1255,97.6514,0.6584,0.0010,0.0425,0.7514,59.4577,2.4024,0.2452,-0.0005,-0.0179,-0.0063,0.2567,-9.7451,37.784321,-122.407350,1998.62,59.45
30.6400,1048.4732,1062.5975,1998.6510,59.4089,0.2462,2.4904,3.6915,3.1229,97.6652,0.6583,0.0007,0.0422,0.7515,59.4596,2.4014,0.2412,-0.0005,-0.0179,-0.0062,0.2566,-9.7441,37.784320,-122.407337,1998.64,59.46
30.6600,1048.3127,1063.7758,1998.6658,59.4108,0.2421,2.4895,3.6361,3.1204,97.6787,0.6582,0.0004,0.0418,0.7516,59.4615,2.4005,0.2372,-0.0005,-0.0179,-0.0061,0.2566,-9.7431,37.784319,-122.407324,1998.65,59.46
30.6800,1048.1521,1064.9541,1998.6805,59.4128,0.2380,2.4887,3.5808,3.1179,97.6921,0.6582,0.0001,0.0414,0.7517,59.4635,2.3995,0.2333,-0.0005,-0.0178,-0.0060,0.2566,-9.7421,37.784317,-122.407310,1998.67,59.46
30.7000,1047.9911,1066.1324,1998.6952,59.4148,0.2339,2.4878,3.5255,3.1153,97.7053,0.6581,-0.0002,0.0410,0.7518,59.4654,2.3986,0.2293,-0.0005,-0.0178,-0.0060,0.2565,-9.7412,37.784316,-122.407297,1998.68,59.46
30.7200,1047.8300,1067.3107,1998.7099,59.4168,0.2298,2.4869,3.4703,3.1128,97.7183,0.6580,-0.0005,0.0407,0.7519,59.4673,2.3976,0.2254,-0.0005,-0.0178,-0.0059,0.2565,-9.7402,37.784314,-122.407283,1998.70,59.46
30.7400,1047.6686,1068.4890,1998.7246,59.4188,0.2257,2.4860,3.4152,3.1103,97.7311,0.6579,-0.0008,0.0403,0.7520,59.4693,2.3967,0.2214,-0.0005,-0.0178,-0.0058,0.2564,-9.7393,37.784313,-122.407270,1998.71,59.46
30.7600,1047.5069,1069.6673,1998.7392,59.4208,0.2217,2.4852,3.3601,3.1078,97.7438,0.6578,-0.0011,0.0399,0.7521,59.4712,2.3958,0.2175,-0.0005,-0.0177,-0.0057,0.2564,-9.7384,37.784311,-122.407257,1998.72,59.47
30.7800,1047.3450,1070.8456,1998.7538,59.4228,0.2176,2.4843,3.3050,3.1053,97.7563,0.6577,-0.0014,0.0395,0.7522,59.4732,2.3949,0.2136,-0.0005,-0.0177,-0.0056,0.2563,-9.7375,37.784310,-122.407243,1998.74,59.47
30.8000,1047.1829,1072.0240,1998.7684,59.4248,0.2135,2.4835,3.2501,3.1028,97.7685,0.6577,-0.0017,0.0392,0.7523,59.4751,2.3940,0.2096,-0.0004,-0.0177,-0.0055,0.2563,-9.7366,37.784308,-122.407230,1998.75,59.47
30.8200,1047.0206,1073.2023,1998.7830,59.4268,0.2095,2.4826,3.1952,3.1003,97.7807,0.6576,-0.0021,0.0388,0.7524,59.4771,2.3931,0.2057,-0.0004,-0.0177,-0.0055,0.2563,-9.7357,37.784307,-122.407216,1998.77,59.47
30.8400,1046.8581,1074.3807,1998.7975,59.4288,0.2054,2.4818,3.1403,3.0978,97.7926,0.6575,-0.0024,0.0384,0.7525,59.4790,2.3922,0.2018,-0.0004,-0.0176,-0.0054,0.2562,-9.7348,37.784306,-122.407203,1998.78,59.47
30.8600,1046.6953,1075.5590,1998.8120,59.4308,0.2014,2.4810,3.0856,3.0953,97.8043,0.6574,-0.0027,0.0380,0.7526,59.4809,2.3913,0.1979,-0.0004,-0.0176,-0.0053,0.2562,-9.7340,37.784304,-122.407190,1998.80,59.48
30.8800,1046.5323,1076.7374,1998.8265,59.4328,0.1973,2.4802,3.0309,3.0929,97.8159,0.6573,-0.0030,0.0377,0.7526,59.4829,2.3905,0.1940,-0.0004,-0.0176,-0.0052,0.2561,-9.7331,37.784303,-122.407176,1998.81,59.48
30.9000,1046.3691,1077.9158,1998.8409,59.4348,0.1933,2.4794,2.9762,3.0904,97.8273,0.6573,-0.0033,0.0373,0.7527,59.4848,2.3896,0.1900,-0.0004,-0.0176,-0.0051,0.2561,-9.7323,37.784301,-122.407163,1998.83,59.48
30.9200,1046.2057,1079.0942,1998.8554,59.4368,0.1892,2.4786,2.9217,3.0879,97.8385,0.6572,-0.0036,0.0369,0.7528,59.4868,2.3887,0.1861,-0.0004,-0.0175,-0.0051,0.2560,-9.7315,37.784300,-122.407150,1998.84,59.48
30.9400,1046.0422,1080.2726,1998.8698,59.4388,0.1852,2.4778,2.8672,3.0855,97.8495,0.6571,-0.0039,0.0365,0.7529,59.4887,2.3879,0.1822,-0.0004,-0.0175,-0.0050,0.2560,-9.7307,37.784298,-122.407136,1998.86,59.48
30.9600,1045.8784,1081.4510,1998.8841,59.4408,0.1812,2.4770,2.8127,3.0830,97.8604,0.6570,-0.0042,0.0362,0.7530,59.4907,2.3870,0.1784,-0.0004,-0.0175,-0.0049,0.2559,-9.7299,37.784297,-122.407123,1998.87,59.49
30.9800,1045.7144,1082.6294,1998.8985,59.4428,0.1771,2.4762,2.7584,3.0806,97.8711,0.6570,-0.0045,0.0358,0.7531,59.4927,2.3862,0.1745,-0.0004,-0.0175,-0.0048,0.2559,-9.7291,37.784295,-122.407109,1998.88,59.49
31.0000,1045.5502,1083.8079,1998.9128,59.4448,0.1731,2.4754,2.7041,3.0782,97.8815,0.6569,-0.0048,0.0354,0.7531,59.4946,2.3854,0.1706,-0.0004,-0.0174,-0.0047,0.2558,-9.7284,37.784294,-122.407096,1998.90,59.49
31.0200,1045.3858,1084.9863,1998.9271,59.4468,0.1691,2.4747,2.6498,3.0757,97.8919,0.6568,-0.0051,0.0351,0.7532,59.4966,2.3846,0.1667,-0.0004,-0.0174,-0.0047,0.2558,-9.7276,37.784292,-122.407083,1998.91,59.49
31.0400,1045.2213,1086.1648,1998.9413,59.4488,0.1651,2.4739,2.5957,3.0733,97.9020,0.6568,-0.0053,0.0347,0.7533,59.4985,2.3837,0.1628,-0.0004,-0.0174,-0.0046,0.2557,-9.7269,37.784291,-122.407069,1998.93,59.49
31.0600,1045.0566,1087.3433,1998.9555,59.4508,0.1611,2.4732,2.5416,3.0709,97.9120,0.6567,-0.0056,0.0343,0.7534,59.5005,2.3829,0.1590,-0.0004,-0.0174,-0.0045,0.2557,-9.7261,37.784289,-122.407056,1998.94,59.50
31.0800,1044.8917,1088.5218,1998.9697,59.4528,0.1571,2.4724,2.4876,3.0685,97.9217,0.6566,-0.0059,0.0339,0.7534,59.5024,2.3821,0.1551,-0.0004,-0.0173,-0.0044,0.2556,-9.7254,37.784288,-122.407042,1998.96,59.50
31.1000,1044.7266,1089.7003,1998.9839,59.4548,0.1531,2.4717,2.4336,3.0661,97.9313,0.6566,-0.0062,0.0336,0.7535,59.5044,2.3813,0.1513,-0.0004,-0.0173,-0.0043,0.2556,-9.7247,37.784286,-122.407029,1998.97,59.50
31.1200,1044.5613,1090.8788,1998.9980,59.4568,0.1491,2.4710,2.3798,3.0637,97.9408,0.6565,-0.0065,0.0332,0.7536,59.5064,2.3806,0.1474,-0.0004,-0.0173,-0.0043,0.2555,-9.7240,37.784285,-122.407016,1998.98,59.50
31.1400,1044.3959,1092.0574,1999.0121,59.4588,0.1451,2.4702,2.3260,3.0613,97.9500,0.6564,-0.0068,0.0328,0.7536,59.5083,2.3798,0.1436,-0.0004,-0.0172,-0.0042,0.2555,-9.7233,37.784283,-122.407002,1999.00,59.50
31.1600,1044.2304,1093.2360,1999.0262,59.4608,0.1412,2.4695,2.2722,3.0589,97.9591,0.6564,-0.0071,0.0325,0.7537,59.5103,2.3790,0.1397,-0.0004,-0.0172,-0.0041,0.2554,-9.7226,37.784282,-122.406989,1999.01,59.51
31.1800,1044.0646,1094.4146,1999.0403,59.4629,0.1372,2.4688,2.2186,3.0565,97.9680,0.6563,-0.0074,0.0321,0.7538,59.5123,2.3782,0.1359,-0.0003,-0.0172,-0.0040,0.2554,-9.7220,37.784280,-122.406975,1999.03,59.51
31.2000,1043.8987,1095.5932,1999.0543,59.4649,0.1332,2.4681,2.1650,3.0542,97.9767,0.6562,-0.0077,0.0317,0.7538,59.5142,2.3775,0.1321,-0.0003,-0.0172,-0.0039,0.2553,-9.7213,37.784279,-122.406962,1999.04,59.51
31.2200,1043.7327,1096.7718,1999.0683,59.4669,0.1293,2.4674,2.1115,3.0518,97.9853,0.6562,-0.0080,0.0314,0.7539,59.5162,2.3767,0.1283,-0.0003,-0.0171,-0.0039,0.2553,-9.7207,37.784278,-122.406949,1999.05,59.51
31.2400,1043.5665,1097.9504,1999.0823,59.4689,0.1253,2.4667,2.0581,3.0494,97.9936,0.6561,-0.0083,0.0310,0.7540,59.5182,2.3760,0.1245,-0.0003,-0.0171,-0.0038,0.2552,-9.7201,37.784276,-122.406935,1999.07,59.51
31.2600,1043.4002,1099.1291,1999.0962,59.4709,0.1214,2.4661,2.0047,3.0471,98.0018,0.6561,-0.0086,0.0306,0.7540,59.5202,2.3752,0.1207,-0.0003,-0.0171,-0.0037,0.2552,-9.7194,37.784275,-122.406922,1999.08,59.52
31.2800,1043.2337,1100.3078,1999.1101,59.4729,0.1174,2.4654,1.9514,3.0447,98.0098,0.6560,-0.0089,0.0303,0.7541,59.5221,2.3745,0.1168,-0.0003,-0.0170,-0.0036,0.2551,-9.7188,37.784273,-122.406908,1999.10,59.52
31.3000,1043.0671,1101.4865,1999.1240,59.4749,0.1135,2.4647,1.8982,3.0424,98.0177,0.6560,-0.0092,0.0299,0.7542,59.5241,2.3738,0.1131,-0.0003,-0.0170,-0.0035,0.2551,-9.7183,37.784272,-122.406895,1999.11,59.52
31.3200,1042.9004,1102.6652,1999.1378,59.4769,0.1096,2.4641,1.8451,3.0400,98.0253,0.6559,-0.0095,0.0295,0.7542,59.5261,2.3731,0.1093,-0.0003,-0.0170,-0.0035,0.2550,-9.7177,37.784270,-122.406882,1999.12,59.52
31.3400,1042.7335,1103.8440,1999.1516,59.4790,0.1057,2.4634,1.7920,3.0377,98.0328,0.6558,-0.0098,0.0292,0.7543,59.5281,2.3724,0.1055,-0.0003,-0.0170,-0.0034,0.2550,-9.7171,37.784269,-122.406868,1999.14,59.52
31.3600,1042.5665,1105.0227,1999.1654,59.4810,0.1017,2.4628,1.7391,3.0354,98.0401,0.6558,-0.0100,0.0288,0.7543,59.5300,2.3717,0.1017,-0.0003,-0.0169,-0.0033,0.2549,-9.7165,37.784267,-122.406855,1999.15,59.53
31.3800,1042.3994,1106.2015,1999.1792,59.4830,0.0978,2.4622,1.6862,3.0331,98.0473,0.6557,-0.0103,0.0285,0.7544,59.5320,2.3710,0.0979,-0.0003,-0.0169,-0.0032,0.2549,-9.7160,37.784266,-122.406841,1999.17,59.53
31.4000,1042.2322,1107.3803,1999.1929,59.4850,0.0939,2.4615,1.6333,3.0308,98.0543,0.6557,-0.0106,0.0281,0.7544,59.5340,2.3703,0.0942,-0.0003,-0.0169,-0.0032,0.2548,-9.7155,37.784264,-122.406828,1999.18,59.53
31.4200,1042.0648,1108.5592,1999.2066,59.4870,0.0900,2.4609,1.5806,3.0285,98.0611,0.6556,-0.0109,0.0277,0.7545,59.5360,2.3696,0.0904,-0.0003,-0.0168,-0.0031,0.2548,-9.7149,37.784263,-122.406815,1999.19,59.53
31.4400,1041.8974,1109.7380,1999.2202,59.4890,0.0861,2.4603,1.5279,3.0262,98.0677,0.6556,-0.0112,0.0274,0.7545,59.5380,2.3689,0.0866,-0.0003,-0.0168,-0.0030,0.2547,-9.7144,37.784261,-122.406801,1999.21,59.53
31.4600,1041.7298,1110.9169,1999.2339,59.4911,0.0823,2.4597,1.4753,3.0239,98.0741,0.6555,-0.0115,0.0270,0.7546,59.5400,2.3682,0.0829,-0.0003,-0.0168,-0.0029,0.2547,-9.7139,37.784260,-122.406788,1999.22,59.54
31.4800,1041.5621,1112.0959,1999.2475,59.4931,0.0784,2.4591,1.4228,3.0216,98.0804,0.6555,-0.0118,0.0267,0.7546,59.5419,2.3676,0.0792,-0.0003,-0.0168,-0.0028,0.2546,-9.7134,37.784258,-122.406774,1999.23,59.54
31.5000,1041.3944,1113.2748,1999.2610,59.4951,0.0745,2.4585,1.3704,3.0193,98.0865,0.6555,-0.0121,0.0263,0.7547,59.5439,2.3669,0.0754,-0.0003,-0.0167,-0.0028,0.2546,-9.7130,37.784257,-122.406761,1999.25,59.54
31.5200,1041.2265,1114.4538,1999.2746,59.4971,0.0706,2.4579,1.3181,3.0170,98.0924,0.6554,-0.0123,0.0259,0.7547,59.5459,2.3663,0.0717,-0.0003,-0.0167,-0.0027,0.2545,-9.7125,37.784255,-122.406748,1999.26,59.54
31.5400,1041.0585,1115.6328,1999.2881,59.4991,0.0668,2.4573,1.2658,3.0148,98.0982,0.6554,-0.0126,0.0256,0.7548,59.5479,2.3656,0.0680,-0.0003,-0.0167,-0.0026,0.2545,-9.7120,37.784253,-122.406734,1999.27,59.54
31.5600,1040.8905,1116.8118,1999.3015,59.5012,0.0629,2.4568,1.2136,3.0125,98.1038,0.6553,-0.0129,0.0252,0.7548,59.5499,2.3650,0.0643,-0.0003,-0.0166,-0.0025,0.2544,-9.7116,37.784252,-122.406721,1999.29,59.55
31.5800,1040.7223,1117.9908,1999.3150,59.5032,0.0591,2.4562,1.1615,3.0103,98.1092,0.6553,-0.0132,0.0249,0.7549,59.5519,2.3644,0.0605,-0.0003,-0.0166,-0.0025,0.2544,-9.7112,37.784250,-122.406707,1999.30,59.55
31.6000,1040.5541,1119.1699,1999.3284,59.5052,0.0552,2.4556,1.1095,3.0080,98.1144,0.6552,-0.0135,0.0245,0.7549,59.5539,2.3637,0.0568,-0.0003,-0.0166,-0.0024,0.2543,-9.7107,37.784249,-122.406694,1999.31,59.55
31.6200,1040.3858,1120.3490,1999.3418,59.5072,0.0514,2.4551,1.0576,3.0058,98.1195,0.6552,-0.0138,0.0242,0.7549,59.5559,2.3631,0.0531,-0.0003,-0.0165,-0.0023,0.2542,-9.7103,37.784247,-122.406681,1999.33,59.55
31.6400,1040.2174,1121.5282,1999.3551,59.5092,0.0476,2.4545,1.0057,3.0035,98.1244,0.6552,-0.0140,0.0238,0.7550,59.5579,2.3625,0.0494,-0.0003,-0.0165,-0.0022,0.2542,-9.7099,37.784246,-122.406667,1999.34,59.55
31.6600,1040.0489,1122.7073,1999.3684,59.5113,0.0437,2.4540,0.9539,3.0013,98.1291,0.6551,-0.0143,0.0234,0.7550,59.5599,2.3619,0.0458,-0.0003,-0.0165,-0.0021,0.2541,-9.7095,37.784244,-122.406654,1999.36,59.56
31.6800,1039.8804,1123.8865,1999.3817,59.5133,0.0399,2.4535,0.9023,2.9991,98.1337,0.6551,-0.0146,0.0231,0.7551,59.5619,2.3613,0.0421,-0.0003,-0.0165,-0.0021,0.2541,-9.7092,37.784243,-122.406640,1999.37,59.56
31.7000,1039.7118,1125.0658,1999.3950,59.5153,0.0361,2.4529,0.8507,2.9969,98.1381,0.6551,-0.0149,0.0227,0.7551,59.5638,2.3607,0.0384,-0.0003,-0.0164,-0.0020,0.2540,-9.7088,37.784241,-122.406627,1999.38,59.56
31.7200,1039.5432,1126.2450,1999.4082,59.5173,0.0323,2.4524,0.7991,2.9947,98.1423,0.6550,-0.0152,0.0224,0.7551,59.5658,2.3601,0.0347,-0.0002,-0.0164,-0.0019,0.2540,-9.7084,37.784240,-122.406614,1999.39,59.56
31.7400,1039.3745,1127.4243,1999.4214,59.5194,0.0285,2.4519,0.7477,2.9925,98.1463,0.6550,-0.0155,0.0220,0.7552,59.5678,2.3595,0.0311,-0.0002,-0.0164,-0.0018,0.2539,-9.7081,37.784238,-122.406600,1999.41,59.56
31.7600,1039.2057,1128.6037,1999.4345,59.5214,0.0247,2.4514,0.6964,2.9903,98.1502,0.6550,-0.0157,0.0217,0.7552,59.5698,2.3590,0.0274,-0.0002,-0.0163,-0.0018,0.2538,-9.7078,37.784237,-122.406587,1999.42,59.57
31.7800,1039.0369,1129.7830,1999.4477,59.5234,0.0210,2.4509,0.6451,2.9881,98.1539,0.6549,-0.0160,0.0213,0.7552,59.5718,2.3584,0.0238,-0.0002,-0.0163,-0.0017,0.2538,-9.7074,37.784235,-122.406573,1999.43,59.57
31.8000,1038.8680,1130.9624,1999.4607,59.5254,0.0172,2.4504,0.5939,2.9859,98.1575,0.6549,-0.0163,0.0210,0.7553,59.5738,2.3578,0.0202,-0.0002,-0.0163,-0.0016,0.2537,-9.7071,37.784234,-122.406560,1999.45,59.57
31.8200,1038.6991,1132.1419,1999.4738,59.5275,0.0134,2.4499,0.5429,2.9837,98.1608,0.6549,-0.0166,0.0206,0.7553,59.5758,2.3573,0.0165,-0.0002,-0.0162,-0.0015,0.2537,-9.7068,37.784232,-122.406547,1999.46,59.57
31.8400,1038.5301,1133.3213,1999.4868,59.5295,0.0096,2.4494,0.4919,2.9816,98.1640,0.6548,-0.0168,0.0203,0.7553,59.5779,2.3567,0.0129,-0.0002,-0.0162,-0.0015,0.2536,-9.7065,37.784231,-122.406533,1999.47,59.57
31.8600,1038.3611,1134.5008,1999.4998,59.5315,0.0059,2.4490,0.4410,2.9794,98.1671,0.6548,-0.0171,0.0199,0.7553,59.5799,2.3562,0.0093,-0.0002,-0.0162,-0.0014,0.2536,-9.7062,37.784229,-122.406520,1999.49,59.58
31.8800,1038.1921,1135.6804,1999.5128,59.5335,0.0021,2.4485,0.3901,2.9773,98.1699,0.6548,-0.0174,0.0196,0.7554,59.5819,2.3557,0.0057,-0.0002,-0.0161,-0.0013,0.2535,-9.7060,37.784228,-122.406506,1999.50,59.58
31.9000,1038.0230,1136.8599,1999.5257,59.5356,-0.0016,2.4480,0.3394,2.9751,98.1726,0.6548,-0.0177,0.0192,0.7554,59.5839,2.3551,0.0021,-0.0002,-0.0161,-0.0012,0.2534,-9.7057,37.784226,-122.406493,1999.51,59.58
31.9200,1037.8539,1138.0395,1999.5386,59.5376,-0.0053,2.4476,0.2888,2.9730,98.1752,0.6547,-0.0180,0.0189,0.7554,59.5859,2.3546,-0.0015,-0.0002,-0.0161,-0.0012,0.2534,-9.7055,37.784225,-122.406480,1999.53,59.58
31.9400,1037.6848,1139.2192,1999.5514,59.5396,-0.0091,2.4471,0.2382,2.9708,98.1775,0.6547,-0.0182,0.0185,0.7554,59.5879,2.3541,-0.0051,-0.0002,-0.0160,-0.0011,0.2533,-9.7052,37.784223,-122.406466,1999.54,59.58
31.9600,1037.5156,1140.3989,1999.5643,59.5416,-0.0128,2.4467,0.1877,2.9687,98.1797,0.6547,-0.0185,0.0182,0.7555,59.5899,2.3536,-0.0087,-0.0002,-0.0160,-0.0010,0.2533,-9.7050,37.784222,-122.406453,1999.55,59.59
31.9800,1037.3465,1141.5786,1999.5770,59.5437,-0.0165,2.4463,0.1374,2.9666,98.1818,0.6547,-0.0188,0.0179,0.7555,59.5919,2.3531,-0.0123,-0.0002,-0.0160,-0.0009,0.2532,-9.7048,37.784220,-122.406439,1999.56,59.59
32.0000,1037.1773,1142.7584,1999.5898,59.5457,-0.0202,2.4458,0.0871,2.9645,98.1836,0.6546,-0.0191,0.0175,0.7555,59.5939,2.3526,-0.0159,-0.0002,-0.0159,-0.0009,0.2531,-9.7046,37.784219,-122.406426,1999.58,59.59
32.0200,1037.0081,1143.9382,1999.6025,59.5477,-0.0239,2.4454,0.0369,2.9624,98.1853,0.6546,-0.0193,0.0172,0.7555,59.5959,2.3521,-0.0194,-0.0002,-0.0159,-0.0008,0.2531,-9.7044,37.784217,-122.406413,1999.59,59.59
32.0400,1036.8389,1145.1180,1999.6152,59.5498,-0.0276,2.4450,-0.0132,2.9603,98.1869,0.6546,-0.0196,0.0168,0.7555,59.5979,2.3516,-0.0230,-0.0002,-0.0159,-0.0007,0.2530,-9.7042,37.784216,-122.406399,1999.60,59.59
32.0600,1036.6697,1146.2979,1999.6279,59.5518,-0.0313,2.4446,-0.0632,2.9582,98.1882,0.6546,-0.0199,0.0165,0.7555,59.5999,2.3511,-0.0265,-0.0002,-0.0158,-0.0006,0.2530,-9.7040,37.784214,-122.406386,1999.62,59.60
32.0800,1036.5005,1147.4778,1999.6405,59.5538,-0.0350,2.4442,-0.1131,2.9561,98.1894,0.6546,-0.0201,0.0161,0.7556,59.6020,2.3507,-0.0301,-0.0002,-0.0158,-0.0006,0.2529,-9.7038,37.784213,-122.406372,1999.63,59.60
32.1000,1036.3313,1148.6578,1999.6531,59.5559,-0.0386,2.4438,-0.1630,2.9540,98.1905,0.6546,-0.0204,0.0158,0.7556,59.6040,2.3502,-0.0336,-0.0002,-0.0158,-0.0005,0.2528,-9.7037,37.784211,-122.406359,1999.64,59.60
32.1200,1036.1621,1149.8378,1999.6656,59.5579,-0.0423,2.4434,-0.2127,2.9519,98.1913,0.6545,-0.0207,0.0155,0.7556,59.6060,2.3497,-0.0371,-0.0002,-0.0157,-0.0004,0.2528,-9.7035,37.784210,-122.406346,1999.65,59.60
32.1400,1035.9929,1151.0178,1999.6782,59.5599,-0.0459,2.4430,-0.2623,2.9499,98.1920,0.6545,-0.0210,0.0151,0.7556,59.6080,2.3493,-0.0406,-0.0002,-0.0157,-0.0003,0.2527,-9.7034,37.784208,-122.406332,1999.67,59.60
32.1600,1035.8238,1152.1979,1999.6906,59.5619,-0.0496,2.4426,-0.3119,2.9478,98.1926,0.6545,-0.0212,0.0148,0.7556,59.6100,2.3488,-0.0442,-0.0002,-0.0157,-0.0003,0.2527,-9.7033,37.784206,-122.406319,1999.68,59.61
32.1800,1035.6546,1153.3780,1999.7031,59.5640,-0.0532,2.4423,-0.3613,2.9458,98.1930,0.6545,-0.0215,0.0144,0.7556,59.6120,2.3484,-0.0477,-0.0002,-0.0156,-0.0002,0.2526,-9.7031,37.784205,-122.406305,1999.69,59.61
32.2000,1035.4855,1154.5582,1999.7155,59.5660,-0.0569,2.4419,-0.4107,2.9437,98.1932,0.6545,-0.0218,0.0141,0.7556,59.6140,2.3479,-0.0512,-0.0002,-0.0156,-0.0001,0.2525,-9.7030,37.784203,-122.406292,1999.70,59.61
32.2200,1035.3163,1155.7384,1999.7279,59.5680,-0.0605,2.4415,-0.4599,2.9417,98.1932,0.6545,-0.0220,0.0138,0.7556,59.6161,2.3475,-0.0546,-0.0002,-0.0156,-0.0001,0.2525,-9.7029,37.784202,-122.406278,1999.72,59.61
32.2400,1035.1473,1156.9187,1999.7402,59.5701,-0.0641,2.4412,-0.5091,2.9396,98.1931,0.6545,-0.0223,0.0134,0.7556,59.6181,2.3471,-0.0581,-0.0002,-0.0155,0.0000,0.2524,-9.7028,37.784200,-122.406265,1999.73,59.61
32.2600,1034.9782,1158.0990,1999.7526,59.5721,-0.0677,2.4408,-0.5582,2.9376,98.1928,0.6545,-0.0226,0.0131,0.7556,59.6201,2.3467,-0.0616,-0.0002,-0.0155,0.0001,0.2523,-9.7028,37.784199,-122.406252,1999.74,59.62
32.2800,1034.8092,1159.2794,1999.7648,59.5741,-0.0713,2.4405,-0.6071,2.9356,98.1924,0.6545,-0.0228,0.0128,0.7556,59.6221,2.3463,-0.0651,-0.0002,-0.0155,0.0002,0.2523,-9.7027,37.784197,-122.406238,1999.75,59.62
32.3000,1034.6402,1160.4598,1999.7771,59.5762,-0.0749,2.4402,-0.6560,2.9336,98.1918,0.6545,-0.0231,0.0124,0.7556,59.6241,2.3458,-0.0685,-0.0002,-0.0154,0.0002,0.2522,-9.7026,37.784196,-122.406225,1999.76,59.62
32.3200,1034.4712,1161.6402,1999.7893,59.5782,-0.0785,2.4398,-0.7048,2.9316,98.1911,0.6545,-0.0234,0.0121,0.7556,59.6262,2.3454,-0.0720,-0.0002,-0.0154,0.0003,0.2522,-9.7026,37.784194,-122.406211,1999.78,59.62
32.3400,1034.3023,1162.8207,1999.8015,59.5802,-0.0821,2.4395,-0.7535,2.9296,98.1901,0.6545,-0.0236,0.0118,0.7556,59.6282,2.3450,-0.0754,-0.0002,-0.0154,0.0004,0.2521,-9.7025,37.784193,-122.406198,1999.79,59.63
32.3600,1034.1334,1164.0013,1999.8136,59.5822,-0.0857,2.4392,-0.8021,2.9276,98.1890,0.6544,-0.0239,0.0114,0.7556,59.6302,2.3447,-0.0789,-0.0002,-0.0153,0.0005,0.2520,-9.7025,37.784191,-122.406185,1999.80,59.63
32.3800,1033.9646,1165.1819,1999.8257,59.5843,-0.0892,2.4389,-0.8505,2.9256,98.1878,0.6544,-0.0242,0.0111,0.7556,59.6322,2.3443,-0.0823,-0.0002,-0.0153,0.0005,0.2520,-9.7025,37.784190,-122.406171,1999.81,59.63
32.4000,1033.7958,1166.3625,1999.8378,59.5863,-0.0928,2.4386,-0.8989,2.9236,98.1864,0.6544,-0.0244,0.0108,0.7556,59.6342,2.3439,-0.0857,-0.0002,-0.0153,0.0006,0.2519,-9.7025,37.784188,-122.406158,1999.83,59.63
32.4200,1033.6271,1167.5432,1999.8498,59.5883,-0.0963,2.4383,-0.9472,2.9217,98.1848,0.6544,-0.0247,0.0104,0.7556,59.6363,2.3435,-0.0891,-0.0002,-0.0152,0.0007,0.2518,-9.7025,37.784187,-122.406144,1999.84,59.63
32.4400,1033.4584,1168.7239,1999.8618,59.5904,-0.0999,2.4380,-0.9954,2.9197,98.1831,0.6544,-0.0249,0.0101,0.7556,59.6383,2.3431,-0.0925,-0.0002,-0.0152,0.0007,0.2518,-9.7025,37.784185,-122.406131,1999.85,59.64
32.4600,1033.2898,1169.9047,1999.8738,59.5924,-0.1034,2.4377,-1.0435,2.9177,98.1812,0.6545,-0.0252,0.0098,0.7556,59.6403,2.3428,-0.0959,-0.0002,-0.0152,0.0008,0.2517,-9.7025,37.784184,-122.406117,1999.86,59.64
32.4800,1033.1213,1171.0856,1999.8857,59.5944,-0.1069,2.4374,-1.0915,2.9158,98.1792,0.6545,-0.0255,0.0095,0.7556,59.6423,2.3424,-0.0993,-0.0002,-0.0151,0.0009,0.2516,-9.7025,37.784182,-122.406104,1999.87,59.64
32.5000,1032.9528,1172.2665,1999.8976,59.5965,-0.1104,2.4371,-1.1394,2.9138,98.1770,0.6545,-0.0257,0.0091,0.7556,59.6443,2.3421,-0.1027,-0.0002,-0.0151,0.0010,0.2516,-9.7026,37.784181,-122.406091,1999.89,59.64
32.5200,1032.7844,1173.4474,1999.9095,59.5985,-0.1140,2.4368,-1.1872,2.9119,98.1746,0.6545,-0.0260,0.0088,0.7556,59.6464,2.3417,-0.1061,-0.0002,-0.0151,0.0010,0.2515,-9.7026,37.784179,-122.406077,1999.90,59.64
32.5400,1032.6161,1174.6284,1999.9213,59.6005,-0.1175,2.4366,-1.2349,2.9100,98.1721,0.6545,-0.0262,0.0085,0.7556,59.6484,2.3414,-0.1095,-0.0002,-0.0150,0.0011,0.2514,-9.7027,37.784178,-122.406064,1999.91,59.65
32.5600,1032.4478,1175.8094,1999.9331,59.6025,-0.1209,2.4363,-1.2825,2.9080,98.1694,0.6545,-0.0265,0.0082,0.7556,59.6504,2.3410,-0.1128,-0.0002,-0.0150,0.0012,0.2514,-9.7027,37.784176,-122.406050,1999.92,59.65
32.5800,1032.2797,1176.9905,1999.9448,59.6046,-0.1244,2.4361,-1.3299,2.9061,98.1666,0.6545,-0.0268,0.0078,0.7556,59.6524,2.3407,-0.1162,-0.0002,-0.0149,0.0012,0.2513,-9.7028,37.784175,-122.406037,1999.93,59.65
32.6000,1032.1116,1178.1717,1999.9565,59.6066,-0.1279,2.4358,-1.3773,2.9042,98.1636,0.6545,-0.0270,0.0075,0.7555,59.6545,2.3404,-0.1195,-0.0002,-0.0149,0.0013,0.2512,-9.7029,37.784173,-122.406024,1999.94,59.65
32.6200,1031.9436,1179.3529,1999.9682,59.6086,-0.1314,2.4356,-1.4246,2.9023,98.1604,0.6545,-0.0273,0.0072,0.7555,59.6565,2.3401,-0.1229,-0.0002,-0.0149,0.0014,0.2512,-9.7030,37.784172,-122.406010,1999.96,59.65
32.6400,1031.7757,1180.5342,1999.9799,59.6107,-0.1348,2.4353,-1.4718,2.9004,98.1571,0.6545,-0.0275,0.0069,0.7555,59.6585,2.3398,-0.1262,-0.0002,-0.0148,0.0014,0.2511,-9.7031,37.784170,-122.405997,1999.97,59.66
32.6600,1031.6078,1181.7155,1999.9915,59.6127,-0.1383,2.4351,-1.5189,2.8985,98.1537,0.6545,-0.0278,0.0066,0.7555,59.6605,2.3394,-0.1295,-0.0002,-0.0148,0.0015,0.2510,-9.7032,37.784169,-122.405983,1999.98,59.66
32.6800,1031.4401,1182.8968,2000.0031,59.6147,-0.1417,2.4349,-1.5658,2.8966,98.1500,0.6545,-0.0280,0.0062,0.7555,59.6626,2.3391,-0.1328,-0.0002,-0.0148,0.0016,0.2510,-9.7033,37.784167,-122.405970,1999.99,59.66
32.7000,1031.2725,1184.0783,2000.0146,59.6168,-0.1452,2.4346,-1.6127,2.8948,98.1463,0.6546,-0.0283,0.0059,0.7555,59.6646,2.3388,-0.1361,-0.0002,-0.0147,0.0017,0.2509,-9.7034,37.784166,-122.405956,2000.00,59.66
32.7200,1031.1050,1185.2597,2000.0261,59.6188,-0.1486,2.4344,-1.6595,2.8929,98.1423,0.6546,-0.0286,0.0056,0.7554,59.6666,2.3386,-0.1394,-0.0002,-0.0147,0.0017,0.2508,-9.7036,37.784164,-122.405943,2000.01,59.66
32.7400,1030.9376,1186.4413,2000.0376,59.6208,-0.1520,2.4342,-1.7061,2.8910,98.1382,0.6546,-0.0288,0.0053,0.7554,59.6686,2.3383,-0.1427,-0.0002,-0.0147,0.0018,0.2508,-9.7037,37.784163,-122.405930,2000.03,59.67
32.7600,1030.7703,1187.6229,2000.0490,59.6228,-0.1554,2.4340,-1.7527,2.8892,98.1340,0.6546,-0.0291,0.0050,0.7554,59.6707,2.3380,-0.1460,-0.0002,-0.0146,0.0019,0.2507,-9.7039,37.784161,-122.405916,2000.04,59.67
32.7800,1030.6031,1188.8045,2000.0604,59.6249,-0.1588,2.4338,-1.7992,2.8873,98.1296,0.6546,-0.0293,0.0046,0.7554,59.6727,2.3377,-0.1493,-0.0002,-0.0146,0.0019,0.2506,-9.7040,37.784160,-122.405903,2000.05,59.67
32.8000,1030.4360,1189.9862,2000.0718,59.6269,-0.1622,2.4336,-1.8455,2.8855,98.1250,0.6546,-0.0296,0.0043,0.7554,59.6747,2.3374,-0.1525,-0.0002,-0.0145,0.0020,0.2506,-9.7042,37.784158,-122.405889,2000.06,59.67
32.8200,1030.2690,1191.1680,2000.0831,59.6289,-0.1656,2.4334,-1.8917,2.8836,98.1203,0.6547,-0.0298,0.0040,0.7553,59.6768,2.3372,-0.1558,-0.0002,-0.0145,0.0021,0.2505,-9.7044,37.784157,-122.405876,2000.07,59.67
32.8400,1030.1022,1192.3498,2000.0944,59.6309,-0.1690,2.4332,-1.9379,2.8818,98.1155,0.6547,-0.0301,0.0037,0.7553,59.6788,2.3369,-0.1590,-0.0002,-0.0145,0.0021,0.2504,-9.7046,37.784155,-122.405862,2000.08,59.68
32.8600,1029.9355,1193.5317,2000.1056,59.6330,-0.1724,2.4330,-1.9839,2.8800,98.1104,0.6547,-0.0303,0.0034,0.7553,59.6808,2.3366,-0.1623,-0.0002,-0.0144,0.0022,0.2504,-9.7048,37.784154,-122.405849,2000.09,59.68
32.8800,1029.7689,1194.7136,2000.1168,59.6350,-0.1757,2.4329,-2.0298,2.8782,98.1053,0.6547,-0.0306,0.0031,0.7552,59.6828,2.3364,-0.1655,-0.0002,-0.0144,0.0023,0.2503,-9.7050,37.784152,-122.405836,2000.11,59.68
32.9000,1029.6024,1195.8956,2000.1280,59.6370,-0.1791,2.4327,-2.0756,2.8764,98.1000,0.6547,-0.0308,0.0028,0.7552,59.6849,2.3361,-0.1687,-0.0002,-0.0144,0.0023,0.2502,-9.7052,37.784151,-122.405822,2000.12,59.68
32.9200,1029.4361,1197.0777,2000.1392,59.6390,-0.1824,2.4325,-2.1214,2.8746,98.0945,0.6548,-0.0311,0.0025,0.7552,59.6869,2.3359,-0.1719,-0.0002,-0.0143,0.0024,0.2501,-9.7054,37.784149,-122.405809,2000.13,59.68
32.9400,1029.2699,1198.2598,2000.1503,59.6411,-0.1858,2.4324,-2.1670,2.8728,98.0889,0.6548,-0.0313,0.0022,0.7552,59.6889,2.3357,-0.1751,-0.0002,-0.0143,0.0025,0.2501,-9.7056,37.784148,-122.405795,2000.14,59.69
32.9600,1029.1039,1199.4420,2000.1614,59.6431,-0.1891,2.4322,-2.2124,2.8710,98.0831,0.6548,-0.0316,0.0018,0.7551,59.6909,2.3354,-0.1783,-0.0002,-0.0142,0.0025,0.2500,-9.7059,37.784146,-122.405782,2000.15,59.69
32.9800,1028.9380,1200.6243,2000.1724,59.6451,-0.1924,2.4321,-2.2578,2.8692,98.0771,0.6548,-0.0318,0.0015,0.7551,59.6930,2.3352,-0.1815,-0.0002,-0.0142,0.0026,0.2499,-9.7061,37.784145,-122.405768,2000.16,59.69
33.0000,1028.7722,1201.8066,2000.1834,59.6471,-0.1957,2.4319,-2.3031,2.8674,98.0711,0.6549,-0.0321,0.0012,0.7551,59.6950,2.3350,-0.1847,-0.0002,-0.0142,0.0027,0.2499,-9.7064,37.784143,-122.405755,2000.17,59.69
33.0200,1028.6066,1202.9889,2000.1944,59.6492,-0.1990,2.4318,-2.3483,2.8657,98.0648,0.6549,-0.0323,0.0009,0.7550,59.6970,2.3348,-0.1879,-0.0002,-0.0141,0.0027,0.2498,-9.7066,37.784142,-122.405741,2000.18,59.69
33.0400,1028.4411,1204.1714,2000.2053,59.6512,-0.2023,2.4317,-2.3933,2.8639,98.0584,0.6549,-0.0326,0.0006,0.7550,59.6990,2.3346,-0.1910,-0.0002,-0.0141,0.0028,0.2497,-9.7069,37.784140,-122.405728,2000.19,59.70
33.0600,1028.2758,1205.3539,2000.2162,59.6532,-0.2056,2.4315,-2.4383,2.8621,98.0519,0.6550,-0.0328,0.0003,0.7549,59.7011,2.3343,-0.1942,-0.0002,-0.0141,0.0029,0.2497,-9.7072,37.784139,-122.405715,2000.21,59.70
33.0800,1028.1107,1206.5364,2000.2270,59.6552,-0.2089,2.4314,-2.4831,2.8604,98.0452,0.6550,-0.0330,0.0000,0.7549,59.7031,2.3341,-0.1973,-0.0002,-0.0140,0.0029,0.2496,-9.7074,37.784137,-122.405701,2000.22,59.70
33.1000,1027.9457,1207.7190,2000.2378,59.6572,-0.2122,2.4313,-2.5278,2.8587,98.0384,0.6550,-0.0333,-0.0003,0.7549,59.7051,2.3339,-0.2005,-0.0002,-0.0140,0.0030,0.2495,-9.7077,37.784136,-122.405688,2000.23,59.70
33.1200,1027.7809,1208.9017,2000.2486,59.6593,-0.2154,2.4312,-2.5725,2.8569,98.0314,0.6551,-0.0335,-0.0006,0.7548,59.7071,2.3337,-0.2036,-0.0002,-0.0139,0.0031,0.2494,-9.7080,37.784134,-122.405674,2000.24,59.70
33.1400,1027.6162,1210.0845,2000.2594,59.6613,-0.2187,2.4311,-2.6170,2.8552,98.0243,0.6551,-0.0338,-0.0009,0.7548,59.7092,2.3336,-0.2067,-0.0002,-0.0139,0.0031,0.2494,-9.7083,37.784133,-122.405661,2000.25,59.71
33.1600,1027.4517,1211.2673,2000.2701,59.6633,-0.2219,2.4309,-2.6614,2.8535,98.0170,0.6551,-0.0340,-0.0012,0.7547,59.7112,2.3334,-0.2098,-0.0002,-0.0139,0.0032,0.2493,-9.7087,37.784131,-122.405647,2000.26,59.71
33.1800,1027.2874,1212.4502,2000.2808,59.6653,-0.2252,2.4308,-2.7056,2.8518,98.0096,0.6552,-0.0343,-0.0015,0.7547,59.7132,2.3332,-0.2129,-0.0002,-0.0138,0.0033,0.2492,-9.7090,37.784130,-122.405634,2000.27,59.71
33.2000,1027.1233,1213.6331,2000.2914,59.6673,-0.2284,2.4307,-2.7498,2.8500,98.0020,0.6552,-0.0345,-0.0018,0.7547,59.7152,2.3330,-0.2160,-0.0002,-0.0138,0.0033,0.2491,-9.7093,37.784128,-122.405621,2000.28,59.71
33.2200,1026.9593,1214.8161,2000.3020,59.6694,-0.2316,2.4307,-2.7939,2.8483,97.9943,0.6552,-0.0347,-0.0021,0.7546,59.7173,2.3328,-0.2191,-0.0002,-0.0137,0.0034,0.2491,-9.7096,37.784127,-122.405607,2000.29,59.71
33.2400,1026.7956,1215.9992,2000.3126,59.6714,-0.2348,2.4306,-2.8378,2.8466,97.9864,0.6553,-0.0350,-0.0024,0.7546,59.7193,2.3327,-0.2222,-0.0002,-0.0137,0.0035,0.2490,-9.7100,37.784125,-122.405594,2000.30,59.72
33.2600,1026.6320,1217.1823,2000.3231,59.6734,-0.2380,2.4305,-2.8817,2.8450,97.9784,0.6553,-0.0352,-0.0027,0.7545,59.7213,2.3325,-0.2253,-0.0002,-0.0137,0.0035,0.2489,-9.7103,37.784124,-122.405580,2000.31,59.72
33.2800,1026.4686,1218.3656,2000.3336,59.6754,-0.2412,2.4304,-2.9254,2.8433,97.9702,0.6554,-0.0355,-0.0030,0.7545,59.7233,2.3324,-0.2283,-0.0002,-0.0136,0.0036,0.2489,-9.7107,37.784122,-122.405567,2000.32,59.72
33.3000,1026.3054,1219.5488,2000.3440,59.6774,-0.2444,2.4303,-2.9690,2.8416,97.9619,0.6554,-0.0357,-0.0033,0.7544,59.7254,2.3322,-0.2314,-0.0002,-0.0136,0.0037,0.2488,-9.7111,37.784121,-122.405553,2000.33,59.72
33.3200,1026.1423,1220.7322,2000.3544,59.6794,-0.2475,2.4303,-3.0125,2.8399,97.9534,0.6554,-0.0359,-0.0036,0.7544,59.7274,2.3321,-0.2344,-0.0002,-0.0136,0.0037,0.2487,-9.7114,37.784119,-122.405540,2000.34,59.73
33.3400,1025.9795,1221.9156,2000.3648,59.6814,-0.2507,2.4302,-3.0559,2.8383,97.9448,0.6555,-0.0362,-0.0039,0.7543,59.7294,2.3319,-0.2375,-0.0002,-0.0135,0.0038,0.2486,-9.7118,37.784118,-122.405526,2000.35,59.73
33.3600,1025.8169,1223.0991,2000.3752,59.6834,-0.2538,2.4301,-3.0991,2.8366,97.9361,0.6555,-0.0364,-0.0041,0.7543,59.7314,2.3318,-0.2405,-0.0002,-0.0135,0.0038,0.2486,-9.7122,37.784117,-122.405513,2000.36,59.73
33.3800,1025.6545,1224.2826,2000.3855,59.6855,-0.2570,2.4301,-3.1423,2.8350,97.9272,0.6556,-0.0366,-0.0044,0.7542,59.7334,2.3316,-0.2435,-0.0002,-0.0134,0.0039,0.2485,-9.7126,37.784115,-122.405499,2000.38,59.73
33.4000,1025.4923,1225.4662,2000.3957,59.6875,-0.2601,2.4300,-3.1853,2.8333,97.9182,0.6556,-0.0369,-0.0047,0.7542,59.7355,2.3315,-0.2465,-0.0002,-0.0134,0.0040,0.2484,-9.7130,37.784114,-122.405486,2000.39,59.73
33.4200,1025.3303,1226.6499,2000.4060,59.6895,-0.2633,2.4300,-3.2282,2.8317,97.9090,0.6557,-0.0371,-0.0050,0.7541,59.7375,2.3314,-0.2495,-0.0002,-0.0134,0.0040,0.2483,-9.7134,37.784112,-122.405473,2000.40,59.74
33.4400,1025.1685,1227.8337,2000.4162,59.6915,-0.2664,2.4299,-3.2711,2.8301,97.8997,0.6557,-0.0374,-0.0053,0.7541,59.7395,2.3313,-0.2525,-0.0002,-0.0133,0.0041,0.2483,-9.7138,37.784111,-122.405459,2000.41,59.74
33.4600,1025.0069,1229.0175,2000.4263,59.6935,-0.2695,2.4299,-3.3137,2.8284,97.8902,0.6558,-0.0376,-0.0056,0.7540,59.7415,2.3311,-0.2555,-0.0002,-0.0133,0.0042,0.2482,-9.7143,37.784109,-122.405446,2000.42,59.74
33.4800,1024.8455,1230.2014,2000.4365,59.6955,-0.2726,2.4299,-3.3563,2.8268,97.8806,0.6558,-0.0378,-0.0059,0.7539,59.7435,2.3310,-0.2584,-0.0002,-0.0132,0.0042,0.2481,-9.7147,37.784108,-122.405432,2000.43,59.74
33.5000,1024.6844,1231.3854,2000.4466,59.6975,-0.2757,2.4298,-3.3988,2.8252,97.8708,0.6559,-0.0381,-0.0062,0.7539,59.7456,2.3309,-0.2614,-0.0002,-0.0132,0.0043,0.2480,-9.7151,37.784106,-122.405419,2000.44,59.74
33.5200,1024.5235,1232.5695,2000.4566,59.6995,-0.2787,2.4298,-3.4411,2.8236,97.8609,0.6559,-0.0383,-0.0065,0.7538,59.7476,2.3308,-0.2644,-0.0002,-0.0132,0.0044,0.2480,-9.7156,37.784105,-122.405405,2000.45,59.75
33.5400,1024.3628,1233.7536,2000.4666,59.7015,-0.2818,2.4298,-3.4834,2.8220,97.8509,0.6560,-0.0385,-0.0067,0.7538,59.7496,2.3307,-0.2673,-0.0002,-0.0131,0.0044,0.2479,-9.7160,37.784103,-122.405392,2000.46,59.75
33.5600,1024.2023,1234.9378,2000.4766,59.7035,-0.2849,2.4298,-3.5255,2.8204,97.8407,0.6560,-0.0387,-0.0070,0.7537,59.7516,2.3306,-0.2702,-0.0002,-0.0131,0.0045,0.2478,-9.7165,37.784102,-122.405378,2000.47,59.75
33.5800,1024.0421,1236.1220,2000.4865,59.7055,-0.2879,2.4298,-3.5675,2.8188,97.8304,0.6561,-0.0390,-0.0073,0.7536,59.7536,2.3305,-0.2732,-0.0002,-0.0130,0.0045,0.2477,-9.7169,37.784101,-122.405365,2000.48,59.75
33.6000,1023.8821,1237.3063,2000.4964,59.7075,-0.2910,2.4298,-3.6093,2.8173,97.8199,0.6561,-0.0392,-0.0076,0.7536,59.7556,2.3304,-0.2761,-0.0002,-0.0130,0.0046,0.2477,-9.7174,37.784099,-122.405351,2000.49,59.75
33.6200,1023.7223,1238.4908,2000.5063,59.7095,-0.2940,2.4297,-3.6511,2.8157,97.8093,0.6562,-0.0394,-0.0079,0.7535,59.7576,2.3303,-0.2790,-0.0002,-0.0130,0.0047,0.2476,-9.7179,37.784098,-122.405338,2000.50,59.76
33.6400,1023.5628,1239.6752,2000.5161,59.7115,-0.2970,2.4297,-3.6927,2.8141,97.7986,0.6562,-0.0397,-0.0081,0.7535,59.7597,2.3302,-0.2819,-0.0002,-0.0129,0.0047,0.2475,-9.7184,37.784096,-122.405325,2000.51,59.76
33.6600,1023.4035,1240.8598,2000.5259,59.7135,-0.3000,2.4297,-3.7342,2.8126,97.7877,0.6563,-0.0399,-0.0084,0.7534,59.7617,2.3302,-0.2848,-0.0002,-0.0129,0.0048,0.2474,-9.7189,37.784095,-122.405311,2000.52,59.76
33.6800,1023.2444,1242.0444,2000.5357,59.7155,-0.3031,2.4298,-3.7756,2.8110,97.7767,0.6564,-0.0401,-0.0087,0.7533,59.7637,2.3301,-0.2877,-0.0002,-0.0128,0.0048,0.2473,-9.7194,37.784093,-122.405298,2000.53,59.76
33.7000,1023.0857,1243.2291,2000.5454,59.7175,-0.3060,2.4298,-3.8169,2.8095,97.7655,0.6564,-0.0404,-0.0090,0.7533,59.7657,2.3300,-0.2905,-0.0002,-0.0128,0.0049,0.2473,-9.7199,37.784092,-122.405284,2000.54,59.76
33.7200,1022.9271,1244.4139,2000.5551,59.7195,-0.3090,2.4298,-3.8581,2.8079,97.7542,0.6565,-0.0406,-0.0092,0.7532,59.7677,2.3299,-0.2934,-0.0002,-0.0128,0.0050,0.2472,-9.7204,37.784091,-122.405271,2000.55,59.77
33.7400,1022.7688,1245.5987,2000.5648,59.7215,-0.3120,2.4298,-3.8991,2.8064,97.7428,0.6565,-0.0408,-0.0095,0.7531,59.7697,2.3299,-0.2962,-0.0002,-0.0127,0.0050,0.2471,-9.7209,37.784089,-122.405257,2000.56,59.77
33.7600,1022.6108,1246.7837,2000.5744,59.7235,-0.3150,2.4298,-3.9401,2.8049,97.7312,0.6566,-0.0410,-0.0098,0.7531,59.7717,2.3298,-0.2991,-0.0002,-0.0127,0.0051,0.2470,-9.7214,37.784088,-122.405244,2000.56,59.77
33.7800,1022.4530,1247.9687,2000.5839,59.7255,-0.3179,2.4298,-3.9809,2.8033,97.7195,0.6567,-0.0413,-0.0101,0.7530,59.7737,2.3298,-0.3019,-0.0002,-0.0126,0.0051,0.2470,-9.7219,37.784086,-122.405230,2000.57,59.77
33.8000,1022.2955,1249.1537,2000.5935,59.7275,-0.3209,2.4299,-4.0216,2.8018,97.7076,0.6567,-0.0415,-0.0103,0.7529,59.7757,2.3297,-0.3048,-0.0002,-0.0126,0.0052,0.2469,-9.7225,37.784085,-122.405217,2000.58,59.77
33.8200,1022.1383,1250.3389,2000.6030,59.7295,-0.3238,2.4299,-4.0621,2.8003,97.6956,0.6568,-0.0417,-0.0106,0.7528,59.7777,2.3297,-0.3076,-0.0002,-0.0125,0.0053,0.2468,-9.7230,37.784083,-122.405203,2000.59,59.78
33.8400,1021.9813,1251.5241,2000.6125,59.7315,-0.3268,2.4299,-4.1026,2.7988,97.6835,0.6569,-0.0419,-0.0109,0.7528,59.7797,2.3296,-0.3104,-0.0002,-0.0125,0.0053,0.2467,-9.7235,37.784082,-122.405190,2000.60,59.78
33.8600,1021.8246,1252.7094,2000.6219,59.7334,-0.3297,2.4300,-4.1429,2.7973,97.6712,0.6569,-0.0421,-0.0111,0.7527,59.7817,2.3296,-0.3132,-0.0002,-0.0125,0.0054,0.2466,-9.7241,37.784081,-122.405176,2000.61,59.78
33.8800,1021.6682,1253.8948,2000.6313,59.7354,-0.3326,2.4300,-4.1831,2.7958,97.6588,0.6570,-0.0424,-0.0114,0.7526,59.7838,2.3295,-0.3160,-0.0002,-0.0124,0.0054,0.2466,-9.7246,37.784079,-122.405163,2000.62,59.78
33.9000,1021.5120,1255.0803,2000.6406,59.7374,-0.3355,2.4301,-4.2232,2.7944,97.6463,0.6571,-0.0426,-0.0117,0.7525,59.7858,2.3295,-0.3187,-0.0002,-0.0124,0.0055,0.2465,-9.7252,37.784078,-122.405150,2000.63,59.78
33.9200,1021.3562,1256.2658,2000.6500,59.7394,-0.3384,2.4301,-4.2631,2.7929,97.6336,0.6571,-0.0428,-0.0119,0.7525,59.7878,2.3295,-0.3215,-0.0002,-0.0123,0.0056,0.2464,-9.7258,37.784076,-122.405136,2000.64,59.79
33.9400,1021.2006,1257.4514,2000.6593,59.7414,-0.3413,2.4302,-4.3030,2.7914,97.6208,0.6572,-0.0430,-0.0122,0.7524,59.7898,2.3294,-0.3243,-0.0002,-0.0123,0.0056,0.2463,-9.7263,37.784075,-122.405123,2000.65,59.79
33.9600,1021.0453,1258.6371,2000.6685,59.7434,-0.3441,2.4302,-4.3427,2.7899,97.6079,0.6573,-0.0433,-0.0125,0.7523,59.7918,2.3294,-0.3270,-0.0002,-0.0123,0.0057,0.2463,-9.7269,37.784074,-122.405109,2000.66,59.79
33.9800,1020.8902,1259.8229,2000.6777,59.7453,-0.3470,2.4303,-4.3823,2.7885,97.5948,0.6573,-0.0435,-0.0127,0.7522,59.7938,2.3294,-0.3298,-0.0002,-0.0122,0.0057,0.2462,-9.7275,37.784072,-122.405096,2000.67,59.79
34.0000,1020.7355,1261.0087,2000.6869,59.7473,-0.3499,2.4304,-4.4217,2.7870,97.5816,0.6574,-0.0437,-0.0130,0.7521,59.7957,2.3294,-0.3325,-0.0002,-0.0122,0.0058,0.2461,-9.7281,37.784071,-122.405082,2000.68,59.79
34.0200,1020.5811,1262.1946,2000.6960,59.7493,-0.3527,2.4304,-4.4611,2.7856,97.5683,0.6575,-0.0439,-0.0133,0.7521,59.7977,2.3294,-0.3352,-0.0002,-0.0121,0.0059,0.2460,-9.7287,37.784069,-122.405069,2000.69,59.80
34.0400,1020.4269,1263.3806,2000.7051,59.7513,-0.3555,2.4305,-4.5003,2.7842,97.5548,0.6576,-0.0441,-0.0135,0.7520,59.7997,2.3294,-0.3379,-0.0002,-0.0121,0.0059,0.2459,-9.7293,37.784068,-122.405055,2000.70,59.80
34.0600,1020.2731,1264.5667,2000.7142,59.7532,-0.3584,2.4306,-4.5394,2.7827,97.5412,0.6576,-0.0443,-0.0138,0.7519,59.8017,2.3294,-0.3406,-0.0002,-0.0121,0.0060,0.2459,-9.7299,37.784067,-122.405042,2000.71,59.80
34.0800,1020.1195,1265.7529,2000.7232,59.7552,-0.3612,2.4307,-4.5784,2.7813,97.5275,0.6577,-0.0446,-0.0140,0.7518,59.8037,2.3293,-0.3433,-0.0002,-0.0120,0.0060,0.2458,-9.7305,37.784065,-122.405028,2000.71,59.80
34.1000,1019.9663,1266.9391,2000.7322,59.7572,-0.3640,2.4308,-4.6172,2.7799,97.5136,0.6578,-0.0448,-0.0143,0.7517,59.8057,2.3293,-0.3460,-0.0002,-0.0120,0.0061,0.2457,-9.7311,37.784064,-122.405015,2000.72,59.80
34.1200,1019.8134,1268.1255,2000.7412,59.7591,-0.3668,2.4308,-4.6560,2.7785,97.4996,0.6579,-0.0450,-0.0146,0.7516,59.8077,2.3294,-0.3487,-0.0002,-0.0119,0.0061,0.2456,-9.7317,37.784063,-122.405001,2000.73,59.81
34.1400,1019.6607,1269.3119,2000.7501,59.7611,-0.3696,2.4309,-4.6946,2.7770,97.4855,0.6579,-0.0452,-0.0148,0.7516,59.8097,2.3294,-0.3514,-0.0002,-0.0119,0.0062,0.2455,-9.7324,37.784061,-122.404988,2000.74,59.81
34.1600,1019.5084,1270.4983,2000.7590,59.7631,-0.3723,2.4310,-4.7331,2.7756,97.4712,0.6580,-0.0454,-0.0151,0.7515,59.8117,2.3294,-0.3540,-0.0002,-0.0118,0.0063,0.2455,-9.7330,37.784060,-122.404974,2000.75,59.81
34.1800,1019.3564,1271.6849,2000.7679,59.7650,-0.3751,2.4311,-4.7714,2.7743,97.4568,0.6581,-0.0456,-0.0153,0.7514,59.8137,2.3294,-0.3567,-0.0003,-0.0118,0.0063,0.2454,-9.7336,37.784058,-122.404961,2000.76,59.81
34.2000,1019.2047,1272.8716,2000.7767,59.7670,-0.3779,2.4312,-4.8096,2.7729,97.4423,0.6582,-0.0458,-0.0156,0.7513,59.8157,2.3294,-0.3593,-0.0003,-0.0118,0.0064,0.2453,-9.7343,37.784057,-122.404947,2000.77,59.81
34.2200,1019.0533,1274.0583,2000.7854,59.7690,-0.3806,2.4313,-4.8477,2.7715,97.4276,0.6583,-0.0461,-0.0158,0.7512,59.8176,2.3294,-0.3619,-0.0003,-0.0117,0.0064,0.2452,-9.7349,37.784056,-122.404934,2000.78,59.82
34.2400,1018.9023,1275.2451,2000.7942,59.7709,-0.3833,2.4314,-4.8857,2.7701,97.4129,0.6584,-0.0463,-0.0161,0.7511,59.8196,2.3294,-0.3646,-0.0003,-0.0117,0.0065,0.2451,-9.7356,37.784054,-122.404920,2000.79,59.82
34.2600,1018.7516,1276.4320,2000.8029,59.7729,-0.3861,2.4315,-4.9236,2.7687,97.3980,0.6584,-0.0465,-0.0163,0.7510,59.8216,2.3295,-0.3672,-0.0003,-0.0116,0.0065,0.2450,-9.7362,37.784053,-122.404907,2000.79,59.82
34.2800,1018.6012,1277.6189,2000.8116,59.7749,-0.3888,2.4316,-4.9613,2.7674,97.3829,0.6585,-0.0467,-0.0166,0.7509,59.8236,2.3295,-0.3698,-0.0003,-0.0116,0.0066,0.2450,-9.7369,37.784052,-122.404893,2000.80,59.82
34.3000,1018.4511,1278.8060,2000.8202,59.7768,-0.3915,2.4318,-4.9989,2.7660,97.3678,0.6586,-0.0469,-0.0168,0.7508,59.8256,2.3295,-0.3723,-0.0003,-0.0115,0.0066,0.2449,-9.7375,37.784050,-122.404880,2000.81,59.82
34.3200,1018.3013,1279.9931,2000.8288,59.7788,-0.3942,2.4319,-5.0364,2.7646,97.3525,0.6587,-0.0471,-0.0171,0.7507,59.8275,2.3295,-0.3749,-0.0003,-0.0115,0.0067,0.2448,-9.7382,37.784049,-122.404866,2000.82,59.83
34.3400,1018.1519,1281.1803,2000.8374,59.7807,-0.3969,2.4320,-5.0737,2.7633,97.3371,0.6588,-0.0473,-0.0173,0.7507,59.8295,2.3296,-0.3775,-0.0003,-0.0115,0.0068,0.2447,-9.7389,37.784048,-122.404853,2000.83,59.83
34.3600,1018.0029,1282.3676,2000.8459,59.7827,-0.3996,2.4321,-5.1109,2.7620,97.3215,0.6589,-0.0475,-0.0176,0.7506,59.8315,2.3296,-0.3801,-0.0003,-0.0114,0.0068,0.2446,-9.7396,37.784046,-122.404839,2000.84,59.83
34.3800,1017.8541,1283.5550,2000.8544,59.7846,-0.4022,2.4322,-5.1480,2.7606,97.3058,0.6589,-0.0477,-0.0178,0.7505,59.8335,2.3297,-0.3826,-0.0003,-0.0114,0.0069,0.2446,-9.7403,37.784045,-122.404826,2000.85,59.83
34.4000,1017.7058,1284.7425,2000.8628,59.7866,-0.4049,2.4324,-5.1850,2.7593,97.2900,0.6590,-0.0479,-0.0181,0.7504,59.8354,2.3297,-0.3852,-0.0003,-0.0113,0.0069,0.2445,-9.7409,37.784044,-122.404812,2000.85,59.83
34.4200,1017.5577,1285.9300,2000.8713,59.7885,-0.4075,2.4325,-5.2219,2.7580,97.2741,0.6591,-0.0481,-0.0183,0.7503,59.8374,2.3298,-0.3877,-0.0003,-0.0113,0.0070,0.2444,-9.7416,37.784042,-122.404799,2000.86,59.84
34.4400,1017.4100,1287.1177,2000.8797,59.7905,-0.4102,2.4326,-5.2586,2.7566,97.2581,0.6592,-0.0483,-0.0185,0.7502,59.8394,2.3298,-0.3902,-0.0003,-0.0112,0.0070,0.2443,-9.7423,37.784041,-122.404785,2000.87,59.84
34.4600,1017.2627,1288.3054,2000.8880,59.7924,-0.4128,2.4328,-5.2952,2.7553,97.2419,0.6593,-0.0485,-0.0188,0.7501,59.8413,2.3299,-0.3927,-0.0003,-0.0112,0.0071,0.2442,-9.7430,37.784040,-122.404772,2000.88,59.84
34.4800,1017.1157,1289.4932,2000.8963,59.7943,-0.4154,2.4329,-5.3316,2.7540,97.2256,0.6594,-0.0488,-0.0190,0.7500,59.8433,2.3299,-0.3952,-0.0003,-0.0112,0.0071,0.2441,-9.7437,37.784038,-122.404758,2000.89,59.84
34.5000,1016.9690,1290.6810,2000.9046,59.7963,-0.4180,2.4331,-5.3679,2.7527,97.2092,0.6595,-0.0490,-0.0193,0.7499,59.8453,2.3300,-0.3977,-0.0003,-0.0111,0.0072,0.2441,-9.7444,37.784037,-122.404745,2000.90,59.84
34.5200,1016.8228,1291.8690,2000.9128,59.7982,-0.4206,2.4332,-5.4041,2.7514,97.1927,0.6596,-0.0492,-0.0195,0.7498,59.8472,2.3300,-0.4002,-0.0003,-0.0111,0.0072,0.2440,-9.7451,37.784036,-122.404731,2000.90,59.85
34.5400,1016.6768,1293.0571,2000.9211,59.8002,-0.4232,2.4334,-5.4402,2.7501,97.1760,0.6597,-0.0494,-0.0197,0.7497,59.8492,2.3301,-0.4027,-0.0003,-0.0110,0.0073,0.2439,-9.7459,37.784034,-122.404718,2000.91,59.85
34.5600,1016.5313,1294.2452,2000.9292,59.8021,-0.4258,2.4335,-5.4762,2.7489,97.1592,0.6598,-0.0496,-0.0200,0.7496,59.8511,2.3302,-0.4051,-0.0003,-0.0110,0.0073,0.2438,-9.7466,37.784033,-122.404704,2000.92,59.85
34.5800,1016.3861,1295.4334,2000.9374,59.8040,-0.4284,2.4337,-5.5120,2.7476,97.1423,0.6599,-0.0498,-0.0202,0.7495,59.8531,2.3302,-0.4076,-0.0003,-0.0109,0.0074,0.2437,-9.7473,37.784032,-122.404691,2000.93,59.85
34.6000,1016.2412,1296.6217,2000.9455,59.8059,-0.4309,2.4338,-5.5477,2.7463,97.1253,0.6600,-0.0500,-0.0204,0.7494,59.8550,2.3303,-0.4100,-0.0003,-0.0109,0.0075,0.2436,-9.7480,37.784030,-122.404677,2000.94,59.85
34.6200,1016.0968,1297.8101,2000.9535,59.8079,-0.4335,2.4340,-5.5832,2.7450,97.1081,0.6601,-0.0502,-0.0207,0.7492,59.8570,2.3304,-0.4125,-0.0003,-0.0109,0.0075,0.2436,-9.7488,37.784029,-122.404664,2000.95,59.86
34.6400,1015.9527,1298.9986,2000.9616,59.8098,-0.4360,2.4341,-5.6186,2.7438,97.0908,0.6602,-0.0504,-0.0209,0.7491,59.8590,2.3305,-0.4149,-0.0003,-0.0108,0.0076,0.2435,-9.7495,37.784028,-122.404650,2000.95,59.86
34.6600,1015.8090,1300.1871,2000.9696,59.8117,-0.4385,2.4343,-5.6539,2.7425,97.0734,0.6603,-0.0506,-0.0211,0.7490,59.8609,2.3305,-0.4173,-0.0003,-0.0108,0.0076,0.2434,-9.7502,37.784026,-122.404637,2000.96,59.86
34.6800,1015.6656,1301.3757,2000.9775,59.8137,-0.4410,2.4345,-5.6891,2.7413,97.0559,0.6604,-0.0508,-0.0214,0.7489,59.8629,2.3306,-0.4197,-0.0003,-0.0107,0.0077,0.2433,-9.7510,37.784025,-122.404623,2000.97,59.86
34.7000,1015.5227,1302.5645,2000.9855,59.8156,-0.4435,2.4346,-5.7241,2.7400,97.0383,0.6605,-0.0510,-0.0216,0.7488,59.8648,2.3307,-0.4221,-0.0003,-0.0107,0.0077,0.2432,-9.7517,37.784024,-122.404610,2000.98,59.86
34.7200,1015.3801,1303.7533,2000.9933,59.8175,-0.4460,2.4348,-5.7590,2.7388,97.0205,0.6606,-0.0512,-0.0218,0.7487,59.8667,2.3308,-0.4245,-0.0003,-0.0106,0.0078,0.2431,-9.7525,37.784023,-122.404596,2000.99,59.87
34.7400,1015.2379,1304.9422,2001.0012,59.8194,-0.4485,2.4350,-5.7938,2.7376,97.0027,0.6607,-0.0513,-0.0220,0.7486,59.8687,2.3309,-0.4269,-0.0003,-0.0106,0.0078,0.2431,-9.7532,37.784021,-122.404583,2000.99,59.87
34.7600,1015.0961,1306.1312,2001.0090,59.8213,-0.4510,2.4352,-5.8285,2.7363,96.9847,0.6608,-0.0515,-0.0223,0.7485,59.8706,2.3310,-0.4292,-0.0003,-0.0105,0.0079,0.2430,-9.7540,37.784020,-122.404569,2001.00,59.87
34.7800,1014.9547,1307.3202,2001.0168,59.8232,-0.4535,2.4353,-5.8630,2.7351,96.9666,0.6609,-0.0517,-0.0225,0.7484,59.8726,2.3311,-0.4316,-0.0003,-0.0105,0.0079,0.2429,-9.7547,37.784019,-122.404556,2001.01,59.87
34.8000,1014.8137,1308.5094,2001.0246,59.8251,-0.4559,2.4355,-5.8974,2.7339,96.9483,0.6610,-0.0519,-0.0227,0.7483,59.8745,2.3312,-0.4339,-0.0003,-0.0105,0.0080,0.2428,-9.7555,37.784017,-122.404542,2001.02,59.87
34.8200,1014.6730,1309.6986,2001.0323,59.8271,-0.4584,2.4357,-5.9316,2.7327,96.9300,0.6611,-0.0521,-0.0229,0.7482,59.8764,2.3313,-0.4363,-0.0003,-0.0104,0.0080,0.2427,-9.7563,37.784016,-122.404529,2001.02,59.88
34.8400,1014.5328,1310.8879,2001.0400,59.8290,-0.4608,2.4359,-5.9657,2.7315,96.9115,0.6612,-0.0523,-0.0232,0.7480,59.8784,2.3314,-0.4386,-0.0003,-0.0104,0.0081,0.2426,-9.7570,37.784015,-122.404515,2001.03,59.88
34.8600,1014.3930,1312.0773,2001.0476,59.8309,-0.4632,2.4361,-5.9997,2.7303,96.8930,0.6613,-0.0525,-0.0234,0.7479,59.8803,2.3315,-0.4409,-0.0003,-0.0103,0.0081,0.2426,-9.7578,37.784014,-122.404502,2001.04,59.88
34.8800,1014.2535,1313.2668,2001.0552,59.8328,-0.4656,2.4362,-6.0336,2.7291,96.8743,0.6614,-0.0527,-0.0236,0.7478,59.8822,2.3316,-0.4432,-0.0003,-0.0103,0.0082,0.2425,-9.7586,37.784012,-122.404488,2001.05,59.88
34.9000,1014.1145,1314.4564,2001.0628,59.8347,-0.4681,2.4364,-6.0673,2.7279,96.8555,0.6615,-0.0529,-0.0238,0.7477,59.8842,2.3317,-0.4455,-0.0003,-0.0102,0.0082,0.2424,-9.7594,37.784011,-122.404475,2001.06,59.88
34.9200,1013.9758,1315.6461,2001.0704,59.8366,-0.4704,2.4366,-6.1009,2.7267,96.8365,0.6616,-0.0531,-0.0240,0.7476,59.8861,2.3318,-0.4478,-0.0003,-0.0102,0.0083,0.2423,-9.7601,37.784010,-122.404461,2001.06,59.88
34.9400,1013.8376,1316.8358,2001.0779,59.8385,-0.4728,2.4368,-6.1344,2.7255,96.8175,0.6617,-0.0533,-0.0242,0.7475,59.8880,2.3319,-0.4501,-0.0003,-0.0102,0.0083,0.2422,-9.7609,37.784009,-122.404448,2001.07,59.89
34.9600,1013.6998,1318.0257,2001.0854,59.8404,-0.4752,2.4370,-6.1677,2.7244,96.7983,0.6618,-0.0535,-0.0245,0.7473,59.8899,2.3320,-0.4524,-0.0003,-0.0101,0.0084,0.2421,-9.7617,37.784007,-122.404434,2001.08,59.89
34.9800,1013.5624,1319.2156,2001.0928,59.8423,-0.4776,2.4372,-6.2009,2.7232,96.7791,0.6619,-0.0536,-0.0247,0.7472,59.8918,2.3321,-0.4546,-0.0004,-0.0101,0.0084,0.2420,-9.7625,37.784006,-122.404421,2001.09,59.89
35.0000,1013.4254,1320.4056,2001.1002,59.8441,-0.4799,2.4374,-6.2340,2.7220,96.7597,0.6621,-0.0538,-0.0249,0.7471,59.8938,2.3322,-0.4569,-0.0004,-0.0100,0.0085,0.2420,-9.7633,37.784005,-122.404407,2001.09,59.89
35.0200,1013.2888,1321.5957,2001.1076,59.8460,-0.4823,2.4376,-6.2669,2.7209,96.7402,0.6622,-0.0540,-0.0251,0.7470,59.8957,2.3323,-0.4591,-0.0004,-0.0100,0.0085,0.2419,-9.7641,37.784004,-122.404394,2001.10,59.89
35.0400,1013.1527,1322.7859,2001.1149,59.8479,-0.4846,2.4378,-6.2997,2.7197,96.7206,0.6623,-0.0542,-0.0253,0.7469,59.8976,2.3325,-0.4613,-0.0004,-0.0099,0.0086,0.2418,-9.7649,37.784003,-122.404380,2001.11,59.90
35.0600,1013.0170,1323.9762,2001.1223,59.8498,-0.4869,2.4380,-6.3324,2.7186,96.7009,0.6624,-0.0544,-0.0255,0.7467,59.8995,2.3326,-0.4635,-0.0004,-0.0099,0.0086,0.2417,-9.7657,37.784001,-122.404367,2001.11,59.90
35.0800,1012.8817,1325.1665,2001.1295,59.8517,-0.4892,2.4382,-6.3649,2.7174,96.6811,0.6625,-0.0546,-0.0257,0.7466,59.9014,2.3327,-0.4657,-0.0004,-0.0098,0.0086,0.2416,-9.7665,37.784000,-122.404353,2001.12,59.90
35.1000,1012.7468,1326.3570,2001.1368,59.8536,-0.4915,2.4384,-6.3973,2.7163,96.6611,0.6626,-0.0548,-0.0259,0.7465,59.9033,2.3328,-0.4679,-0.0004,-0.0098,0.0087,0.2415,-9.7673,37.783999,-122.404339,2001.13,59.90
35.1200,1012.6123,1327.5475,2001.1440,59.8554,-0.4938,2.4387,-6.4296,2.7152,96.6411,0.6627,-0.0549,-0.0261,0.7464,59.9052,2.3330,-0.4701,-0.0004,-0.0098,0.0087,0.2414,-9.7681,37.783998,-122.404326,2001.14,59.90
35.1400,1012.4783,1328.7381,2001.1511,59.8573,-0.4961,2.4389,-6.4617,2.7140,96.6209,0.6629,-0.0551,-0.0263,0.7463,59.9071,2.3331,-0.4723,-0.0004,-0.0097,0.0088,0.2414,-9.7689,37.783996,-122.404312,2001.14,59.91
35.1600,1012.3447,1329.9288,2001.1583,59.8592,-0.4984,2.4391,-6.4937,2.7129,96.6006,0.6630,-0.0553,-0.0266,0.7461,59.9090,2.3332,-0.4745,-0.0004,-0.0097,0.0088,0.2413,-9.7697,37.783995,-122.404299,2001.15,59.91
35.1800,1012.2116,1331.1196,2001.1654,59.8610,-0.5006,2.4393,-6.5256,2.7118,96.5802,0.6631,-0.0555,-0.0268,0.7460,59.9109,2.3333,-0.4766,-0.0004,-0.0096,0.0089,0.2412,-9.7705,37.783994,-122.404285,2001.16,59.91
35.2000,1012.0789,1332.3105,2001.1725,59.8629,-0.5029,2.4395,-6.5573,2.7107,96.5597,0.6632,-0.0557,-0.0270,0.7459,59.9128,2.3335,-0.4788,-0.0004,-0.0096,0.0089,0.2411,-9.7713,37.783993,-122.404272,2001.17,59.91
35.2200,1011.9466,1333.5015,2001.1795,59.8648,-0.5051,2.4397,-6.5889,2.7096,96.5391,0.6633,-0.0559,-0.0272,0.7457,59.9147,2.3336,-0.4809,-0.0004,-0.0095,0.0090,0.2410,-9.7722,37.783992,-122.404258,2001.17,59.91
35.2400,1011.8147,1334.6925,2001.1865,59.8666,-0.5074,2.4400,-6.6203,2.7085,96.5184,0.6634,-0.0560,-0.0274,0.7456,59.9166,2.3337,-0.4830,-0.0004,-0.0095,0.0090,0.2409,-9.7730,37.783990,-122.404245,2001.18,59.92
35.2600,1011.6833,1335.8837,2001.1935,59.8685,-0.5096,2.4402,-6.6517,2.7074,96.4976,0.6636,-0.0562,-0.0276,0.7455,59.9185,2.3339,-0.4852,-0.0004,-0.0094,0.0091,0.2408,-9.7738,37.783989,-122.404231,2001.19,59.92
35.2800,1011.5524,1337.0749,2001.2004,59.8704,-0.5118,2.4404,-6.6829,2.7063,96.4767,0.6637,-0.0564,-0.0278,0.7454,59.9204,2.3340,-0.4873,-0.0004,-0.0094,0.0091,0.2408,-9.7746,37.783988,-122.404218,2001.19,59.92
35.3000,1011.4219,1338.2662,2001.2073,59.8722,-0.5140,2.4406,-6.7139,2.7052,96.4557,0.6638,-0.0566,-0.0280,0.7452,59.9223,2.3342,-0.4894,-0.0004,-0.0094,0.0092,0.2407,-9.7755,37.783987,-122.404204,2001.20,59.92
35.3200,1011.2919,1339.4576,2001.2142,59.8741,-0.5162,2.4409,-6.7448,2.7041,96.4345,0.6639,-0.0567,-0.0282,0.7451,59.9241,2.3343,-0.4914,-0.0004,-0.0093,0.0092,0.2406,-9.7763,37.783986,-122.404191,2001.21,59.92
35.3400,1011.1623,1340.6491,2001.2211,59.8759,-0.5184,2.4411,-6.7756,2.7031,96.4133,0.6641,-0.0569,-0.0284,0.7450,59.9260,2.3345,-0.4935,-0.0004,-0.0093,0.0093,0.2405,-9.7771,37.783985,-122.404177,2001.21,59.93
35.3600,1011.0331,1341.8407,2001.2279,59.8778,-0.5205,2.4413,-6.8063,2.7020,96.3919,0.6642,-0.0571,-0.0285,0.7448,59.9279,2.3346,-0.4956,-0.0004,-0.0092,0.0093,0.2404,-9.7779,37.783983,-122.404164,2001.22,59.93
35.3800,1010.9044,1343.0324,2001.2346,59.8796,-0.5227,2.4415,-6.8368,2.7009,96.3705,0.6643,-0.0573,-0.0287,0.7447,59.9298,2.3347,-0.4976,-0.0004,-0.0092,0.0093,0.2403,-9.7788,37.783982,-122.404150,2001.23,59.93
35.4000,1010.7762,1344.2241,2001.2414,59.8815,-0.5248,2.4418,-6.8672,2.6999,96.3489,0.6644,-0.0575,-0.0289,0.7446,59.9316,2.3349,-0.4997,-0.0004,-0.0091,0.0094,0.2402,-9.7796,37.783981,-122.404136,2001.23,59.93
35.4200,1010.6484,1345.4160,2001.2481,59.8833,-0.5270,2.4420,-6.8974,2.6988,96.3273,0.6646,-0.0576,-0.0291,0.7444,59.9335,2.3350,-0.5017,-0.0004,-0.0091,0.0094,0.2402,-9.7805,37.783980,-122.404123,2001.24,59.93
35.4400,1010.5211,1346.6079,2001.2548,59.8851,-0.5291,2.4422,-6.9275,2.6977,96.3055,0.6647,-0.0578,-0.0293,0.7443,59.9354,2.3352,-0.5038,-0.0004,-0.0090,0.0095,0.2401,-9.7813,37.783979,-122.404109,2001.25,59.93
35.4600,1010.3943,1347.7999,2001.2614,59.8870,-0.5312,2.4425,-6.9575,2.6967,96.2836,0.6648,-0.0580,-0.0295,0.7442,59.9372,2.3353,-0.5058,-0.0004,-0.0090,0.0095,0.2400,-9.7821,37.783978,-122.404096,2001.25,59.94
35.4800,1010.2679,1348.9920,2001.2680,59.8888,-0.5333,2.4427,-6.9873,2.6957,96.2616,0.6649,-0.0581,-0.0297,0.7440,59.9391,2.3355,-0.5078,-0.0004,-0.0090,0.0096,0.2399,-9.7830,37.783977,-122.404082,2001.26,59.94
35.5000,1010.1420,1350.1842,2001.2746,59.8906,-0.5354,2.4429,-7.0170,2.6946,96.2396,0.6651,-0.0583,-0.0299,0.7439,59.9410,2.3357,-0.5098,-0.0004,-0.0089,0.0096,0.2398,-9.7838,37.783975,-122.404069,2001.27,59.94
35.5200,1010.0166,1351.3765,2001.2812,59.8925,-0.5375,2.4432,-7.0466,2.6936,96.2174,0.6652,-0.0585,-0.0301,0.7438,59.9428,2.3358,-0.5118,-0.0004,-0.0089,0.0096,0.2397,-9.7847,37.783974,-122.404055,2001.27,59.94
35.5400,1009.8916,1352.5689,2001.2877,59.8943,-0.5396,2.4434,-7.0760,2.6926,96.1951,0.6653,-0.0587,-0.0303,0.7436,59.9447,2.3360,-0.5137,-0.0004,-0.0088,0.0097,0.2396,-9.7855,37.783973,-122.404042,2001.28,59.94
35.5600,1009.7672,1353.7613,2001.2942,59.8961,-0.5416,2.4437,-7.1053,2.6915,96.1727,0.6655,-0.0588,-0.0304,0.7435,59.9465,2.3361,-0.5157,-0.0004,-0.0088,0.0097,0.2395,-9.7863,37.783972,-122.404028,2001.29,59.95
35.5800,1009.6432,1354.9538,2001.3006,59.8979,-0.5437,2.4439,-7.1345,2.6905,96.1502,0.6656,-0.0590,-0.0306,0.7434,59.9484,2.3363,-0.5177,-0.0004,-0.0087,0.0098,0.2395,-9.7872,37.783971,-122.404015,2001.29,59.95
35.6000,1009.5196,1356.1465,2001.3071,59.8997,-0.5457,2.4442,-7.1635,2.6895,96.1277,0.6657,-0.0592,-0.0308,0.7432,59.9502,2.3364,-0.5196,-0.0004,-0.0087,0.0098,0.2394,-9.7880,37.783970,-122.404001,2001.30,59.95
35.6200,1009.3966,1357.3392,2001.3135,59.9015,-0.5477,2.4444,-7.1924,2.6885,96.1050,0.6659,-0.0593,-0.0310,0.7431,59.9521,2.3366,-0.5215,-0.0004,-0.0086,0.0099,0.2393,-9.7889,37.783969,-122.403987,2001.31,59.95
35.6400,1009.2740,1358.5320,2001.3198,59.9034,-0.5498,2.4446,-7.2211,2.6875,96.0822,0.6660,-0.0595,-0.0312,0.7429,59.9539,2.3368,-0.5235,-0.0004,-0.0086,0.0099,0.2392,-9.7897,37.783968,-122.403974,2001.31,59.95
35.6600,1009.1520,1359.7249,2001.3261,59.9052,-0.5518,2.4449,-7.2497,2.6865,96.0593,0.6661,-0.0597,-0.0313,0.7428,59.9557,2.3369,-0.5254,-0.0005,-0.0085,0.0099,0.2391,-9.7906,37.783966,-122.403960,2001.32,59.95
35.6800,1009.0304,1360.9178,2001.3324,59.9070,-0.5538,2.4451,-7.2782,2.6855,96.0363,0.6663,-0.0598,-0.0315,0.7426,59.9576,2.3371,-0.5273,-0.0005,-0.0085,0.0100,0.2390,-9.7914,37.783965,-122.403947,2001.33,59.96
35.7000,1008.9093,1362.1109,2001.3387,59.9088,-0.5558,2.4454,-7.3065,2.6845,96.0132,0.6664,-0.0600,-0.0317,0.7425,59.9594,2.3373,-0.5292,-0.0005,-0.0085,0.0100,0.2389,-9.7923,37.783964,-122.403933,2001.33,59.96
35.7200,1008.7887,1363.3041,2001.3449,59.9106,-0.5577,2.4456,-7.3347,2.6835,95.9901,0.6665,-0.0602,-0.0319,0.7424,59.9612,2.3374,-0.5311,-0.0005,-0.0084,0.0101,0.2388,-9.7932,37.783963,-122.403920,2001.34,59.96
35.7400,1008.6686,1364.4973,2001.3511,59.9124,-0.5597,2.4459,-7.3628,2.6826,95.9668,0.6667,-0.0603,-0.0321,0.7422,59.9631,2.3376,-0.5329,-0.0005,-0.0084,0.0101,0.2388,-9.7940,37.783962,-122.403906,2001.34,59.96
35.7600,1008.5490,1365.6906,2001.3573,59.9142,-0.5617,2.4461,-7.3907,2.6816,95.9434,0.6668,-0.0605,-0.0322,0.7421,59.9649,2.3378,-0.5348,-0.0005,-0.0083,0.0101,0.2387,-9.7949,37.783961,-122.403893,2001.35,59.96
35.7800,1008.4299,1366.8840,2001.3634,59.9160,-0.5636,2.4464,-7.4185,2.6806,95.9199,0.6669,-0.0606,-0.0324,0.7419,59.9667,2.3379,-0.5367,-0.0005,-0.0083,0.0102,0.2386,-9.7957,37.783960,-122.403879,2001.36,59.97
35.8000,1008.3113,1368.0775,2001.3696,59.9177,-0.5655,2.4466,-7.4461,2.6796,95.8964,0.6671,-0.0608,-0.0326,0.7418,59.9685,2.3381,-0.5385,-0.0005,-0.0082,0.0102,0.2385,-9.7966,37.783959,-122.403865,2001.36,59.97
35.8200,1008.1931,1369.2711,2001.3756,59.9195,-0.5675,2.4469,-7.4737,2.6787,95.8727,0.6672,-0.0610,-0.0327,0.7416,59.9703,2.3383,-0.5403,-0.0005,-0.0082,0.0103,0.2384,-9.7974,37.783958,-122.403852,2001.37,59.97
35.8400,1008.0755,1370.4648,2001.3817,59.9213,-0.5694,2.4471,-7.5010,2.6777,95.8490,0.6674,-0.0611,-0.0329,0.7415,59.9722,2.3384,-0.5422,-0.0005,-0.0081,0.0103,0.2383,-9.7983,37.783957,-122.403838,2001.38,59.97
35.8600,1007.9584,1371.6585,2001.3877,59.9231,-0.5713,2.4474,-7.5283,2.6768,95.8251,0.6675,-0.0613,-0.0331,0.7413,59.9740,2.3386,-0.5440,-0.0005,-0.0081,0.0103,0.2382,-9.7992,37.783956,-122.403825,2001.38,59.97
35.8800,1007.8418,1372.8523,2001.3937,59.9249,-0.5732,2.4477,-7.5553,2.6758,95.8012,0.6676,-0.0614,-0.0333,0.7412,59.9758,2.3388,-0.5458,-0.0005,-0.0080,0.0104,0.2381,-9.8000,37.783955,-122.403811,2001.39,59.98
35.9000,1007.7257,1374.0463,2001.3996,59.9266,-0.5751,2.4479,-7.5823,2.6749,95.7771,0.6678,-0.0616,-0.0334,0.7411,59.9776,2.3390,-0.5476,-0.0005,-0.0080,0.0104,0.2381,-9.8009,37.783954,-122.403798,2001.39,59.98
35.9200,1007.6102,1375.2403,2001.4056,59.9284,-0.5769,2.4482,-7.6091,2.6739,95.7530,0.6679,-0.0618,-0.0336,0.7409,59.9794,2.3391,-0.5493,-0.0005,-0.0080,0.0105,0.2380,-9.8017,37.783953,-122.403784,2001.40,59.98
35.9400,1007.4951,1376.4344,2001.4115,59.9302,-0.5788,2.4484,-7.6358,2.6730,95.7288,0.6681,-0.0619,-0.0338,0.7408,59.9812,2.3393,-0.5511,-0.0005,-0.0079,0.0105,0.2379,-9.8026,37.783952,-122.403770,2001.41,59.98
35.9600,1007.3806,1377.6286,2001.4173,59.9320,-0.5807,2.4487,-7.6623,2.6721,95.7045,0.6682,-0.0621,-0.0339,0.7406,59.9830,2.3395,-0.5529,-0.0005,-0.0079,0.0105,0.2378,-9.8035,37.783950,-122.403757,2001.41,59.98
35.9800,1007.2665,1378.8228,2001.4232,59.9337,-0.5825,2.4489,-7.6887,2.6711,95.6800,0.6684,-0.0622,-0.0341,0.7405,59.9848,2.3397,-0.5546,-0.0005,-0.0078,0.0106,0.2377,-9.8043,37.783949,-122.403743,2001.42,59.98
36.0000,1007.1530,1380.0172,2001.4290,59.9355,-0.5843,2.4492,-7.7150,2.6702,95.6555,0.6685,-0.0624,-0.0342,0.7403,59.9866,2.3398,-0.5564,-0.0005,-0.0078,0.0106,0.2376,-9.8052,37.783948,-122.403730,2001.42,59.99
36.0200,1007.0400,1381.2116,2001.4347,59.9372,-0.5861,2.4495,-7.7411,2.6693,95.6310,0.6686,-0.0625,-0.0344,0.7402,59.9883,2.3400,-0.5581,-0.0005,-0.0077,0.0107,0.2375,-9.8060,37.783947,-122.403716,2001.43,59.99
36.0400,1006.9276,1382.4061,2001.4405,59.9390,-0.5880,2.4497,-7.7671,2.6684,95.6063,0.6688,-0.0627,-0.0346,0.7400,59.9901,2.3402,-0.5598,-0.0005,-0.0077,0.0107,0.2374,-9.8069,37.783946,-122.403703,2001.43,59.99
36.0600,1006.8156,1383.6007,2001.4462,59.9407,-0.5898,2.4500,-7.7930,2.6675,95.5815,0.6689,-0.0628,-0.0347,0.7398,59.9919,2.3404,-0.5615,-0.0005,-0.0076,0.0107,0.2374,-9.8078,37.783945,-122.403689,2001.44,59.99
36.0800,1006.7042,1384.7954,2001.4519,59.9425,-0.5915,2.4502,-7.8187,2.6666,95.5566,0.6691,-0.0630,-0.0349,0.7397,59.9937,2.3406,-0.5632,-0.0005,-0.0076,0.0108,0.2373,-9.8086,37.783944,-122.403675,2001.45,59.99
36.1000,1006.5933,1385.9902,2001.4575,59.9442,-0.5933,2.4505,-7.8442,2.6656,95.5317,0.6692,-0.0631,-0.0350,0.7395,59.9955,2.3407,-0.5649,-0.0005,-0.0075,0.0108,0.2372,-9.8095,37.783943,-122.403662,2001.45,59.99
36.1200,1006.4830,1387.1851,2001.4632,59.9460,-0.5951,2.4508,-7.8697,2.6647,95.5066,0.6694,-0.0633,-0.0352,0.7394,59.9972,2.3409,-0.5666,-0.0005,-0.0075,0.0108,0.2371,-9.8104,37.783942,-122.403648,2001.46,60.00
36.1400,1006.3731,1388.3800,2001.4688,59.9477,-0.5968,2.4510,-7.8950,2.6639,95.4815,0.6695,-0.0634,-0.0353,0.7392,59.9990,2.3411,-0.5683,-0.0005,-0.0075,0.0109,0.2370,-9.8112,37.783941,-122.403635,2001.46,60.00
36.1600,1006.2638,1389.5751,2001.4743,59.9494,-0.5986,2.4513,-7.9201,2.6630,95.4563,0.6697,-0.0636,-0.0355,0.7391,60.0008,2.3413,-0.5700,-0.0005,-0.0074,0.0109,0.2369,-9.8121,37.783940,-122.403621,2001.47,60.00
36.1800,1006.1551,1390.7702,2001.4799,59.9512,-0.6003,2.4515,-7.9451,2.6621,95.4310,0.6698,-0.0637,-0.0356,0.7389,60.0025,2.3415,-0.5716,-0.0005,-0.0074,0.0110,0.2368,-9.8129,37.783939,-122.403607,2001.47,60.00
36.2000,1006.0468,1391.9654,2001.4854,59.9529,-0.6021,2.4518,-7.9700,2.6612,95.4056,0.6700,-0.0639,-0.0358,0.7388,60.0043,2.3416,-0.5732,-0.0005,-0.0073,0.0110,0.2367,-9.8138,37.783938,-122.403594,2001.48,60.00
36.2200,1005.9392,1393.1607,2001.4909,59.9546,-0.6038,2.4521,-7.9947,2.6603,95.3801,0.6701,-0.0640,-0.0360,0.7386,60.0060,2.3418,-0.5749,-0.0005,-0.0073,0.0110,0.2366,-9.8147,37.783937,-122.403580,2001.49,60.01
36.2400,1005.8320,1394.3560,2001.4963,59.9564,-0.6055,2.4523,-8.0193,2.6594,95.3546,0.6703,-0.0642,-0.0361,0.7384,60.0078,2.3420,-0.5765,-0.0005,-0.0072,0.0111,0.2366,-9.8155,37.783937,-122.403567,2001.49,60.01
36.2600,1005.7254,1395.5515,2001.5017,59.9581,-0.6072,2.4526,-8.0438,2.6586,95.3289,0.6704,-0.0643,-0.0362,0.7383,60.0095,2.3422,-0.5781,-0.0005,-0.0072,0.0111,0.2365,-9.8164,37.783936,-122.403553,2001.50,60.01
36.2800,1005.6194,1396.7470,2001.5071,59.9598,-0.6089,2.4528,-8.0681,2.6577,95.3032,0.6706,-0.0645,-0.0364,0.7381,60.0113,2.3424,-0.5797,-0.0005,-0.0071,0.0111,0.2364,-9.8172,37.783935,-122.403540,2001.50,60.01
36.3000,1005.5139,1397.9426,2001.5125,59.9615,-0.6105,2.4531,-8.0923,2.6568,95.2774,0.6707,-0.0646,-0.0365,0.7380,60.0130,2.3426,-0.5813,-0.0005,-0.0071,0.0112,0.2363,-9.8181,37.783934,-122.403526,2001.51,60.01
36.3200,1005.4089,1399.1383,2001.5178,59.9632,-0.6122,2.4534,-8.1163,2.6560,95.2515,0.6709,-0.0648,-0.0367,0.7378,60.0148,2.3427,-0.5829,-0.0005,-0.0070,0.0112,0.2362,-9.8190,37.783933,-122.403512,2001.51,60.01
36.3400,1005.3045,1400.3341,2001.5231,59.9649,-0.6138,2.4536,-8.1402,2.6551,95.2255,0.6710,-0.0649,-0.0368,0.7377,60.0165,2.3429,-0.5844,-0.0005,-0.0070,0.0112,0.2361,-9.8198,37.783932,-122.403499,2001.52,60.02
36.3600,1005.2006,1401.5300,2001.5284,59.9666,-0.6155,2.4539,-8.1640,2.6543,95.1994,0.6712,-0.0650,-0.0370,0.7375,60.0182,2.3431,-0.5860,-0.0006,-0.0070,0.0113,0.2360,-9.8207,37.783931,-122.403485,2001.52,60.02
36.3800,1005.0973,1402.7260,2001.5337,59.9683,-0.6171,2.4542,-8.1876,2.6534,95.1732,0.6714,-0.0652,-0.0371,0.7373,60.0200,2.3433,-0.5876,-0.0006,-0.0069,0.0113,0.2359,-9.8215,37.783930,-122.403472,2001.53,60.02
36.4000,1004.9945,1403.9220,2001.5389,59.9700,-0.6187,2.4544,-8.2110,2.6526,95.1470,0.6715,-0.0653,-0.0373,0.7372,60.0217,2.3435,-0.5891,-0.0006,-0.0069,0.0113,0.2358,-9.8224,37.783929,-122.403458,2001.53,60.02
36.4200,1004.8924,1405.1181,2001.5441,59.9717,-0.6203,2.4547,-8.2344,2.6517,95.1207,0.6717,-0.0655,-0.0374,0.7370,60.0234,2.3437,-0.5906,-0.0006,-0.0068,0.0114,0.2358,-9.8232,37.783928,-122.403444,2001.54,60.02
36.4400,1004.7907,1406.3143,2001.5492,59.9734,-0.6219,2.4549,-8.2576,2.6509,95.0943,0.6718,-0.0656,-0.0375,0.7368,60.0251,2.3438,-0.5921,-0.0006,-0.0068,0.0114,0.2357,-9.8241,37.783927,-122.403431,2001.54,60.02
36.4600,1004.6896,1407.5106,2001.5544,59.9751,-0.6235,2.4552,-8.2806,2.6501,95.0678,0.6720,-0.0657,-0.0377,0.7367,60.0268,2.3440,-0.5936,-0.0006,-0.0067,0.0114,0.2356,-9.8249,37.783926,-122.403417,2001.55,60.03
36.4800,1004.5891,1408.7069,2001.5595,59.9768,-0.6251,2.4555,-8.3036,2.6492,95.0412,0.6721,-0.0659,-0.0378,0.7365,60.0286,2.3442,-0.5951,-0.0006,-0.0067,0.0115,0.2355,-9.8258,37.783925,-122.403404,2001.55,60.03
36.5000,1004.4891,1409.9034,2001.5646,59.9784,-0.6267,2.4557,-8.3263,2.6484,95.0146,0.6723,-0.0660,-0.0379,0.7364,60.0303,2.3444,-0.5966,-0.0006,-0.0066,0.0115,0.2354,-9.8266,37.783924,-122.403390,2001.56,60.03
36.5200,1004.3898,1411.0999,2001.5696,59.9801,-0.6282,2.4560,-8.3490,2.6476,94.9879,0.6725,-0.0662,-0.0381,0.7362,60.0320,2.3446,-0.5981,-0.0006,-0.0066,0.0115,0.2353,-9.8275,37.783923,-122.403376,2001.56,60.03
36.5400,1004.2909,1412.2965,2001.5747,59.9818,-0.6298,2.4562,-8.3715,2.6468,94.9611,0.6726,-0.0663,-0.0382,0.7360,60.0337,2.3448,-0.5996,-0.0006,-0.0065,0.0116,0.2352,-9.8283,37.783923,-122.403363,2001.57,60.03
36.5600,1004.1927,1413.4932,2001.5797,59.9835,-0.6313,2.4565,-8.3938,2.6460,94.9342,0.6728,-0.0664,-0.0383,0.7359,60.0354,2.3449,-0.6010,-0.0006,-0.0065,0.0116,0.2351,-9.8292,37.783922,-122.403349,2001.57,60.03
36.5800,1004.0950,1414.6900,2001.5846,59.9851,-0.6328,2.4568,-8.4160,2.6452,94.9073,0.6729,-0.0666,-0.0385,0.7357,60.0371,2.3451,-0.6025,-0.0006,-0.0065,0.0116,0.2351,-9.8300,37.783921,-122.403336,2001.58,60.04
36.6000,1003.9978,1415.8868,2001.5896,59.9868,-0.6343,2.4570,-8.4381,2.6443,94.8802,0.6731,-0.0667,-0.0386,0.7355,60.0388,2.3453,-0.6039,-0.0006,-0.0064,0.0117,0.2350,-9.8309,37.783920,-122.403322,2001.58,60.04
36.6200,1003.9013,1417.0837,2001.5945,59.9885,-0.6358,2.4573,-8.4600,2.6435,94.8531,0.6733,-0.0668,-0.0387,0.7354,60.0404,2.3455,-0.6054,-0.0006,-0.0064,0.0117,0.2349,-9.8317,37.783919,-122.403308,2001.59,60.04
36.6400,1003.8053,1418.2808,2001.5994,59.9901,-0.6373,2.4575,-8.4818,2.6427,94.8259,0.6734,-0.0670,-0.0389,0.7352,60.0421,2.3457,-0.6068,-0.0006,-0.0063,0.0117,0.2348,-9.8326,37.783918,-122.403295,2001.59,60.04
36.6600,1003.7099,1419.4778,2001.6043,59.9918,-0.6388,2.4578,-8.5035,2.6419,94.7987,0.6736,-0.0671,-0.0390,0.7350,60.0438,2.3459,-0.6082,-0.0006,-0.0063,0.0118,0.2347,-9.8334,37.783917,-122.403281,2001.60,60.04
36.6800,1003.6151,1420.6750,2001.6091,59.9934,-0.6403,2.4581,-8.5250,2.6412,94.7713,0.6737,-0.0672,-0.0391,0.7349,60.0455,2.3460,-0.6096,-0.0006,-0.0062,0.0118,0.2346,-9.8342,37.783916,-122.403268,2001.60,60.04
36.7000,1003.5209,1421.8723,2001.6139,59.9951,-0.6418,2.4583,-8.5464,2.6404,94.7439,0.6739,-0.0674,-0.0392,0.7347,60.0472,2.3462,-0.6110,-0.0006,-0.0062,0.0118,0.2345,-9.8351,37.783916,-122.403254,2001.61,60.05
36.7200,1003.4272,1423.0696,2001.6187,59.9967,-0.6432,2.4586,-8.5676,2.6396,94.7164,0.6741,-0.0675,-0.0394,0.7345,60.0488,2.3464,-0.6123,-0.0006,-0.0061,0.0119,0.2344,-9.8359,37.783915,-122.403240,2001.61,60.05
36.7400,1003.3341,1424.2670,2001.6235,59.9983,-0.6446,2.4588,-8.5887,2.6388,94.6888,0.6742,-0.0676,-0.0395,0.7343,60.0505,2.3466,-0.6137,-0.0006,-0.0061,0.0119,0.2343,-9.8368,37.783914,-122.403227,2001.62,60.05
36.7600,1003.2416,1425.4645,2001.6282,60.0000,-0.6461,2.4591,-8.6096,2.6380,94.6612,0.6744,-0.0677,-0.0396,0.7342,60.0522,2.3468,-0.6151,-0.0006,-0.0060,0.0119,0.2343,-9.8376,37.783913,-122.403213,2001.62,60.05
36.7800,1003.1497,1426.6620,2001.6329,60.0016,-0.6475,2.4594,-8.6304,2.6372,94.6335,0.6746,-0.0679,-0.0397,0.7340,60.0538,2.3469,-0.6164,-0.0006,-0.0060,0.0120,0.2342,-9.8384,37.783912,-122.403200,2001.63,60.05
36.8000,1003.0584,1427.8597,2001.6376,60.0032,-0.6489,2.4596,-8.6511,2.6365,94.6057,0.6747,-0.0680,-0.0399,0.7338,60.0555,2.3471,-0.6177,-0.0006,-0.0059,0.0120,0.2341,-9.8392,37.783911,-122.403186,2001.63,60.06
36.8200,1002.9676,1429.0574,2001.6423,60.0049,-0.6503,2.4599,-8.6716,2.6357,94.5778,0.6749,-0.0681,-0.0400,0.7337,60.0571,2.3473,-0.6191,-0.0006,-0.0059,0.0120,0.2340,-9.8401,37.783911,-122.403172,2001.64,60.06
36.8400,1002.8775,1430.2552,2001.6469,60.0065,-0.6517,2.4601,-8.6920,2.6349,94.5499,0.6751,-0.0682,-0.0401,0.7335,60.0588,2.3475,-0.6204,-0.0006,-0.0059,0.0120,0.2339,-9.8409,37.783910,-122.403159,2001.64,60.06
36.8600,1002.7879,1431.4531,2001.6515,60.0081,-0.6531,2.4604,-8.7123,2.6342,94.5219,0.6752,-0.0684,-0.0402,0.7333,60.0604,2.3477,-0.6217,-0.0006,-0.0058,0.0121,0.2338,-9.8417,37.783909,-122.403145,2001.65,60.06
36.8800,1002.6990,1432.6510,2001.6561,60.0097,-0.6544,2.4606,-8.7324,2.6334,94.4938,0.6754,-0.0685,-0.0403,0.7331,60.0621,2.3478,-0.6230,-0.0006,-0.0058,0.0121,0.2337,-9.8426,37.783908,-122.403132,2001.65,60.06
36.9000,1002.6106,1433.8490,2001.6606,60.0113,-0.6558,2.4609,-8.7524,2.6326,94.4657,0.6756,-0.0686,-0.0404,0.7330,60.0637,2.3480,-0.6243,-0.0006,-0.0057,0.0121,0.2336,-9.8434,37.783907,-122.403118,2001.66,60.06
36.9200,1002.5228,1435.0471,2001.6652,60.0129,-0.6571,2.4611,-8.7722,2.6319,94.4375,0.6757,-0.0687,-0.0406,0.7328,60.0653,2.3482,-0.6256,-0.0006,-0.0057,0.0122,0.2336,-9.8442,37.783907,-122.403104,2001.66,60.06
36.9400,1002.4356,1436.2453,2001.6697,60.0145,-0.6585,2.4614,-8.7919,2.6311,94.4092,0.6759,-0.0689,-0.0407,0.7326,60.0670,2.3484,-0.6268,-0.0006,-0.0056,0.0122,0.2335,-9.8450,37.783906,-122.403091,2001.67,60.07
36.9600,1002.3490,1437.4436,2001.6742,60.0161,-0.6598,2.4616,-8.8114,2.6304,94.3808,0.6761,-0.0690,-0.0408,0.7325,60.0686,2.3486,-0.6281,-0.0006,-0.0056,0.0122,0.2334,-9.8458,37.783905,-122.403077,2001.67,60.07
36.9800,1002.2630,1438.6419,2001.6786,60.0177,-0.6611,2.4619,-8.8308,2.6296,94.3524,0.6763,-0.0691,-0.0409,0.7323,60.0702,2.3487,-0.6293,-0.0006,-0.0055,0.0122,0.2333,-9.8466,37.783904,-122.403063,2001.67,60.07
37.0000,1002.1777,1439.8403,2001.6830,60.0193,-0.6624,2.4621,-8.8501,2.6289,94.3239,0.6764,-0.0692,-0.0410,0.7321,60.0718,2.3489,-0.6306,-0.0006,-0.0055,0.0123,0.2332,-9.8475,37.783903,-122.403050,2001.68,60.07
37.0200,1002.0929,1441.0388,2001.6874,60.0209,-0.6637,2.4624,-8.8692,2.6282,94.2954,0.6766,-0.0693,-0.0411,0.7319,60.0734,2.3491,-0.6318,-0.0006,-0.0054,0.0123,0.2331,-9.8483,37.783903,-122.403036,2001.68,60.07
37.0400,1002.0087,1442.2373,2001.6918,60.0225,-0.6650,2.4626,-8.8882,2.6274,94.2667,0.6768,-0.0695,-0.0412,0.7318,60.0751,2.3493,-0.6330,-0.0006,-0.0054,0.0123,0.2330,-9.8491,37.783902,-122.403023,2001.69,60.07
37.0600,1001.9251,1443.4360,2001.6962,60.0241,-0.6663,2.4629,-8.9070,2.6267,94.2380,0.6769,-0.0696,-0.0413,0.7316,60.0767,2.3494,-0.6342,-0.0006,-0.0054,0.0124,0.2329,-9.8499,37.783901,-122.403009,2001.69,60.08
37.0800,1001.8422,1444.6347,2001.7005,60.0256,-0.6675,2.4631,-8.9257,2.6260,94.2093,0.6771,-0.0697,-0.0414,0.7314,60.0783,2.3496,-0.6354,-0.0006,-0.0053,0.0124,0.2328,-9.8507,37.783900,-122.402995,2001.70,60.08
37.1000,1001.7598,1445.8335,2001.7048,60.0272,-0.6688,2.4634,-8.9443,2.6252,94.1805,0.6773,-0.0698,-0.0415,0.7312,60.0799,2.3498,-0.6366,-0.0006,-0.0053,0.0124,0.2328,-9.8515,37.783900,-122.402982,2001.70,60.08
37.1200,1001.6780,1447.0323,2001.7091,60.0288,-0.6700,2.4636,-8.9627,2.6245,94.1516,0.6775,-0.0699,-0.0417,0.7310,60.0815,2.3500,-0.6378,-0.0007,-0.0052,0.0124,0.2327,-9.8523,37.783899,-122.402968,2001.70,60.08
37.1400,1001.5969,1448.2312,2001.7134,60.0303,-0.6712,2.4639,-8.9810,2.6238,94.1226,0.6776,-0.0700,-0.0418,0.7309,60.0830,2.3501,-0.6389,-0.0007,-0.0052,0.0125,0.2326,-9.8531,37.783898,-122.402954,2001.71,60.08
37.1600,1001.5164,1449.4302,2001.7176,60.0319,-0.6725,2.4641,-8.9991,2.6231,94.0936,0.6778,-0.0701,-0.0419,0.7307,60.0846,2.3503,-0.6401,-0.0007,-0.0051,0.0125,0.2325,-9.8539,37.783897,-122.402941,2001.71,60.08
37.1800,1001.4364,1450.6293,2001.7218,60.0335,-0.6737,2.4643,-9.0171,2.6224,94.0645,0.6780,-0.0703,-0.0420,0.7305,60.0862,2.3505,-0.6412,-0.0007,-0.0051,0.0125,0.2324,-9.8547,37.783897,-122.402927,2001.72,60.09
37.2000,1001.3571,1451.8285,2001.7260,60.0350,-0.6749,2.4646,-9.0350,2.6217,94.0354,0.6782,-0.0704,-0.0421,0.7303,60.0878,2.3506,-0.6424,-0.0007,-0.0050,0.0125,0.2323,-9.8555,37.783896,-122.402914,2001.72,60.09
37.2200,1001.2785,1453.0277,2001.7301,60.0366,-0.6760,2.4648,-9.0527,2.6210,94.0061,0.6783,-0.0705,-0.0422,0.7301,60.0894,2.3508,-0.6435,-0.0007,-0.0050,0.0126,0.2322,-9.8562,37.783895,-122.402900,2001.73,60.09
37.2400,1001.2004,1454.2270,2001.7343,60.0381,-0.6772,2.4651,-9.0702,2.6202,93.9769,0.6785,-0.0706,-0.0423,0.7300,60.0909,2.3510,-0.6446,-0.0007,-0.0049,0.0126,0.2321,-9.8570,37.783895,-122.402886,2001.73,60.09
37.2600,1001.1229,1455.4263,2001.7384,60.0397,-0.6784,2.4653,-9.0877,2.6195,93.9475,0.6787,-0.0707,-0.0424,0.7298,60.0925,2.3511,-0.6457,-0.0007,-0.0049,0.0126,0.2321,-9.8578,37.783894,-122.402873,2001.73,60.09
37.2800,1001.0461,1456.6258,2001.7425,60.0412,-0.6796,2.4655,-9.1050,2.6188,93.9181,0.6789,-0.0708,-0.0424,0.7296,60.0941,2.3513,-0.6468,-0.0007,-0.0049,0.0126,0.2320,-9.8586,37.783893,-122.402859,2001.74,60.09
37.3000,1000.9699,1457.8253,2001.7466,60.0427,-0.6807,2.4658,-9.1221,2.6181,93.8887,0.6790,-0.0709,-0.0425,0.7294,60.0956,2.3515,-0.6479,-0.0007,-0.0048,0.0127,0.2319,-9.8594,37.783893,-122.402845,2001.74,60.10
37.3200,1000.8943,1459.0248,2001.7506,60.0443,-0.6818,2.4660,-9.1391,2.6174,93.8591,0.6792,-0.0710,-0.0426,0.7292,60.0972,2.3516,-0.6490,-0.0007,-0.0048,0.0127,0.2318,-9.8601,37.783892,-122.402832,2001.75,60.10
37.3400,1000.8193,1460.2245,2001.7546,60.0458,-0.6830,2.4662,-9.1560,2.6168,93.8296,0.6794,-0.0711,-0.0427,0.7291,60.0987,2.3518,-0.6500,-0.0007,-0.0047,0.0127,0.2317,-9.8609,37.783891,-122.402818,2001.75,60.10
37.3600,1000.7450,1461.4242,2001.7586,60.0473,-0.6841,2.4665,-9.1727,2.6161,93.7999,0.6796,-0.0712,-0.0428,0.7289,60.1003,2.3520,-0.6511,-0.0007,-0.0047,0.0127,0.2316,-9.8617,37.783891,-122.402805,2001.75,60.10
37.3800,1000.6713,1462.6240,2001.7626,60.0488,-0.6852,2.4667,-9.1893,2.6154,93.7702,0.6798,-0.0713,-0.0429,0.7287,60.1018,2.3521,-0.6521,-0.0007,-0.0046,0.0128,0.2315,-9.8624,37.783890,-122.402791,2001.76,60.10
37.4000,1000.5982,1463.8238,2001.7666,60.0503,-0.6863,2.4669,-9.2058,2.6147,93.7405,0.6799,-0.0714,-0.0430,0.7285,60.1034,2.3523,-0.6532,-0.0007,-0.0046,0.0128,0.2314,-9.8632,37.783889,-122.402777,2001.76,60.10
37.4200,1000.5257,1465.0237,2001.7705,60.0519,-0.6874,2.4672,-9.2221,2.6140,93.7106,0.6801,-0.0715,-0.0431,0.7283,60.1049,2.3524,-0.6542,-0.0007,-0.0045,0.0128,0.2314,-9.8640,37.783889,-122.402764,2001.77,60.10
37.4400,1000.4539,1466.2237,2001.7744,60.0534,-0.6884,2.4674,-9.2382,2.6133,93.6808,0.6803,-0.0717,-0.0432,0.7281,60.1064,2.3526,-0.6552,-0.0007,-0.0045,0.0128,0.2313,-9.8647,37.783888,-122.402750,2001.77,60.11
37.4600,1000.3827,1467.4238,2001.7783,60.0549,-0.6895,2.4676,-9.2543,2.6127,93.6508,0.6805,-0.0718,-0.0433,0.7280,60.1080,2.3528,-0.6562,-0.0007,-0.0044,0.0129,0.2312,-9.8655,37.783887,-122.402736,2001.77,60.11
37.4800,1000.3121,1468.6239,2001.7822,60.0564,-0.6905,2.4678,-9.2702,2.6120,93.6208,0.6807,-0.0719,-0.0434,0.7278,60.1095,2.3529,-0.6572,-0.0007,-0.0044,0.0129,0.2311,-9.8662,37.783887,-122.402723,2001.78,60.11
37.5000,1000.2422,1469.8241,2001.7860,60.0579,-0.6916,2.4681,-9.2859,2.6113,93.5908,0.6808,-0.0720,-0.0434,0.7276,60.1110,2.3531,-0.6582,-0.0007,-0.0044,0.0129,0.2310,-9.8670,37.783886,-122.402709,2001.78,60.11
37.5200,1000.1729,1471.0244,2001.7898,60.0594,-0.6926,2.4683,-9.3015,2.6106,93.5607,0.6810,-0.0721,-0.0435,0.7274,60.1125,2.3532,-0.6592,-0.0007,-0.0043,0.0129,0.2309,-9.8677,37.783885,-122.402695,2001.79,60.11
37.5400,1000.1042,1472.2247,2001.7936,60.0608,-0.6936,2.4685,-9.3170,2.6100,93.5305,0.6812,-0.0722,-0.0436,0.7272,60.1140,2.3534,-0.6602,-0.0007,-0.0043,0.0130,0.2308,-9.8685,37.783885,-122.402682,2001.79,60.11
37.5600,1000.0362,1473.4251,2001.7974,60.0623,-0.6947,2.4687,-9.3323,2.6093,93.5003,0.6814,-0.0723,-0.0437,0.7270,60.1156,2.3535,-0.6611,-0.0007,-0.0042,0.0130,0.2307,-9.8692,37.783884,-122.402668,2001.79,60.12
37.5800,999.9688,1474.6256,2001.8012,60.0638,-0.6957,2.4689,-9.3475,2.6087,93.4700,0.6816,-0.0724,-0.0438,0.7269,60.1171,2.3537,-0.6621,-0.0007,-0.0042,0.0130,0.2307,-9.8700,37.783883,-122.402655,2001.80,60.12
37.6000,999.9020,1475.8261,2001.8049,60.0653,-0.6966,2.4692,-9.3625,2.6080,93.4397,0.6818,-0.0724,-0.0439,0.7267,60.1186,2.3538,-0.6630,-0.0007,-0.0041,0.0130,0.2306,-9.8707,37.783883,-122.402641,2001.80,60.12
37.6200,999.8359,1477.0267,2001.8086,60.0668,-0.6976,2.4694,-9.3774,2.6073,93.4093,0.6819,-0.0725,-0.0439,0.7265,60.1201,2.3540,-0.6639,-0.0007,-0.0041,0.0130,0.2305,-9.8714,37.783882,-122.402627,2001.80,60.12
37.6400,999.7704,1478.2273,2001.8123,60.0682,-0.6986,2.4696,-9.3922,2.6067,93.3789,0.6821,-0.0726,-0.0440,0.7263,60.1215,2.3541,-0.6649,-0.0007,-0.0040,0.0131,0.2304,-9.8722,37.783882,-122.402614,2001.81,60.12
37.6600,999.7056,1479.4280,2001.8160,60.0697,-0.6996,2.4698,-9.4068,2.6060,93.3484,0.6823,-0.0727,-0.0441,0.7261,60.1230,2.3543,-0.6658,-0.0007,-0.0040,0.0131,0.2303,-9.8729,37.783881,-122.402600,2001.81,60.12
37.6800,999.6414,1480.6288,2001.8196,60.0712,-0.7005,2.4700,-9.4213,2.6054,93.3179,0.6825,-0.0728,-0.0442,0.7259,60.1245,2.3544,-0.6667,-0.0007,-0.0040,0.0131,0.2302,-9.8736,37.783881,-122.402586,2001.82,60.12
37.7000,999.5778,1481.8297,2001.8232,60.0726,-0.7014,2.4702,-9.4357,2.6047,93.2873,0.6827,-0.0729,-0.0442,0.7257,60.1260,2.3546,-0.6675,-0.0007,-0.0039,0.0131,0.2301,-9.8743,37.783880,-122.402573,2001.82,60.13
37.7200,999.5149,1483.0306,2001.8268,60.0741,-0.7024,2.4704,-9.4499,2.6041,93.2567,0.6829,-0.0730,-0.0443,0.7255,60.1275,2.3547,-0.6684,-0.0007,-0.0039,0.0132,0.2301,-9.8750,37.783879,-122.402559,2001.82,60.13
37.7400,999.4527,1484.2316,2001.8304,60.0755,-0.7033,2.4706,-9.4639,2.6034,93.2260,0.6830,-0.0731,-0.0444,0.7254,60.1289,2.3549,-0.6693,-0.0007,-0.0038,0.0132,0.2300,-9.8757,37.783879,-122.402545,2001.83,60.13
37.7600,999.3911,1485.4326,2001.8340,60.0770,-0.7042,2.4708,-9.4779,2.6028,93.1952,0.6832,-0.0732,-0.0445,0.7252,60.1304,2.3550,-0.6702,-0.0007,-0.0038,0.0132,0.2299,-9.8765,37.783878,-122.402532,2001.83,60.13
37.7800,999.3301,1486.6337,2001.8375,60.0784,-0.7051,2.4711,-9.4916,2.6022,93.1644,0.6834,-0.0733,-0.0445,0.7250,60.1319,2.3551,-0.6710,-0.0007,-0.0037,0.0132,0.2298,-9.8772,37.783878,-122.402518,2001.83,60.13
37.8000,999.2698,1487.8349,2001.8411,60.0798,-0.7060,2.4713,-9.5053,2.6015,93.1336,0.6836,-0.0734,-0.0446,0.7248,60.1333,2.3553,-0.6718,-0.0007,-0.0037,0.0132,0.2297,-9.8779,37.783877,-122.402504,2001.84,60.13
37.8200,999.2101,1489.0361,2001.8446,60.0813,-0.7069,2.4715,-9.5188,2.6009,93.1027,0.6838,-0.0735,-0.0447,0.7246,60.1348,2.3554,-0.6727,-0.0007,-0.0036,0.0133,0.2296,-9.8786,37.783877,-122.402491,2001.84,60.13
37.8400,999.1511,1490.2374,2001.8481,60.0827,-0.7077,2.4717,-9.5322,2.6003,93.0718,0.6840,-0.0736,-0.0447,0.7244,60.1362,2.3555,-0.6735,-0.0007,-0.0036,0.0133,0.2295,-9.8793,37.783876,-122.402477,2001.84,60.14
37.8600,999.0928,1491.4387,2001.8515,60.0841,-0.7086,2.4719,-9.5454,2.5996,93.0408,0.6842,-0.0736,-0.0448,0.7242,60.1377,2.3557,-0.6743,-0.0007,-0.0035,0.0133,0.2294,-9.8799,37.783876,-122.402463,2001.85,60.14
37.8800,999.0351,1492.6401,2001.8550,60.0855,-0.7094,2.4721,-9.5585,2.5990,93.0097,0.6844,-0.0737,-0.0449,0.7240,60.1391,2.3558,-0.6751,-0.0007,-0.0035,0.0133,0.2294,-9.8806,37.783875,-122.402450,2001.85,60.14
37.9000,998.9780,1493.8416,2001.8584,60.0869,-0.7103,2.4722,-9.5714,2.5984,92.9787,0.6845,-0.0738,-0.0449,0.7238,60.1405,2.3559,-0.6759,-0.0007,-0.0035,0.0133,0.2293,-9.8813,37.783874,-122.402436,2001.85,60.14
37.9200,998.9216,1495.0431,2001.8618,60.0884,-0.7111,2.4724,-9.5842,2.5978,92.9475,0.6847,-0.0739,-0.0450,0.7236,60.1420,2.3561,-0.6767,-0.0007,-0.0034,0.0134,0.2292,-9.8820,37.783874,-122.402423,2001.86,60.14
37.9400,998.8659,1496.2447,2001.8652,60.0898,-0.7119,2.4726,-9.5969,2.5971,92.9164,0.6849,-0.0740,-0.0451,0.7235,60.1434,2.3562,-0.6774,-0.0007,-0.0034,0.0134,0.2291,-9.8827,37.783873,-122.402409,2001.86,60.14
37.9600,998.8108,1497.4464,2001.8685,60.0912,-0.7127,2.4728,-9.6094,2.5965,92.8851,0.6851,-0.0741,-0.0451,0.7233,60.1448,2.3563,-0.6782,-0.0007,-0.0033,0.0134,0.2290,-9.8834,37.783873,-122.402395,2001.87,60.14
37.9800,998.7564,1498.6481,2001.8719,60.0926,-0.7135,2.4730,-9.6218,2.5959,92.8539,0.6853,-0.0741,-0.0452,0.7231,60.1462,2.3565,-0.6790,-0.0007,-0.0033,0.0134,0.2289,-9.8840,37.783872,-122.402382,2001.87,60.15
38.0000,998.7026,1499.8498,2001.8752,60.0940,-0.7143,2.4732,-9.6341,2.5953,92.8226,0.6855,-0.0742,-0.0452,0.7229,60.1477,2.3566,-0.6797,-0.0007,-0.0032,0.0134,0.2288,-9.8847,37.783872,-122.402368,2001.87,60.15
38.0200,998.6495,1501.0516,2001.8785,60.0953,-0.7151,2.4734,-9.6462,2.5947,92.7912,0.6857,-0.0743,-0.0453,0.7227,60.1491,2.3567,-0.6804,-0.0007,-0.0032,0.0134,0.2288,-9.8854,37.783871,-122.402354,2001.88,60.15
38.0400,998.5970,1502.2535,2001.8818,60.0967,-0.7158,2.4736,-9.6582,2.5941,92.7598,0.6859,-0.0744,-0.0454,0.7225,60.1505,2.3568,-0.6812,-0.0007,-0.0031,0.0135,0.2287,-9.8860,37.783871,-122.402341,2001.88,60.15
38.0600,998.5452,1503.4554,2001.8851,60.0981,-0.7166,2.4738,-9.6700,2.5935,92.7284,0.6861,-0.0745,-0.0454,0.7223,60.1519,2.3570,-0.6819,-0.0007,-0.0031,0.0135,0.2286,-9.8867,37.783871,-122.402327,2001.88,60.15
38.0800,998.4941,1504.6574,2001.8883,60.0995,-0.7173,2.4739,-9.6817,2.5928,92.6969,0.6863,-0.0745,-0.0455,0.7221,60.1533,2.3571,-0.6826,-0.0007,-0.0031,0.0135,0.2285,-9.8873,37.783870,-122.402313,2001.89,60.15
38.1000,998.4437,1505.8595,2001.8916,60.1009,-0.7181,2.4741,-9.6933,2.5922,92.6653,0.6864,-0.0746,-0.0455,0.7219,60.1547,2.3572,-0.6833,-0.0007,-0.0030,0.0135,0.2284,-9.8880,37.783870,-122.402300,2001.89,60.15
38.1200,998.3939,1507.0616,2001.8948,60.1022,-0.7188,2.4743,-9.7047,2.5916,92.6338,0.6866,-0.0747,-0.0456,0.7217,60.1561,2.3573,-0.6840,-0.0008,-0.0030,0.0135,0.2283,-9.8886,37.783869,-122.402286,2001.89,60.16
38.1400,998.3447,1508.2637,2001.8980,60.1036,-0.7195,2.4745,-9.7160,2.5910,92.6022,0.6868,-0.0748,-0.0456,0.7215,60.1574,2.3574,-0.6846,-0.0008,-0.0029,0.0135,0.2283,-9.8893,37.783869,-122.402272,2001.89,60.16
38.1600,998.2963,1509.4659,2001.9012,60.1050,-0.7202,2.4746,-9.7271,2.5904,92.5705,0.6870,-0.0749,-0.0457,0.7213,60.1588,2.3575,-0.6853,-0.0008,-0.0029,0.0136,0.2282,-9.8899,37.783868,-122.402259,2001.90,60.16
38.1800,998.2485,1510.6682,2001.9043,60.1063,-0.7209,2.4748,-9.7381,2.5898,92.5388,0.6872,-0.0749,-0.0458,0.7211,60.1602,2.3576,-0.6859,-0.0008,-0.0028,0.0136,0.2281,-9.8905,37.783868,-122.402245,2001.90,60.16
38.2000,998.2013,1511.8705,2001.9075,60.1077,-0.7216,2.4750,-9.7490,2.5892,92.5071,0.6874,-0.0750,-0.0458,0.7209,60.1616,2.3578,-0.6866,-0.0008,-0.0028,0.0136,0.2280,-9.8912,37.783867,-122.402231,2001.90,60.16
38.2200,998.1549,1513.0729,2001.9106,60.1090,-0.7223,2.4751,-9.7597,2.5886,92.4753,0.6876,-0.0751,-0.0459,0.7207,60.1629,2.3579,-0.6872,-0.0008,-0.0028,0.0136,0.2279,-9.8918,37.783867,-122.402218,2001.91,60.16
38.2400,998.1091,1514.2753,2001.9137,60.1104,-0.7229,2.4753,-9.7703,2.5881,92.4435,0.6878,-0.0751,-0.0459,0.7205,60.1643,2.3580,-0.6879,-0.0008,-0.0027,0.0136,0.2278,-9.8924,37.783867,-122.402204,2001.91,60.16
38.2600,998.0640,1515.4778,2001.9168,60.1117,-0.7236,2.4755,-9.7807,2.5875,92.4117,0.6880,-0.0752,-0.0460,0.7204,60.1657,2.3581,-0.6885,-0.0008,-0.0027,0.0136,0.2277,-9.8930,37.783866,-122.402190,2001.91,60.17
38.2800,998.0195,1516.6803,2001.9198,60.1130,-0.7242,2.4756,-9.7910,2.5869,92.3798,0.6882,-0.0753,-0.0460,0.7202,60.1670,2.3582,-0.6891,-0.0008,-0.0026,0.0137,0.2277,-9.8936,37.783866,-122.402177,2001.92,60.17
38.3000,997.9757,1517.8829,2001.9229,60.1144,-0.7249,2.4758,-9.8012,2.5863,92.3478,0.6884,-0.0754,-0.0460,0.7200,60.1684,2.3583,-0.6897,-0.0008,-0.0026,0.0137,0.2276,-9.8942,37.783865,-122.402163,2001.92,60.17
38.3200,997.9326,1519.0855,2001.9259,60.1157,-0.7255,2.4760,-9.8112,2.5857,92.3159,0.6886,-0.0754,-0.0461,0.7198,60.1697,2.3584,-0.6903,-0.0008,-0.0025,0.0137,0.2275,-9.8948,37.783865,-122.402149,2001.92,60.17
38.3400,997.8902,1520.2882,2001.9289,60.1170,-0.7261,2.4761,-9.8211,2.5851,92.2839,0.6888,-0.0755,-0.0461,0.7196,60.1710,2.3585,-0.6908,-0.0008,-0.0025,0.0137,0.2274,-9.8954,37.783865,-122.402136,2001.93,60.17
38.3600,997.8484,1521.4909,2001.9319,60.1183,-0.7267,2.4763,-9.8309,2.5845,92.2518,0.6890,-0.0756,-0.0462,0.7194,60.1724,2.3586,-0.6914,-0.0008,-0.0024,0.0137,0.2273,-9.8960,37.783864,-122.402122,2001.93,60.17
38.3800,997.8073,1522.6937,2001.9349,60.1197,-0.7273,2.4764,-9.8405,2.5839,92.2198,0.6892,-0.0756,-0.0462,0.7192,60.1737,2.3587,-0.6920,-0.0008,-0.0024,0.0137,0.2272,-9.8966,37.783864,-122.402108,2001.93,60.17
38.4000,997.7669,1523.8966,2001.9379,60.1210,-0.7279,2.4766,-9.8500,2.5834,92.1877,0.6893,-0.0757,-0.0463,0.7190,60.1750,2.3588,-0.6925,-0.0008,-0.0024,0.0137,0.2272,-9.8972,37.783863,-122.402095,2001.93,60.17
38.4200,997.7272,1525.0994,2001.9408,60.1223,-0.7285,2.4767,-9.8594,2.5828,92.1555,0.6895,-0.0758,-0.0463,0.7188,60.1764,2.3589,-0.6931,-0.0008,-0.0023,0.0138,0.2271,-9.8978,37.783863,-122.402081,2001.94,60.18
38.4400,997.6881,1526.3024,2001.9438,60.1236,-0.7290,2.4769,-9.8686,2.5822,92.1233,0.6897,-0.0758,-0.0463,0.7186,60.1777,2.3590,-0.6936,-0.0008,-0.0023,0.0138,0.2270,-9.8984,37.783863,-122.402067,2001.94,60.18
38.4600,997.6497,1527.5053,2001.9467,60.1249,-0.7296,2.4770,-9.8776,2.5816,92.0911,0.6899,-0.0759,-0.0464,0.7184,60.1790,2.3590,-0.6941,-0.0008,-0.0022,0.0138,0.2269,-9.8990,37.783862,-122.402054,2001.94,60.18
38.4800,997.6120,1528.7084,2001.9496,60.1262,-0.7301,2.4772,-9.8866,2.5811,92.0589,0.6901,-0.0760,-0.0464,0.7182,60.1803,2.3591,-0.6946,-0.0008,-0.0022,0.0138,0.2268,-9.8995,37.783862,-122.402040,2001.95,60.18
38.5000,997.5750,1529.9114,2001.9525,60.1274,-0.7307,2.4773,-9.8954,2.5805,92.0266,0.6903,-0.0760,-0.0465,0.7180,60.1816,2.3592,-0.6951,-0.0008,-0.0021,0.0138,0.2267,-9.9001,37.783862,-122.402026,2001.95,60.18
38.5200,997.5387,1531.1146,2001.9553,60.1287,-0.7312,2.4774,-9.9040,2.5799,91.9943,0.6905,-0.0761,-0.0465,0.7178,60.1829,2.3593,-0.6956,-0.0008,-0.0021,0.0138,0.2267,-9.9007,37.783861,-122.402013,2001.95,60.18
38.5400,997.5030,1532.3177,2001.9582,60.1300,-0.7317,2.4776,-9.9126,2.5794,91.9619,0.6907,-0.0761,-0.0465,0.7176,60.1842,2.3594,-0.6961,-0.0008,-0.0020,0.0138,0.2266,-9.9012,37.783861,-122.401999,2001.96,60.18
38.5600,997.4680,1533.5209,2001.9610,60.1313,-0.7322,2.4777,-9.9210,2.5788,91.9296,0.6909,-0.0762,-0.0466,0.7174,60.1855,2.3595,-0.6966,-0.0008,-0.0020,0.0139,0.2265,-9.9018,37.783861,-122.401985,2001.96,60.19
38.5800,997.4337,1534.7242,2001.9638,60.1326,-0.7327,2.4779,-9.9292,2.5782,91.8972,0.6911,-0.0763,-0.0466,0.7172,60.1868,2.3596,-0.6971,-0.0008,-0.0020,0.0139,0.2264,-9.9023,37.783860,-122.401972,2001.96,60.19
38.6000,997.4001,1535.9275,2001.9666,60.1338,-0.7332,2.4780,-9.9373,2.5777,91.8647,0.6913,-0.0763,-0.0466,0.7170,60.1880,2.3596,-0.6975,-0.0008,-0.0019,0.0139,0.2263,-9.9029,37.783860,-122.401958,2001.96,60.19
38.6200,997.3671,1537.1308,2001.9694,60.1351,-0.7337,2.4781,-9.9453,2.5771,91.8323,0.6915,-0.0764,-0.0467,0.7168,60.1893,2.3597,-0.6980,-0.0008,-0.0019,0.0139,0.2262,-9.9034,37.783860,-122.401944,2001.97,60.19
38.6400,997.3349,1538.3342,2001.9722,60.1363,-0.7341,2.4782,-9.9531,2.5765,91.7998,0.6917,-0.0764,-0.0467,0.7166,60.1906,2.3598,-0.6984,-0.0008,-0.0018,0.0139,0.2262,-9.9040,37.783860,-122.401931,2001.97,60.19
38.6600,997.3033,1539.5377,2001.9749,60.1376,-0.7346,2.4784,-9.9608,2.5760,91.7672,0.6919,-0.0765,-0.0467,0.7164,60.1919,2.3599,-0.6988,-0.0008,-0.0018,0.0139,0.2261,-9.9045,37.783859,-122.401917,2001.97,60.19
38.6800,997.2724,1540.7411,2001.9777,60.1388,-0.7350,2.4785,-9.9684,2.5754,91.7347,0.6921,-0.0766,-0.0468,0.7162,60.1931,2.3599,-0.6992,-0.0008,-0.0017,0.0139,0.2260,-9.9050,37.783859,-122.401903,2001.97,60.19
38.7000,997.2422,1541.9446,2001.9804,60.1401,-0.7355,2.4786,-9.9758,2.5749,91.7021,0.6923,-0.0766,-0.0468,0.7160,60.1944,2.3600,-0.6997,-0.0008,-0.0017,0.0139,0.2259,-9.9055,37.783859,-122.401889,2001.98,60.19
38.7200,997.2127,1543.1482,2001.9831,60.1413,-0.7359,2.4787,-9.9831,2.5743,91.6695,0.6925,-0.0767,-0.0468,0.7158,60.1956,2.3601,-0.7001,-0.0008,-0.0017,0.0139,0.2258,-9.9061,37.783858,-122.401876,2001.98,60.20
38.7400,997.1839,1544.3518,2001.9858,60.1426,-0.7363,2.4789,-9.9903,2.5737,91.6368,0.6927,-0.0767,-0.0468,0.7156,60.1969,2.3601,-0.7005,-0.0008,-0.0016,0.0140,0.2257,-9.9066,37.783858,-122.401862,2001.98,60.20
38.7600,997.1557,1545.5555,2001.9885,60.1438,-0.7367,2.4790,-9.9973,2.5732,91.6042,0.6929,-0.0768,-0.0469,0.7154,60.1981,2.3602,-0.7008,-0.0008,-0.0016,0.0140,0.2257,-9.9071,37.783858,-122.401848,2001.99,60.20
38.7800,997.1282,1546.7591,2001.9911,60.1450,-0.7371,2.4791,-10.0042,2.5726,91.5715,0.6931,-0.0768,-0.0469,0.7152,60.1994,2.3602,-0.7012,-0.0008,-0.0015,0.0140,0.2256,-9.9076,37.783858,-122.401835,2001.99,60.20
38.8000,997.1015,1547.9629,2001.9938,60.1462,-0.7375,2.4792,-10.0110,2.5721,91.5388,0.6933,-0.0769,-0.0469,0.7150,60.2006,2.3603,-0.7016,-0.0008,-0.0015,0.0140,0.2255,-9.9081,37.783857,-122.401821,2001.99,60.20
38.8200,997.0754,1549.1666,2001.9964,60.1475,-0.7379,2.4793,-10.0176,2.5715,91.5060,0.6935,-0.0769,-0.0469,0.7148,60.2018,2.3604,-0.7019,-0.0008,-0.0014,0.0140,0.2254,-9.9086,37.783857,-122.401807,2001.99,60.20
38.8400,997.0500,1550.3704,2001.9990,60.1487,-0.7383,2.4794,-10.0241,2.5710,91.4732,0.6937,-0.0770,-0.0470,0.7146,60.2031,2.3604,-0.7023,-0.0008,-0.0014,0.0140,0.2253,-9.9091,37.783857,-122.401794,2002.00,60.20
38.8600,997.0253,1551.5743,2002.0017,60.1499,-0.7386,2.4795,-10.0304,2.5704,91.4404,0.6939,-0.0770,-0.0470,0.7144,60.2043,2.3605,-0.7026,-0.0008,-0.0014,0.0140,0.2253,-9.9096,37.783857,-122.401780,2002.00,60.20
38.8800,997.0013,1552.7781,2002.0042,60.1511,-0.7390,2.4796,-10.0367,2.5699,91.4076,0.6941,-0.0771,-0.0470,0.7142,60.2055,2.3605,-0.7029,-0.0008,-0.0013,0.0140,0.2252,-9.9101,37.783856,-122.401766,2002.00,60.21
38.9000,996.9779,1553.9821,2002.0068,60.1523,-0.7393,2.4797,-10.0427,2.5693,91.3748,0.6943,-0.0771,-0.0470,0.7140,60.2067,2.3606,-0.7032,-0.0008,-0.0013,0.0140,0.2251,-9.9105,37.783856,-122.401753,2002.00,60.21
38.9200,996.9553,1555.1860,2002.0094,60.1535,-0.7396,2.4798,-10.0487,2.5688,91.3419,0.6945,-0.0772,-0.0470,0.7138,60.2079,2.3606,-0.7036,-0.0008,-0.0012,0.0140,0.2250,-9.9110,37.783856,-122.401739,2002.01,60.21
38.9400,996.9334,1556.3900,2002.0119,60.1547,-0.7399,2.4799,-10.0545,2.5682,91.3090,0.6947,-0.0772,-0.0470,0.7136,60.2091,2.3607,-0.7039,-0.0008,-0.0012,0.0141,0.2249,-9.9115,37.783856,-122.401725,2002.01,60.21
38.9600,996.9121,1557.5940,2002.0145,60.1559,-0.7403,2.4800,-10.0602,2.5677,91.2761,0.6949,-0.0772,-0.0471,0.7134,60.2103,2.3607,-0.7041,-0.0008,-0.0011,0.0141,0.2248,-9.9120,37.783856,-122.401712,2002.01,60.21
38.9800,996.8916,1558.7981,2002.0170,60.1570,-0.7406,2.4801,-10.0657,2.5672,91.2432,0.6951,-0.0773,-0.0471,0.7132,60.2115,2.3608,-0.7044,-0.0008,-0.0011,0.0141,0.2248,-9.9124,37.783855,-122.401698,2002.01,60.21
39.0000,996.8717,1560.0022,2002.0195,60.1582,-0.7408,2.4802,-10.0711,2.5666,91.2102,0.6953,-0.0773,-0.0471,0.7130,60.2127,2.3608,-0.7047,-0.0008,-0.0011,0.0141,0.2247,-9.9129,37.783855,-122.401684,2002.02,60.21
39.0200,996.8525,1561.2063,2002.0220,60.1594,-0.7411,2.4803,-10.0764,2.5661,91.1773,0.6955,-0.0774,-0.0471,0.7128,60.2139,2.3608,-0.7050,-0.0008,-0.0010,0.0141,0.2246,-9.9133,37.783855,-122.401671,2002.02,60.21
39.0400,996.8340,1562.4105,2002.0245,60.1606,-0.7414,2.4804,-10.0815,2.5655,91.1443,0.6957,-0.0774,-0.0471,0.7126,60.2151,2.3609,-0.7052,-0.0008,-0.0010,0.0141,0.2245,-9.9138,37.783855,-122.401657,2002.02,60.21
39.0600,996.8162,1563.6147,2002.0269,60.1617,-0.7417,2.4804,-10.0866,2.5650,91.1112,0.6959,-0.0775,-0.0471,0.7124,60.2162,2.3609,-0.7055,-0.0008,-0.0009,0.0141,0.2244,-9.9142,37.783855,-122.401643,2002.02,60.22
39.0800,996.7991,1564.8189,2002.0294,60.1629,-0.7419,2.4805,-10.0914,2.5645,91.0782,0.6961,-0.0775,-0.0471,0.7122,60.2174,2.3609,-0.7057,-0.0008,-0.0009,0.0141,0.2244,-9.9147,37.783855,-122.401630,2002.03,60.22
39.1000,996.7827,1566.0232,2002.0318,60.1640,-0.7422,2.4806,-10.0962,2.5639,91.0451,0.6963,-0.0775,-0.0472,0.7120,60.2186,2.3610,-0.7059,-0.0008,-0.0009,0.0141,0.2243,-9.9151,37.783854,-122.401616,2002.03,60.22
39.1200,996.7670,1567.2275,2002.0342,60.1652,-0.7424,2.4807,-10.1008,2.5634,91.0121,0.6965,-0.0776,-0.0472,0.7118,60.2197,2.3610,-0.7061,-0.0008,-0.0008,0.0141,0.2242,-9.9155,37.783854,-122.401602,2002.03,60.22
39.1400,996.7520,1568.4318,2002.0367,60.1663,-0.7426,2.4808,-10.1053,2.5629,90.9790,0.6967,-0.0776,-0.0472,0.7116,60.2209,2.3610,-0.7063,-0.0008,-0.0008,0.0141,0.2241,-9.9159,37.783854,-122.401588,2002.03,60.22
39.1600,996.7377,1569.6362,2002.0391,60.1675,-0.7428,2.4808,-10.1096,2.5623,90.9459,0.6969,-0.0776,-0.0472,0.7114,60.2220,2.3611,-0.7065,-0.0008,-0.0007,0.0141,0.2240,-9.9164,37.783854,-122.401575,2002.04,60.22
39.1800,996.7241,1570.8406,2002.0415,60.1686,-0.7430,2.4809,-10.1138,2.5618,90.9127,0.6971,-0.0777,-0.0472,0.7111,60.2232,2.3611,-0.7067,-0.0008,-0.0007,0.0141,0.2240,-9.9168,37.783854,-122.401561,2002.04,60.22
39.2000,996.7112,1572.0450,2002.0438,60.1698,-0.7432,2.4810,-10.1179,2.5613,90.8796,0.6973,-0.0777,-0.0472,0.7109,60.2243,2.3611,-0.7069,-0.0008,-0.0006,0.0142,0.2239,-9.9172,37.783854,-122.401547,2002.04,60.22
39.2200,996.6989,1573.2495,2002.0462,60.1709,-0.7434,2.4810,-10.1218,2.5607,90.8464,0.6975,-0.0778,-0.0472,0.7107,60.2255,2.3611,-0.7071,-0.0008,-0.0006,0.0142,0.2238,-9.9176,37.783854,-122.401534,2002.04,60.23
39.2400,996.6874,1574.4540,2002.0485,60.1720,-0.7436,2.4811,-10.1256,2.5602,90.8132,0.6978,-0.0778,-0.0472,0.7105,60.2266,2.3611,-0.7073,-0.0008,-0.0006,0.0142,0.2237,-9.9180,37.783853,-122.401520,2002.05,60.23
39.2600,996.6766,1575.6585,2002.0509,60.1731,-0.7438,2.4812,-10.1293,2.5597,90.7800,0.6980,-0.0778,-0.0472,0.7103,60.2277,2.3612,-0.7074,-0.0008,-0.0005,0.0142,0.2236,-9.9184,37.783853,-122.401506,2002.05,60.23
39.2800,996.6665,1576.8630,2002.0532,60.1743,-0.7439,2.4812,-10.1329,2.5591,90.7468,0.6982,-0.0779,-0.0472,0.7101,60.2289,2.3612,-0.7075,-0.0008,-0.0005,0.0142,0.2236,-9.9188,37.783853,-122.401493,2002.05,60.23
39.3000,996.6570,1578.0676,2002.0555,60.1754,-0.7441,2.4813,-10.1363,2.5586,90.7136,0.6984,-0.0779,-0.0472,0.7099,60.2300,2.3612,-0.7077,-0.0008,-0.0004,0.0142,0.2235,-9.9192,37.783853,-122.401479,2002.05,60.23
39.3200,996.6483,1579.2722,2002.0578,60.1765,-0.7442,2.4813,-10.1396,2.5581,90.6804,0.6986,-0.0779,-0.0472,0.7097,60.2311,2.3612,-0.7078,-0.0008,-0.0004,0.0142,0.2234,-9.9195,37.783853,-122.401465,2002.06,60.23
39.3400,996.6402,1580.4768,2002.0601,60.1776,-0.7443,2.4814,-10.1427,2.5576,90.6471,0.6988,-0.0779,-0.0472,0.7095,60.2322,2.3612,-0.7079,-0.0008,-0.0003,0.0142,0.2233,-9.9199,37.783853,-122.401452,2002.06,60.23
39.3600,996.6329,1581.6815,2002.0624,60.1787,-0.7444,2.4814,-10.1457,2.5570,90.6139,0.6990,-0.0780,-0.0472,0.7093,60.2333,2.3612,-0.7080,-0.0008,-0.0003,0.0142,0.2233,-9.9203,37.783853,-122.401438,2002.06,60.23
39.3800,996.6263,1582.8862,2002.0647,60.1798,-0.7446,2.4815,-10.1486,2.5565,90.5806,0.6992,-0.0780,-0.0472,0.7091,60.2344,2.3612,-0.7081,-0.0008,-0.0003,0.0142,0.2232,-9.9207,37.783853,-122.401424,2002.06,60.23
39.4000,996.6203,1584.0909,2002.0669,60.1809,-0.7447,2.4815,-10.1514,2.5560,90.5473,0.6994,-0.0780,-0.0472,0.7089,60.2355,2.3612,-0.7082,-0.0008,-0.0002,0.0142,0.2231,-9.9210,37.783853,-122.401411,2002.06,60.24
39.4200,996.6151,1585.2956,2002.0692,60.1819,-0.7447,2.4816,-10.1540,2.5555,90.5140,0.6996,-0.0781,-0.0472,0.7087,60.2366,2.3612,-0.7083,-0.0008,-0.0002,0.0142,0.2230,-9.9214,37.783853,-122.401397,2002.07,60.24
39.4400,996.6105,1586.5004,2002.0714,60.1830,-0.7448,2.4816,-10.1565,2.5549,90.4807,0.6998,-0.0781,-0.0472,0.7085,60.2377,2.3612,-0.7084,-0.0008,-0.0001,0.0142,0.2229,-9.9217,37.783853,-122.401383,2002.07,60.24
39.4600,996.6067,1587.7051,2002.0736,60.1841,-0.7449,2.4816,-10.1589,2.5544,90.4473,0.7000,-0.0781,-0.0472,0.7083,60.2388,2.3612,-0.7085,-0.0008,-0.0001,0.0142,0.2229,-9.9221,37.783853,-122.401369,2002.07,60.24
39.4800,996.6035,1588.9099,2002.0758,60.1852,-0.7450,2.4817,-10.1611,2.5539,90.4140,0.7002,-0.0781,-0.0472,0.7081,60.2398,2.3612,-0.7085,-0.0008,-0.0001,0.0142,0.2228,-9.9224,37.783853,-122.401356,2002.07,60.24
39.5000,996.6011,1590.1148,2002.0780,60.1862,-0.7450,2.4817,-10.1632,2.5534,90.3806,0.7004,-0.0782,-0.0472,0.7079,60.2409,2.3612,-0.7086,-0.0008,-0.0000,0.0142,0.2227,-9.9228,37.783853,-122.401342,2002.08,60.24
39.5200,996.5993,1591.3196,2002.0802,60.1873,-0.7451,2.4817,-10.1652,2.5529,90.3473,0.7006,-0.0782,-0.0472,0.7077,60.2420,2.3612,-0.7086,-0.0008,0.0000,0.0142,0.2226,-9.9231,37.783853,-122.401328,2002.08,60.24
39.5400,996.5983,1592.5245,2002.0824,60.1883,-0.7451,2.4818,-10.1670,2.5523,90.3139,0.7008,-0.0782,-0.0472,0.7075,60.2430,2.3612,-0.7086,-0.0008,0.0001,0.0142,0.2226,-9.9234,37.783853,-122.401315,2002.08,60.24
39.5600,996.5979,1593.7294,2002.0845,60.1894,-0.7451,2.4818,-10.1687,2.5518,90.2805,0.7010,-0.0782,-0.0472,0.7073,60.2441,2.3612,-0.7087,-0.0008,0.0001,0.0142,0.2225,-9.9237,37.783853,-122.401301,2002.08,60.24
39.5800,996.5983,1594.9343,2002.0867,60.1904,-0.7451,2.4818,-10.1703,2.5513,90.2472,0.7012,-0.0782,-0.0471,0.7071,60.2452,2.3612,-0.7087,-0.0008,0.0001,0.0142,0.2224,-9.9241,37.783853,-122.401287,2002.08,60.25
39.6000,996.5994,1596.1392,2002.0888,60.1915,-0.7452,2.4818,-10.1717,2.5508,90.2138,0.7014,-0.0783,-0.0471,0.7069,60.2462,2.3611,-0.7087,-0.0008,0.0002,0.0142,0.2223,-9.9244,37.783853,-122.401274,2002.09,60.25
39.6200,996.6011,1597.3442,2002.0910,60.1925,-0.7451,2.4819,-10.1731,2.5503,90.1804,0.7016,-0.0783,-0.0471,0.7066,60.2472,2.3611,-0.7087,-0.0008,0.0002,0.0143,0.2222,-9.9247,37.783853,-122.401260,2002.09,60.25
39.6400,996.6036,1598.5491,2002.0931,60.1936,-0.7451,2.4819,-10.1743,2.5497,90.1470,0.7018,-0.0783,-0.0471,0.7064,60.2483,2.3611,-0.7087,-0.0008,0.0003,0.0143,0.2222,-9.9250,37.783853,-122.401246,2002.09,60.25
39.6600,996.6067,1599.7541,2002.0952,60.1946,-0.7451,2.4819,-10.1753,2.5492,90.1135,0.7021,-0.0783,-0.0471,0.7062,60.2493,2.3611,-0.7086,-0.0008,0.0003,0.0143,0.2221,-9.9253,37.783853,-122.401233,2002.09,60.25
39.6800,996.6106,1600.9591,2002.0973,60.1956,-0.7451,2.4819,-10.1763,2.5487,90.0801,0.7023,-0.0783,-0.0471,0.7060,60.2504,2.3610,-0.7086,-0.0008,0.0003,0.0143,0.2220,-9.9256,37.783853,-122.401219,2002.10,60.25
39.7000,996.6152,1602.1642,2002.0994,60.1966,-0.7451,2.4819,-10.1771,2.5482,90.0467,0.7025,-0.0783,-0.0471,0.7058,60.2514,2.3610,-0.7086,-0.0008,0.0004,0.0143,0.2219,-9.9259,37.783853,-122.401205,2002.10,60.25
39.7200,996.6204,1603.3692,2002.1015,60.1977,-0.7450,2.4819,-10.1778,2.5477,90.0133,0.7027,-0.0784,-0.0471,0.7056,60.2524,2.3610,-0.7085,-0.0008,0.0004,0.0143,0.2219,-9.9261,37.783853,-122.401191,2002.10,60.25
39.7400,996.6264,1604.5743,2002.1036,60.1987,-0.7449,2.4819,-10.1783,2.5472,89.9798,0.7029,-0.0784,-0.0470,0.7054,60.2534,2.3610,-0.7085,-0.0008,0.0005,0.0143,0.2218,-9.9264,37.783853,-122.401178,2002.10,60.25
39.7600,996.6331,1605.7793,2002.1056,60.1997,-0.7449,2.4819,-10.1787,2.5467,89.9464,0.7031,-0.0784,-0.0470,0.7052,60.2544,2.3609,-0.7084,-0.0008,0.0005,0.0143,0.2217,-9.9267,37.783853,-122.401164,2002.10,60.25
39.7800,996.6404,1606.9844,2002.1077,60.2007,-0.7448,2.4819,-10.1790,2.5461,89.9129,0.7033,-0.0784,-0.0470,0.7050,60.2554,2.3609,-0.7083,-0.0008,0.0005,0.0143,0.2216,-9.9270,37.783853,-122.401150,2002.11,60.26
39.8000,996.6485,1608.1895,2002.1097,60.2017,-0.7447,2.4819,-10.1792,2.5456,89.8795,0.7035,-0.0784,-0.0470,0.7048,60.2564,2.3608,-0.7082,-0.0008,0.0006,0.0143,0.2216,-9.9272,37.783853,-122.401137,2002.11,60.26
39.8200,996.6573,1609.3947,2002.1117,60.2027,-0.7446,2.4819,-10.1792,2.5451,89.8460,0.7037,-0.0784,-0.0470,0.7046,60.2574,2.3608,-0.7081,-0.0008,0.0006,0.0143,0.2215,-9.9275,37.783853,-122.401123,2002.11,60.26
39.8400,996.6667,1610.5998,2002.1138,60.2037,-0.7445,2.4819,-10.1791,2.5446,89.8126,0.7039,-0.0784,-0.0469,0.7044,60.2584,2.3608,-0.7080,-0.0008,0.0007,0.0143,0.2214,-9.9277,37.783853,-122.401109,2002.11,60.26
39.8600,996.6769,1611.8050,2002.1158,60.2047,-0.7444,2.4819,-10.1789,2.5441,89.7791,0.7041,-0.0784,-0.0469,0.7042,60.2594,2.3607,-0.7079,-0.0008,0.0007,0.0143,0.2213,-9.9280,37.783853,-122.401096,2002.11,60.26
39.8800,996.6878,1613.0101,2002.1178,60.2056,-0.7443,2.4819,-10.1786,2.5436,89.7457,0.7043,-0.0784,-0.0469,0.7040,60.2604,2.3607,-0.7078,-0.0008,0.0007,0.0143,0.2213,-9.9282,37.783853,-122.401082,2002.12,60.26
39.9000,996.6994,1614.2153,2002.1198,60.2066,-0.7442,2.4819,-10.1781,2.5431,89.7122,0.7045,-0.0785,-0.0469,0.7038,60.2614,2.3606,-0.7077,-0.0008,0.0008,0.0143,0.2212,-9.9285,37.783853,-122.401068,2002.12,60.26
39.9200,996.7117,1615.4205,2002.1218,60.2076,-0.7440,2.4819,-10.1775,2.5426,89.6787,0.7047,-0.0785,-0.0469,0.7036,60.2623,2.3606,-0.7076,-0.0008,0.0008,0.0143,0.2211,-9.9287,37.783854,-122.401054,2002.12,60.26
39.9400,996.7246,1616.6257,2002.1237,60.2086,-0.7439,2.4819,-10.1768,2.5420,89.6453,0.7049,-0.0785,-0.0468,0.7034,60.2633,2.3605,-0.7074,-0.0008,0.0009,0.0143,0.2210,-9.9289,37.783854,-122.401041,2002.12,60.26
39.9600,996.7383,1617.8309,2002.1257,60.2095,-0.7437,2.4819,-10.1759,2.5415,89.6118,0.7051,-0.0785,-0.0468,0.7032,60.2643,2.3605,-0.7073,-0.0008,0.0009,0.0143,0.2210,-9.9292,37.783854,-122.401027,2002.12,60.26
39.9800,996.7527,1619.0361,2002.1277,60.2105,-0.7436,2.4818,-10.1750,2.5410,89.5784,0.7053,-0.0785,-0.0468,0.7029,60.2652,2.3604,-0.7071,-0.0008,0.0009,0.0143,0.2209,-9.9294,37.783854,-122.401013,2002.13,60.27
